2026-02-19 23:00:47 |  WARNING | MarketingAdvantageAI | [AgenticValidation] Quality warnings for 8737688e-f9a4-4241-b257-e6b60bd489a4: below_minimum_quality
2026-02-19 23:00:47 |  WARNING | MarketingAdvantageAI | [AgenticValidation] Quality warnings for 518d511e-9c1e-47e1-a9a5-7c20e82669d5: below_minimum_quality
2026-02-19 23:00:47 |  WARNING | MarketingAdvantageAI | [AgenticValidation] Quality warnings for de69c3be-3b3c-4992-8f1c-0bd2fddaba7c: below_minimum_quality
2026-02-19 23:00:47 |  WARNING | MarketingAdvantageAI | [AgenticValidation] Quality warnings for 699315d8-c569-439e-b672-73a23a1c077f: below_minimum_quality
2026-02-19 23:00:47 |  WARNING | MarketingAdvantageAI | [AgenticValidation] Quality warnings for 00e8d01f-b223-4511-83d3-c7032ad41ef6: below_minimum_quality
2026-02-19 23:00:47 |  WARNING | MarketingAdvantageAI | [AgenticValidation] Quality warnings for 28bf76a7-f7d0-4917-99dd-2fd85a8a3f2f: below_minimum_quality
2026-02-19 23:00:47 |  WARNING | MarketingAdvantageAI | [AgenticValidation] Quality warnings for 075f571c-4cd3-4a6f-9bef-2f9c51e329e9: below_minimum_quality
2026-02-19 23:00:47 |  WARNING | MarketingAdvantageAI | [AgenticValidation] Quality warnings for b8126d8e-a2ab-409c-b514-c79ca55e5f67: below_minimum_quality
2026-02-19 23:00:47 |  WARNING | MarketingAdvantageAI | [AgenticValidation] Quality warnings for b4cc3db8-be4d-41a2-aed2-8acf764e3895: below_minimum_quality
2026-02-19 23:00:47 |  WARNING | MarketingAdvantageAI | [AgenticValidation] Quality warnings for 2ad0e8df-3fbf-422b-ac7c-3aa9bf7e76cb: below_minimum_quality
2026-02-19 23:00:47 |  WARNING | MarketingAdvantageAI | [AgenticValidation] Quality warnings for d82bae3f-07ee-4d8f-b7d4-a27fa992145a: below_minimum_quality
2026-02-19 23:00:47 |  WARNING | MarketingAdvantageAI | [AgenticValidation] Quality warnings for 17447cc3-0c47-48b4-b9a0-8ea0e8cfed5e: below_minimum_quality
2026-02-19 23:00:47 |  WARNING | MarketingAdvantageAI | [AgenticValidation] Quality warnings for 3cee15d0-2941-48aa-8b5a-1a65f932cae0: below_minimum_quality
2026-02-19 23:00:47 |  WARNING | MarketingAdvantageAI | [AgenticValidation] Quality warnings for 525a2dc2-cde6-443a-8fd7-be772b90d073: below_minimum_quality
2026-02-19 23:00:47 |  WARNING | MarketingAdvantageAI | [AgenticValidation] Quality warnings for 6ca4fb63-3b53-4ca0-8eb1-d1fbf57ad6be: below_minimum_quality
2026-02-19 23:00:47 |  WARNING | MarketingAdvantageAI | [AgenticValidation] Quality warnings for 15ea90b3-d909-47b4-82c4-23240e56af92: below_minimum_quality
2026-02-19 23:00:47 |  WARNING | MarketingAdvantageAI | [AgenticValidation] Quality warnings for 6884c871-c5ec-459d-a0d1-e837069ce119: below_minimum_quality
2026-02-19 23:00:47 |  WARNING | MarketingAdvantageAI | [AgenticValidation] Quality warnings for 13d25ab3-7de0-4ed6-986f-9cb47694f37c: below_minimum_quality
2026-02-19 23:00:47 |  WARNING | MarketingAdvantageAI | [AgenticValidation] Quality warnings for 88ee5761-cd43-4f6f-88dc-15fff934641b: below_minimum_quality
2026-02-19 23:00:47 |  WARNING | MarketingAdvantageAI | [AgenticValidation] Quality warnings for 0714b139-2895-4f61-a1fa-583af4612590: below_minimum_quality
2026-02-19 23:00:47 |  WARNING | MarketingAdvantageAI | [AgenticValidation] Quality warnings for f451ca93-2ad9-4765-844a-0dc60320acab: below_minimum_quality
2026-02-19 23:00:47 |  WARNING | MarketingAdvantageAI | [AgenticValidation] Quality warnings for 8bfcdb2a-bf7b-463c-a916-84b5acf4aedc: below_minimum_quality
2026-02-19 23:00:47 |  WARNING | MarketingAdvantageAI | [AgenticValidation] Quality warnings for 0968f227-8a6a-41e3-ac83-124770efdf1e: below_minimum_quality
2026-02-19 23:00:47 |  WARNING | MarketingAdvantageAI | [AgenticValidation] Quality warnings for ba96ebab-a4d1-4bf9-bec0-8577c436fda5: below_minimum_quality
2026-02-19 23:00:47 |  WARNING | MarketingAdvantageAI | [AgenticValidation] Quality warnings for 489fb8e5-f1de-4d63-82a4-6e48dfe7e55d: below_minimum_quality
2026-02-19 23:00:47 |  WARNING | MarketingAdvantageAI | [AgenticValidation] Quality warnings for 4ad1443f-9f2e-4bce-ab84-b0739c385d89: below_minimum_quality
2026-02-19 23:00:47 |  WARNING | MarketingAdvantageAI | [AgenticValidation] Quality warnings for 89b6612d-3b3a-4353-a9d0-0a468b1a0555: below_minimum_quality
2026-02-19 23:00:47 |  WARNING | MarketingAdvantageAI | [AgenticValidation] Quality warnings for 45d4823d-0c36-4c63-81bb-764bac8c6d3a: below_minimum_quality
2026-02-19 23:00:47 |  WARNING | MarketingAdvantageAI | [AgenticValidation] Quality warnings for 6db196be-8ef7-428a-8b11-fb4c1fb9f37b: below_minimum_quality
2026-02-19 23:00:47 |  WARNING | MarketingAdvantageAI | [AgenticValidation] Quality warnings for a5c3c5c2-f41c-4310-bac2-0f0d2eb4d979: below_minimum_quality
2026-02-19 23:00:47 |  WARNING | MarketingAdvantageAI | [AgenticValidation] Quality warnings for 67b7dde9-37d9-4f51-a389-9de4dcbd96cf: below_minimum_quality
2026-02-19 23:00:47 |  WARNING | MarketingAdvantageAI | [AgenticValidation] Quality warnings for 0a9e93e0-d5c5-4096-bd55-5f5465cde579: below_minimum_quality
2026-02-19 23:00:47 |  WARNING | MarketingAdvantageAI | [AgenticValidation] Quality warnings for 53b2f05e-738e-43a0-b0bc-c0257d35d749: below_minimum_quality
2026-02-19 23:00:47 |  WARNING | MarketingAdvantageAI | [AgenticValidation] Quality warnings for 50174d48-bf03-42a7-83c9-b5a52c5de839: below_minimum_quality
2026-02-19 23:00:47 |  WARNING | MarketingAdvantageAI | [AgenticValidation] Quality warnings for 977d150e-a2b7-4043-a88a-c785c51e028f: below_minimum_quality
2026-02-19 23:00:47 |  WARNING | MarketingAdvantageAI | [AgenticValidation] Quality warnings for 8a1a2212-50ac-4209-a189-c050b730e8c9: below_minimum_quality
2026-02-19 23:00:47 |  WARNING | MarketingAdvantageAI | [AgenticValidation] Quality warnings for 1ed6bd4b-e2a1-4ee9-8304-849202d38e46: below_minimum_quality
2026-02-19 23:00:47 |  WARNING | MarketingAdvantageAI | [AgenticValidation] Quality warnings for 0eb827eb-adf7-4ca0-aee2-e8e2e79b71c2: below_minimum_quality
2026-02-19 23:00:47 |  WARNING | MarketingAdvantageAI | [AgenticValidation] Quality warnings for 2ed70f44-56c3-430b-8afe-2b684b33deff: below_minimum_quality
2026-02-19 23:00:47 |  WARNING | MarketingAdvantageAI | [AgenticValidation] Quality warnings for 6a931983-58ea-4f46-a5fa-d3a6e99525c4: below_minimum_quality
2026-02-19 23:00:47 |  WARNING | MarketingAdvantageAI | [AgenticValidation] Quality warnings for 0e67546e-e037-47f2-a5ae-bcb56c43757a: below_minimum_quality
2026-02-19 23:00:47 |  WARNING | MarketingAdvantageAI | [AgenticValidation] Quality warnings for 9ab84150-3160-4d5d-ae8d-f03d0aff4b5b: below_minimum_quality
2026-02-19 23:00:47 |  WARNING | MarketingAdvantageAI | [AgenticValidation] Quality warnings for c628b3cf-3137-45b7-920c-c1887f469aa4: below_minimum_quality
2026-02-19 23:00:47 |  WARNING | MarketingAdvantageAI | [AgenticValidation] Quality warnings for 169d15b1-94ba-4423-a82e-f239dcc94a79: below_minimum_quality
2026-02-19 23:00:47 |  WARNING | MarketingAdvantageAI | [AgenticValidation] Quality warnings for 72913958-75cf-41f0-905c-2449adfd9501: below_minimum_quality
2026-02-19 23:00:47 |  WARNING | MarketingAdvantageAI | [AgenticValidation] Quality warnings for 06387023-3f62-4303-85a4-7f39bf93c296: below_minimum_quality
2026-02-19 23:00:47 |     INFO | MarketingAdvantageAI | [AgenticValidation] ✅ Complete: 50 succeeded, 0 failed in 118.43ms
2026-02-19 23:00:47 |     INFO | MarketingAdvantageAI | [agentic_validation] ✅ Run complete | processed=50 | duration=120ms
2026-02-19 23:01:47 |     INFO | MarketingAdvantageAI | [AgenticValidation] Processing 50 chunks...
2026-02-19 23:01:47 |  WARNING | MarketingAdvantageAI | [AgenticValidation] Quality warnings for d3925501-c19b-4564-8154-bb06cb57d571: below_minimum_quality
2026-02-19 23:01:47 |  WARNING | MarketingAdvantageAI | [AgenticValidation] Quality warnings for 405f797b-4099-43e5-a38c-86f3d8168255: below_minimum_quality
2026-02-19 23:01:47 |  WARNING | MarketingAdvantageAI | [AgenticValidation] Quality warnings for 5bfca7d9-909f-4cba-817d-b711a35884dc: below_minimum_quality
2026-02-19 23:01:47 |  WARNING | MarketingAdvantageAI | [AgenticValidation] Quality warnings for 00b4c1f1-8443-41ae-a438-e3369ebb4559: below_minimum_quality
2026-02-19 23:01:47 |  WARNING | MarketingAdvantageAI | [AgenticValidation] Quality warnings for 4a1c0e4c-ba58-4ffa-9fdc-26f1ae7abaf2: below_minimum_quality
2026-02-19 23:01:47 |  WARNING | MarketingAdvantageAI | [AgenticValidation] Quality warnings for 22774d57-e2eb-4a13-9275-a0f727f343c5: below_minimum_quality
2026-02-19 23:01:47 |  WARNING | MarketingAdvantageAI | [AgenticValidation] Quality warnings for 7dbd7934-1cb6-486f-b020-e47c45b646b7: below_minimum_quality
2026-02-19 23:01:47 |  WARNING | MarketingAdvantageAI | [AgenticValidation] Quality warnings for 89d7aa91-65f8-4b25-ab79-a28755d3502f: below_minimum_quality
2026-02-19 23:01:47 |  WARNING | MarketingAdvantageAI | [AgenticValidation] Quality warnings for 569ee010-4317-45d6-91aa-f2c0f277b00f: below_minimum_quality
2026-02-19 23:01:47 |  WARNING | MarketingAdvantageAI | [AgenticValidation] Quality warnings for 8eddce8f-177b-4f22-bbb7-eace5c4100ab: below_minimum_quality
2026-02-19 23:01:47 |  WARNING | MarketingAdvantageAI | [AgenticValidation] Quality warnings for 059697ba-7b25-451c-8718-c37120f68fb4: below_minimum_quality
2026-02-19 23:01:47 |  WARNING | MarketingAdvantageAI | [AgenticValidation] Quality warnings for 88e4aeab-5f29-440b-ac9f-38676956168c: below_minimum_quality
2026-02-19 23:01:47 |  WARNING | MarketingAdvantageAI | [AgenticValidation] Quality warnings for 9381d693-831c-4022-92e4-06729eabee3f: below_minimum_quality
2026-02-19 23:01:47 |  WARNING | MarketingAdvantageAI | [AgenticValidation] Quality warnings for eafc47cf-4719-46fa-879f-cb6bb76fda17: below_minimum_quality
2026-02-19 23:01:47 |  WARNING | MarketingAdvantageAI | [AgenticValidation] Quality warnings for a3104ada-23ce-4f48-a362-50680c76c4cf: below_minimum_quality
2026-02-19 23:01:47 |  WARNING | MarketingAdvantageAI | [AgenticValidation] Quality warnings for c9822786-e348-4d25-9e17-fc2709e6b3ca: below_minimum_quality
2026-02-19 23:01:47 |  WARNING | MarketingAdvantageAI | [AgenticValidation] Quality warnings for 87ae5a8d-0403-47f5-9fac-d9b79dca7a57: below_minimum_quality
2026-02-19 23:01:47 |  WARNING | MarketingAdvantageAI | [AgenticValidation] Quality warnings for c5a90f9b-ee7f-4c68-a550-077fbce711ee: below_minimum_quality
2026-02-19 23:01:47 |  WARNING | MarketingAdvantageAI | [AgenticValidation] Quality warnings for 8d13c4e0-0ab6-45e8-b7db-2e52b044ca2c: below_minimum_quality
2026-02-19 23:01:47 |  WARNING | MarketingAdvantageAI | [AgenticValidation] Quality warnings for 1f08a956-714b-471e-8167-b2036c4f5bc6: below_minimum_quality
2026-02-19 23:01:47 |  WARNING | MarketingAdvantageAI | [AgenticValidation] Quality warnings for 5e864d57-fa17-40a7-bbc7-b1e388da5e96: below_minimum_quality
2026-02-19 23:01:47 |  WARNING | MarketingAdvantageAI | [AgenticValidation] Quality warnings for 9629c45e-9d94-4c05-85ed-2cc8d9f9333f: below_minimum_quality
2026-02-19 23:01:47 |  WARNING | MarketingAdvantageAI | [AgenticValidation] Quality warnings for 5f9bf3bc-5004-4b11-90e3-8c06c99327b7: below_minimum_quality
2026-02-19 23:01:47 |  WARNING | MarketingAdvantageAI | [AgenticValidation] Quality warnings for c71c19fc-d833-4054-bdc3-1de7fe6ad20c: below_minimum_quality
2026-02-19 23:01:47 |  WARNING | MarketingAdvantageAI | [AgenticValidation] Quality warnings for 7b7bc320-34e1-4bed-a5fb-d556372d6030: below_minimum_quality
2026-02-19 23:01:47 |  WARNING | MarketingAdvantageAI | [AgenticValidation] Quality warnings for 08301d34-d5c2-40fe-8b4c-f983dbb43a60: below_minimum_quality
2026-02-19 23:01:47 |  WARNING | MarketingAdvantageAI | [AgenticValidation] Quality warnings for 1a9cb4d9-98b1-4e13-aef4-81aaaf386118: below_minimum_quality
2026-02-19 23:01:47 |  WARNING | MarketingAdvantageAI | [AgenticValidation] Quality warnings for ed9637fb-4a3b-4ee5-8669-e264e700598a: below_minimum_quality
2026-02-19 23:01:47 |  WARNING | MarketingAdvantageAI | [AgenticValidation] Quality warnings for 0a805136-ecfb-4f25-b443-d079dc8a46f4: below_minimum_quality
2026-02-19 23:01:47 |  WARNING | MarketingAdvantageAI | [AgenticValidation] Quality warnings for beb3d165-e82d-4637-b283-df916c006b07: below_minimum_quality
2026-02-19 23:01:47 |  WARNING | MarketingAdvantageAI | [AgenticValidation] Quality warnings for 568ebcee-26de-4a81-8d58-04ad3a5d055e: below_minimum_quality
2026-02-19 23:01:47 |  WARNING | MarketingAdvantageAI | [AgenticValidation] Quality warnings for e861e5a1-5f94-478f-a655-8a8787159d01: below_minimum_quality
2026-02-19 23:01:47 |  WARNING | MarketingAdvantageAI | [AgenticValidation] Quality warnings for 419c853e-d3d9-4c51-b6d9-4061acabf560: below_minimum_quality
2026-02-19 23:01:47 |  WARNING | MarketingAdvantageAI | [AgenticValidation] Quality warnings for c059538e-10a9-41a9-8c47-19be761f65b1: below_minimum_quality
2026-02-19 23:01:47 |  WARNING | MarketingAdvantageAI | [AgenticValidation] Quality warnings for a57c8c86-e718-438c-b922-2dbd19e67b4f: below_minimum_quality
2026-02-19 23:01:47 |  WARNING | MarketingAdvantageAI | [AgenticValidation] Quality warnings for fe5602a2-565f-40b0-9690-209118e386eb: below_minimum_quality
2026-02-19 23:01:47 |  WARNING | MarketingAdvantageAI | [AgenticValidation] Quality warnings for 211cb176-81fc-4690-8cd1-12ed67d5649b: below_minimum_quality
2026-02-19 23:01:47 |  WARNING | MarketingAdvantageAI | [AgenticValidation] Quality warnings for 01c5787d-e64d-4240-b2af-7ced9904c973: below_minimum_quality
2026-02-19 23:01:47 |  WARNING | MarketingAdvantageAI | [AgenticValidation] Quality warnings for bc83d88a-f2da-46ad-9bd4-e884ac0cf573: below_minimum_quality
2026-02-19 23:01:47 |  WARNING | MarketingAdvantageAI | [AgenticValidation] Quality warnings for 1230186e-2b66-4061-bb6d-0e8c58f71a3a: below_minimum_quality
2026-02-19 23:01:47 |  WARNING | MarketingAdvantageAI | [AgenticValidation] Quality warnings for d694a3bf-a5c1-4063-b7e2-72cab1e6811d: below_minimum_quality
2026-02-19 23:01:47 |  WARNING | MarketingAdvantageAI | [AgenticValidation] Quality warnings for bed8b397-42a8-4e61-9ded-86a8b7b638d2: below_minimum_quality
2026-02-19 23:01:47 |  WARNING | MarketingAdvantageAI | [AgenticValidation] Quality warnings for b736d95b-2c0d-439b-98e1-e04426ab51ad: below_minimum_quality
2026-02-19 23:01:47 |  WARNING | MarketingAdvantageAI | [AgenticValidation] Quality warnings for d4ca3929-ff07-42e1-821a-414715642888: below_minimum_quality
2026-02-19 23:01:47 |  WARNING | MarketingAdvantageAI | [AgenticValidation] Quality warnings for c8fc83cc-59e2-4b85-946d-87d0208a3fbe: below_minimum_quality
2026-02-19 23:01:47 |  WARNING | MarketingAdvantageAI | [AgenticValidation] Quality warnings for aaa5930f-53ad-45a0-9c37-5055aa794709: below_minimum_quality
2026-02-19 23:01:47 |  WARNING | MarketingAdvantageAI | [AgenticValidation] Quality warnings for d1400e83-e35d-494b-8b61-6528b1ca14f7: below_minimum_quality
2026-02-19 23:01:47 |  WARNING | MarketingAdvantageAI | [AgenticValidation] Quality warnings for a3d0a9e1-2780-4da0-8127-d1888ce44957: below_minimum_quality
2026-02-19 23:01:47 |  WARNING | MarketingAdvantageAI | [AgenticValidation] Quality warnings for d7022e52-894c-487b-86b7-ec719826bf2c: below_minimum_quality
2026-02-19 23:01:47 |  WARNING | MarketingAdvantageAI | [AgenticValidation] Quality warnings for 0f5b33fc-cb05-4bfa-a7fa-1ca34f866dde: below_minimum_quality
2026-02-19 23:01:47 |     INFO | MarketingAdvantageAI | [AgenticValidation] ✅ Complete: 50 succeeded, 0 failed in 111.76ms
2026-02-19 23:01:47 |     INFO | MarketingAdvantageAI | [agentic_validation] ✅ Run complete | processed=50 | duration=114ms
2026-02-19 23:01:58 |     INFO | MarketingAdvantageAI | [ConflictEngine] Processing 30 chunks...
2026-02-19 23:01:58 |     INFO | MarketingAdvantageAI | [ConflictEngine] ✅ Processed 30 chunks, found 0 conflicts in 358.80ms
2026-02-19 23:01:58 |     INFO | MarketingAdvantageAI | [conflict_detection] ✅ Run complete | processed=30 | duration=359ms
2026-02-19 23:02:48 |     INFO | MarketingAdvantageAI | [AgenticValidation] Processing 50 chunks...
2026-02-19 23:02:48 |  WARNING | MarketingAdvantageAI | [AgenticValidation] Quality warnings for 5d6ff940-c1f2-42bc-a921-23c73b2dbb41: below_minimum_quality
2026-02-19 23:02:48 |  WARNING | MarketingAdvantageAI | [AgenticValidation] Quality warnings for 795c17e0-9c57-42db-9555-2a1dea6c54d7: below_minimum_quality
2026-02-19 23:02:48 |  WARNING | MarketingAdvantageAI | [AgenticValidation] Quality warnings for d53578ab-0242-4cc7-aa57-27e6e0ffacb2: below_minimum_quality
2026-02-19 23:02:48 |  WARNING | MarketingAdvantageAI | [AgenticValidation] Quality warnings for 230f9330-c1df-4dd8-ba56-f197344ff100: below_minimum_quality
2026-02-19 23:02:48 |  WARNING | MarketingAdvantageAI | [AgenticValidation] Quality warnings for 49b023ee-480a-4bcc-ad55-05507c98b61b: below_minimum_quality
2026-02-19 23:02:48 |  WARNING | MarketingAdvantageAI | [AgenticValidation] Quality warnings for b083c87c-0284-4c37-94cf-bbcea8e60e7e: below_minimum_quality
2026-02-19 23:02:48 |  WARNING | MarketingAdvantageAI | [AgenticValidation] Quality warnings for 43b4fcf0-ad6e-4ba5-ab79-a5eb347c153d: below_minimum_quality
2026-02-19 23:02:48 |  WARNING | MarketingAdvantageAI | [AgenticValidation] Quality warnings for 80ce9bdb-43f0-448e-a132-7b4ca8327588: below_minimum_quality
2026-02-19 23:02:48 |  WARNING | MarketingAdvantageAI | [AgenticValidation] Quality warnings for 5936b95e-d7c7-413e-a527-20e382aca417: below_minimum_quality
2026-02-19 23:02:48 |  WARNING | MarketingAdvantageAI | [AgenticValidation] Quality warnings for 08ea2862-deaa-4671-b7df-2395e4a6a95e: below_minimum_quality
2026-02-19 23:02:48 |  WARNING | MarketingAdvantageAI | [AgenticValidation] Quality warnings for 076cd2cc-efd2-42e3-85df-c51a73397ee1: below_minimum_quality
2026-02-19 23:02:48 |  WARNING | MarketingAdvantageAI | [AgenticValidation] Quality warnings for 46c27876-df9c-4bf5-b749-d5d10657f049: below_minimum_quality
2026-02-19 23:02:48 |  WARNING | MarketingAdvantageAI | [AgenticValidation] Quality warnings for f3ff4964-d017-4a63-8bf5-6ea355845da2: below_minimum_quality
2026-02-19 23:02:48 |  WARNING | MarketingAdvantageAI | [AgenticValidation] Quality warnings for 8c204da7-79c9-47ba-96a0-6992ba21dcc2: below_minimum_quality
2026-02-19 23:02:48 |  WARNING | MarketingAdvantageAI | [AgenticValidation] Quality warnings for b152811a-2cc4-473d-80bf-6961abc07633: below_minimum_quality
2026-02-19 23:02:48 |  WARNING | MarketingAdvantageAI | [AgenticValidation] Quality warnings for 20e9f321-3195-4654-a44e-b6d7309436bf: below_minimum_quality
2026-02-19 23:02:48 |  WARNING | MarketingAdvantageAI | [AgenticValidation] Quality warnings for 9d3b30ee-682d-4380-9510-522cc8b842f7: below_minimum_quality
2026-02-19 23:02:48 |  WARNING | MarketingAdvantageAI | [AgenticValidation] Quality warnings for 38c3f483-ac77-440e-9a70-6d6388b02245: below_minimum_quality
2026-02-19 23:02:48 |  WARNING | MarketingAdvantageAI | [AgenticValidation] Quality warnings for 465e533a-0b27-45a1-8401-33cc0940c382: below_minimum_quality
2026-02-19 23:02:48 |  WARNING | MarketingAdvantageAI | [AgenticValidation] Quality warnings for f840e99f-5192-43fc-b81b-da9f6ed31b91: below_minimum_quality
2026-02-19 23:02:48 |  WARNING | MarketingAdvantageAI | [AgenticValidation] Quality warnings for 04c60540-149e-40f9-9c3c-085306c09ea3: below_minimum_quality
2026-02-19 23:02:48 |  WARNING | MarketingAdvantageAI | [AgenticValidation] Quality warnings for 0b8c630a-2aa1-4a50-8ef4-e38127739a16: below_minimum_quality
2026-02-19 23:02:48 |  WARNING | MarketingAdvantageAI | [AgenticValidation] Quality warnings for 1c624c95-ef07-493f-bfed-409722068501: below_minimum_quality
2026-02-19 23:02:48 |  WARNING | MarketingAdvantageAI | [AgenticValidation] Quality warnings for f7b76df6-8ace-449a-9b86-1a667dfb97d9: below_minimum_quality
2026-02-19 23:02:48 |  WARNING | MarketingAdvantageAI | [AgenticValidation] Quality warnings for c00c3ad0-413e-4dab-b4f3-0629b64d2b79: below_minimum_quality
2026-02-19 23:02:48 |  WARNING | MarketingAdvantageAI | [AgenticValidation] Quality warnings for fb000ae3-8b24-4450-96f5-800f59b89dac: below_minimum_quality
2026-02-19 23:02:48 |  WARNING | MarketingAdvantageAI | [AgenticValidation] Quality warnings for 46de4d4b-09c3-477a-b6e0-1608f7acd6f9: below_minimum_quality
2026-02-19 23:02:48 |  WARNING | MarketingAdvantageAI | [AgenticValidation] Quality warnings for ac0303c5-dc99-45b6-8283-850abaf4f2ed: below_minimum_quality
2026-02-19 23:02:48 |  WARNING | MarketingAdvantageAI | [AgenticValidation] Quality warnings for af35c9e3-0196-474a-97ec-465a97a8003e: below_minimum_quality
2026-02-19 23:02:48 |  WARNING | MarketingAdvantageAI | [AgenticValidation] Quality warnings for 656613ad-100e-472b-98d1-da3606464c75: below_minimum_quality
2026-02-19 23:02:48 |  WARNING | MarketingAdvantageAI | [AgenticValidation] Quality warnings for 5d5c03d8-0433-40c8-9af2-a3b3a0c34aed: below_minimum_quality
2026-02-19 23:02:48 |  WARNING | MarketingAdvantageAI | [AgenticValidation] Quality warnings for 11b2ebb7-ce5a-453a-9a47-6440b524a321: below_minimum_quality
2026-02-19 23:02:48 |  WARNING | MarketingAdvantageAI | [AgenticValidation] Quality warnings for 2c275d24-551c-4e07-808f-6ea54fff1e05: below_minimum_quality
2026-02-19 23:02:48 |  WARNING | MarketingAdvantageAI | [AgenticValidation] Quality warnings for 9f523677-66e2-441c-b226-6ba429e0fc4c: below_minimum_quality
2026-02-19 23:02:48 |  WARNING | MarketingAdvantageAI | [AgenticValidation] Quality warnings for bba01a48-c845-47dd-8d2f-df3b40ea6855: below_minimum_quality
2026-02-19 23:02:48 |  WARNING | MarketingAdvantageAI | [AgenticValidation] Quality warnings for 499375df-e17c-42a2-b1bd-58a570a8396b: below_minimum_quality
2026-02-19 23:02:48 |  WARNING | MarketingAdvantageAI | [AgenticValidation] Quality warnings for 39ccf803-fd5c-44f7-9bfb-76159896bf7b: below_minimum_quality
2026-02-19 23:02:48 |  WARNING | MarketingAdvantageAI | [AgenticValidation] Quality warnings for aec7ecc5-803a-407c-a92d-23637dc64606: below_minimum_quality
2026-02-19 23:02:48 |  WARNING | MarketingAdvantageAI | [AgenticValidation] Quality warnings for 7d52ddc3-5dc4-451e-81e3-4853745aba3b: below_minimum_quality
2026-02-19 23:02:48 |  WARNING | MarketingAdvantageAI | [AgenticValidation] Quality warnings for 516520cc-fb26-41cc-8aa1-3f19177f7cff: below_minimum_quality
2026-02-19 23:02:48 |  WARNING | MarketingAdvantageAI | [AgenticValidation] Quality warnings for 0430fb4d-52e7-42b0-8f2e-bca8b31dc636: below_minimum_quality
2026-02-19 23:02:48 |  WARNING | MarketingAdvantageAI | [AgenticValidation] Quality warnings for 2d7057ac-4eda-4494-ae81-ac608fe230df: below_minimum_quality
2026-02-19 23:02:48 |  WARNING | MarketingAdvantageAI | [AgenticValidation] Quality warnings for 46dd520e-3170-4bd9-9ecf-549ce187836a: below_minimum_quality
2026-02-19 23:02:48 |  WARNING | MarketingAdvantageAI | [AgenticValidation] Quality warnings for cb4519b4-fd5c-4000-aadf-1d1042ef4b6b: below_minimum_quality
2026-02-19 23:02:48 |  WARNING | MarketingAdvantageAI | [AgenticValidation] Quality warnings for 281fcb06-1484-4fb7-ab0a-f9797584a2f2: below_minimum_quality
2026-02-19 23:02:48 |  WARNING | MarketingAdvantageAI | [AgenticValidation] Quality warnings for 6ef881fc-08cc-4f64-b8b5-23ba3d0a6013: below_minimum_quality
2026-02-19 23:02:48 |  WARNING | MarketingAdvantageAI | [AgenticValidation] Quality warnings for 8cdacd28-c2de-4817-9b98-3a6bfa69de7e: below_minimum_quality
2026-02-19 23:02:48 |  WARNING | MarketingAdvantageAI | [AgenticValidation] Quality warnings for ada7d675-5b44-49af-9140-c7b9676bc523: below_minimum_quality
2026-02-19 23:02:48 |  WARNING | MarketingAdvantageAI | [AgenticValidation] Quality warnings for 317257ec-e11c-4e19-9abe-fd20d0664d08: below_minimum_quality
2026-02-19 23:02:48 |  WARNING | MarketingAdvantageAI | [AgenticValidation] Quality warnings for 1fcaaadb-8c4e-4dc0-ba6c-f233a919b938: below_minimum_quality
2026-02-19 23:02:48 |     INFO | MarketingAdvantageAI | [AgenticValidation] ✅ Complete: 50 succeeded, 0 failed in 84.31ms
2026-02-19 23:02:48 |     INFO | MarketingAdvantageAI | [agentic_validation] ✅ Run complete | processed=50 | duration=85ms
2026-02-19 23:03:44 |     INFO | MarketingAdvantageAI | [TemporalRevalidation] Processing 50 chunks...
2026-02-19 23:03:45 |     INFO | MarketingAdvantageAI | [TemporalRevalidation] ✅ Processed 50 chunks, 0 flagged as stale in 34.50ms
2026-02-19 23:03:45 |     INFO | MarketingAdvantageAI | [temporal_revalidation] ✅ Run complete | processed=50 | duration=35ms
2026-02-19 23:03:48 |     INFO | MarketingAdvantageAI | [AgenticValidation] Processing 29 chunks...
2026-02-19 23:03:48 |  WARNING | MarketingAdvantageAI | [AgenticValidation] Quality warnings for a8dbcd71-aa2e-478f-823d-0e3f279ba07d: below_minimum_quality
2026-02-19 23:03:48 |  WARNING | MarketingAdvantageAI | [AgenticValidation] Quality warnings for dee5d153-79c8-4967-81c2-f342107239bb: below_minimum_quality
2026-02-19 23:03:48 |  WARNING | MarketingAdvantageAI | [AgenticValidation] Quality warnings for 4a5d066a-b8c3-4467-9a5f-5111328ae3d9: below_minimum_quality
2026-02-19 23:03:48 |  WARNING | MarketingAdvantageAI | [AgenticValidation] Quality warnings for b6f09910-3f4a-4e25-b1b7-618b46c4b268: below_minimum_quality
2026-02-19 23:03:48 |  WARNING | MarketingAdvantageAI | [AgenticValidation] Quality warnings for cb62762c-04de-4bf4-b2c0-c449a09051ce: below_minimum_quality
2026-02-19 23:03:48 |  WARNING | MarketingAdvantageAI | [AgenticValidation] Quality warnings for 400b947d-8b6b-4298-a5ea-a918a5525b4d: below_minimum_quality
2026-02-19 23:03:48 |  WARNING | MarketingAdvantageAI | [AgenticValidation] Quality warnings for 98a04039-3bd9-4050-93ae-7e53d3d117c5: below_minimum_quality
2026-02-19 23:03:48 |  WARNING | MarketingAdvantageAI | [AgenticValidation] Quality warnings for a1841ef1-80d7-455f-9d40-e43f4c997081: below_minimum_quality
2026-02-19 23:03:48 |  WARNING | MarketingAdvantageAI | [AgenticValidation] Quality warnings for e92ddd11-da08-4451-9fef-dc679b54379a: below_minimum_quality
2026-02-19 23:03:48 |  WARNING | MarketingAdvantageAI | [AgenticValidation] Quality warnings for 9b812198-39ce-448a-8753-02a9a932ee92: below_minimum_quality
2026-02-19 23:03:48 |  WARNING | MarketingAdvantageAI | [AgenticValidation] Quality warnings for 70f92b6e-bb23-49a5-a4b5-61004c7e8714: below_minimum_quality
2026-02-19 23:03:48 |  WARNING | MarketingAdvantageAI | [AgenticValidation] Quality warnings for 17e03ab8-c10b-437a-acdd-0f73d591e6c8: below_minimum_quality
2026-02-19 23:03:48 |  WARNING | MarketingAdvantageAI | [AgenticValidation] Quality warnings for 741b1493-4096-4f72-a660-1cbb1f5fa14f: below_minimum_quality
2026-02-19 23:03:48 |  WARNING | MarketingAdvantageAI | [AgenticValidation] Quality warnings for 47bde7b6-ea17-4dd9-8732-0fcfcbdf8b3d: below_minimum_quality
2026-02-19 23:03:48 |  WARNING | MarketingAdvantageAI | [AgenticValidation] Quality warnings for c94f6f8e-2cc1-482b-8fb5-4e036b23a534: below_minimum_quality
2026-02-19 23:03:48 |  WARNING | MarketingAdvantageAI | [AgenticValidation] Quality warnings for 648d4c3e-ea96-4db5-997c-d917be9ddd9f: below_minimum_quality
2026-02-19 23:03:48 |  WARNING | MarketingAdvantageAI | [AgenticValidation] Quality warnings for 75ff864b-226f-4f11-83c1-dbb7deb6734b: below_minimum_quality
2026-02-19 23:03:48 |  WARNING | MarketingAdvantageAI | [AgenticValidation] Quality warnings for 33a8b366-a0e3-48eb-bed0-974a562d04be: below_minimum_quality
2026-02-19 23:03:48 |  WARNING | MarketingAdvantageAI | [AgenticValidation] Quality warnings for 4fedbac9-4949-4b38-a6f2-2a7e19a2c87c: below_minimum_quality
2026-02-19 23:03:48 |  WARNING | MarketingAdvantageAI | [AgenticValidation] Quality warnings for acec7a5a-a86c-42e4-a7b5-d18ee2d93491: below_minimum_quality
2026-02-19 23:03:48 |  WARNING | MarketingAdvantageAI | [AgenticValidation] Quality warnings for 93cfa41b-c06a-44f1-b979-c719da0d5483: below_minimum_quality
2026-02-19 23:03:48 |  WARNING | MarketingAdvantageAI | [AgenticValidation] Quality warnings for 8853a44e-b8c4-42c4-86e6-9af2e97bcdf0: below_minimum_quality
2026-02-19 23:03:48 |  WARNING | MarketingAdvantageAI | [AgenticValidation] Quality warnings for d5f1c643-24ef-4ac0-a66f-c94d1647aad4: below_minimum_quality
2026-02-19 23:03:48 |  WARNING | MarketingAdvantageAI | [AgenticValidation] Quality warnings for df862475-adff-4c4e-9185-512a6e06b571: below_minimum_quality
2026-02-19 23:03:48 |  WARNING | MarketingAdvantageAI | [AgenticValidation] Quality warnings for 067299d5-4ce2-47c0-8526-745ea769ad5b: below_minimum_quality
2026-02-19 23:03:48 |  WARNING | MarketingAdvantageAI | [AgenticValidation] Quality warnings for 3bf9e54e-a7ca-411a-a8be-f8b8d80cf04b: below_minimum_quality
2026-02-19 23:03:48 |  WARNING | MarketingAdvantageAI | [AgenticValidation] Quality warnings for b0bd1eb6-a00d-4a71-ad47-06e4e201b8a2: below_minimum_quality
2026-02-19 23:03:48 |  WARNING | MarketingAdvantageAI | [AgenticValidation] Quality warnings for db9f115a-65cc-4ad7-819a-ff41a40a3560: below_minimum_quality
2026-02-19 23:03:48 |  WARNING | MarketingAdvantageAI | [AgenticValidation] Quality warnings for 1c2798d8-c5e2-485b-a706-4fc194cd042e: below_minimum_quality
2026-02-19 23:03:48 |     INFO | MarketingAdvantageAI | [AgenticValidation] ✅ Complete: 29 succeeded, 0 failed in 54.37ms
2026-02-19 23:03:48 |     INFO | MarketingAdvantageAI | [agentic_validation] ✅ Run complete | processed=29 | duration=55ms
2026-02-19 23:03:58 |     INFO | MarketingAdvantageAI | [ConflictEngine] Processing 30 chunks...
2026-02-19 23:03:59 |     INFO | MarketingAdvantageAI | [ConflictEngine] ✅ Processed 30 chunks, found 0 conflicts in 328.33ms
2026-02-19 23:03:59 |     INFO | MarketingAdvantageAI | [conflict_detection] ✅ Run complete | processed=30 | duration=329ms
2026-02-19 23:04:48 |     INFO | MarketingAdvantageAI | [AgenticValidation] No rows pending validation.
2026-02-19 23:04:48 |     INFO | MarketingAdvantageAI | [agentic_validation] ✅ Run complete | processed=0 | duration=10ms
2026-02-19 23:05:48 |     INFO | MarketingAdvantageAI | [AgenticValidation] No rows pending validation.
2026-02-19 23:05:48 |     INFO | MarketingAdvantageAI | [agentic_validation] ✅ Run complete | processed=0 | duration=11ms
2026-02-19 23:05:59 |     INFO | MarketingAdvantageAI | [ConflictEngine] Processing 30 chunks...
2026-02-19 23:05:59 |     INFO | MarketingAdvantageAI | [ConflictEngine] ✅ Processed 30 chunks, found 0 conflicts in 385.69ms
2026-02-19 23:05:59 |     INFO | MarketingAdvantageAI | [conflict_detection] ✅ Run complete | processed=30 | duration=388ms
2026-02-19 23:06:48 |     INFO | MarketingAdvantageAI | [AgenticValidation] No rows pending validation.
2026-02-19 23:06:48 |     INFO | MarketingAdvantageAI | [agentic_validation] ✅ Run complete | processed=0 | duration=8ms
2026-02-19 23:07:21 |     INFO | MarketingAdvantageAI | [Scheduler] Initiating graceful shutdown...
2026-02-19 23:07:21 |     INFO | MarketingAdvantageAI | [temporal_revalidation] Worker stopped
2026-02-19 23:07:21 |     INFO | MarketingAdvantageAI | [conflict_detection] Worker stopped
2026-02-19 23:07:21 |     INFO | MarketingAdvantageAI | [HealthMonitor] Health monitor stopped
2026-02-19 23:07:21 |     INFO | MarketingAdvantageAI | [agentic_validation] Worker stopped
2026-02-19 23:07:21 |     INFO | MarketingAdvantageAI | [Scheduler] All tasks completed gracefully
2026-02-19 23:07:21 |     INFO | MarketingAdvantageAI | [Scheduler] Scheduler stopped
2026-02-19 23:07:32 |     INFO | MarketingAdvantageAI | [IngestionV2] ChromaDB client initialized at ./chroma_db
2026-02-19 23:07:32 |     INFO | MarketingAdvantageAI | [IngestionV2] Found ChromaDB collections: ['ingested_content']
2026-02-19 23:07:32 |     INFO | MarketingAdvantageAI | [IngestionV2] ✅ Connected to existing collection 'ingested_content'
2026-02-19 23:07:32 |     INFO | MarketingAdvantageAI | [WatcherIngestorV2] Background watcher started with FastAPI server.
2026-02-19 23:07:32 |     INFO | MarketingAdvantageAI | [Scheduler] Starting validation scheduler | validation_interval=60s | conflict_interval=120s | temporal_interval=300s
2026-02-19 23:07:32 |     INFO | MarketingAdvantageAI | [Scheduler] Started 4 background tasks (validation: True, conflict: True, temporal: True)
2026-02-19 23:07:32 |     INFO | MarketingAdvantageAI | [WatcherIngestorV2] 👀 Watching folder: C:\ProjectK\MarketingAdvantage_AI_v1\static\uploads\manual
2026-02-19 23:07:32 |     INFO | MarketingAdvantageAI | [agentic_validation] Worker started
2026-02-19 23:07:32 |     INFO | MarketingAdvantageAI | [conflict_detection] Worker started
2026-02-19 23:07:32 |     INFO | MarketingAdvantageAI | [temporal_revalidation] Worker started
2026-02-19 23:07:32 |     INFO | MarketingAdvantageAI | [HealthMonitor] Health monitor started
2026-02-19 23:08:25 |     INFO | MarketingAdvantageAI | [Scheduler] Initiating graceful shutdown...
2026-02-19 23:08:25 |     INFO | MarketingAdvantageAI | [agentic_validation] Worker stopped
2026-02-19 23:08:25 |     INFO | MarketingAdvantageAI | [temporal_revalidation] Worker stopped
2026-02-19 23:08:25 |     INFO | MarketingAdvantageAI | [HealthMonitor] Health monitor stopped
2026-02-19 23:08:25 |     INFO | MarketingAdvantageAI | [conflict_detection] Worker stopped
2026-02-19 23:08:25 |     INFO | MarketingAdvantageAI | [Scheduler] All tasks completed gracefully
2026-02-19 23:08:25 |     INFO | MarketingAdvantageAI | [Scheduler] Scheduler stopped
2026-02-19 23:08:35 |     INFO | MarketingAdvantageAI | [IngestionV2] ChromaDB client initialized at ./chroma_db
2026-02-19 23:08:35 |     INFO | MarketingAdvantageAI | [IngestionV2] Found ChromaDB collections: ['ingested_content']
2026-02-19 23:08:35 |     INFO | MarketingAdvantageAI | [IngestionV2] ✅ Connected to existing collection 'ingested_content'
2026-02-19 23:08:35 |     INFO | MarketingAdvantageAI | [WatcherIngestorV2] Background watcher started with FastAPI server.
2026-02-19 23:08:35 |     INFO | MarketingAdvantageAI | [Scheduler] Starting validation scheduler | validation_interval=60s | conflict_interval=120s | temporal_interval=300s
2026-02-19 23:08:35 |     INFO | MarketingAdvantageAI | [Scheduler] Started 4 background tasks (validation: True, conflict: True, temporal: True)
2026-02-19 23:08:35 |     INFO | MarketingAdvantageAI | [WatcherIngestorV2] 👀 Watching folder: C:\ProjectK\MarketingAdvantage_AI_v1\static\uploads\manual
2026-02-19 23:08:35 |     INFO | MarketingAdvantageAI | [agentic_validation] Worker started
2026-02-19 23:08:35 |     INFO | MarketingAdvantageAI | [conflict_detection] Worker started
2026-02-19 23:08:35 |     INFO | MarketingAdvantageAI | [temporal_revalidation] Worker started
2026-02-19 23:08:35 |     INFO | MarketingAdvantageAI | [HealthMonitor] Health monitor started
2026-02-19 23:08:35 |     INFO | MarketingAdvantageAI | [temporal_revalidation] Worker cancelled
2026-02-19 23:08:35 |     INFO | MarketingAdvantageAI | [temporal_revalidation] Worker stopped
2026-02-19 23:08:35 |     INFO | MarketingAdvantageAI | [HealthMonitor] Health monitor stopped
2026-02-19 23:08:35 |     INFO | MarketingAdvantageAI | [agentic_validation] Worker cancelled
2026-02-19 23:08:35 |     INFO | MarketingAdvantageAI | [agentic_validation] Worker stopped
2026-02-19 23:08:46 |     INFO | MarketingAdvantageAI | [IngestionV2] ChromaDB client initialized at ./chroma_db
2026-02-19 23:08:46 |     INFO | MarketingAdvantageAI | [IngestionV2] Found ChromaDB collections: ['ingested_content']
2026-02-19 23:08:46 |     INFO | MarketingAdvantageAI | [IngestionV2] ✅ Connected to existing collection 'ingested_content'
2026-02-19 23:08:46 |     INFO | MarketingAdvantageAI | [WatcherIngestorV2] Background watcher started with FastAPI server.
2026-02-19 23:08:46 |     INFO | MarketingAdvantageAI | [Scheduler] Starting validation scheduler | validation_interval=60s | conflict_interval=120s | temporal_interval=300s
2026-02-19 23:08:46 |     INFO | MarketingAdvantageAI | [Scheduler] Started 4 background tasks (validation: True, conflict: True, temporal: True)
2026-02-19 23:08:46 |     INFO | MarketingAdvantageAI | [WatcherIngestorV2] 👀 Watching folder: C:\ProjectK\MarketingAdvantage_AI_v1\static\uploads\manual
2026-02-19 23:08:46 |     INFO | MarketingAdvantageAI | [agentic_validation] Worker started
2026-02-19 23:08:46 |     INFO | MarketingAdvantageAI | [conflict_detection] Worker started
2026-02-19 23:08:46 |     INFO | MarketingAdvantageAI | [temporal_revalidation] Worker started
2026-02-19 23:08:46 |     INFO | MarketingAdvantageAI | [HealthMonitor] Health monitor started
2026-02-19 23:09:46 |     INFO | MarketingAdvantageAI | [AgenticValidation] No rows pending validation.
2026-02-19 23:09:46 |     INFO | MarketingAdvantageAI | [agentic_validation] ✅ Run complete | processed=0 | duration=76ms
2026-02-19 23:09:55 |     INFO | MarketingAdvantageAI | [Scheduler] Initiating graceful shutdown...
2026-02-19 23:09:55 |     INFO | MarketingAdvantageAI | [temporal_revalidation] Worker stopped
2026-02-19 23:09:55 |     INFO | MarketingAdvantageAI | [conflict_detection] Worker stopped
2026-02-19 23:09:55 |     INFO | MarketingAdvantageAI | [HealthMonitor] Health monitor stopped
2026-02-19 23:09:55 |     INFO | MarketingAdvantageAI | [agentic_validation] Worker stopped
2026-02-19 23:09:55 |     INFO | MarketingAdvantageAI | [Scheduler] All tasks completed gracefully
2026-02-19 23:09:55 |     INFO | MarketingAdvantageAI | [Scheduler] Scheduler stopped
2026-02-19 23:10:05 |     INFO | MarketingAdvantageAI | [IngestionV2] ChromaDB client initialized at ./chroma_db
2026-02-19 23:10:05 |     INFO | MarketingAdvantageAI | [IngestionV2] Found ChromaDB collections: ['ingested_content']
2026-02-19 23:10:05 |     INFO | MarketingAdvantageAI | [IngestionV2] ✅ Connected to existing collection 'ingested_content'
2026-02-19 23:10:05 |     INFO | MarketingAdvantageAI | [WatcherIngestorV2] Background watcher started with FastAPI server.
2026-02-19 23:10:05 |     INFO | MarketingAdvantageAI | [Scheduler] Starting validation scheduler | validation_interval=60s | conflict_interval=120s | temporal_interval=300s
2026-02-19 23:10:05 |     INFO | MarketingAdvantageAI | [Scheduler] Started 4 background tasks (validation: True, conflict: True, temporal: True)
2026-02-19 23:10:05 |     INFO | MarketingAdvantageAI | [WatcherIngestorV2] 👀 Watching folder: C:\ProjectK\MarketingAdvantage_AI_v1\static\uploads\manual
2026-02-19 23:10:05 |     INFO | MarketingAdvantageAI | [agentic_validation] Worker started
2026-02-19 23:10:05 |     INFO | MarketingAdvantageAI | [conflict_detection] Worker started
2026-02-19 23:10:05 |     INFO | MarketingAdvantageAI | [temporal_revalidation] Worker started
2026-02-19 23:10:05 |     INFO | MarketingAdvantageAI | [HealthMonitor] Health monitor started
2026-02-19 23:10:27 |     INFO | MarketingAdvantageAI | [Scheduler] Initiating graceful shutdown...
2026-02-19 23:10:27 |     INFO | MarketingAdvantageAI | [agentic_validation] Worker stopped
2026-02-19 23:10:27 |     INFO | MarketingAdvantageAI | [temporal_revalidation] Worker stopped
2026-02-19 23:10:27 |     INFO | MarketingAdvantageAI | [HealthMonitor] Health monitor stopped
2026-02-19 23:10:27 |     INFO | MarketingAdvantageAI | [conflict_detection] Worker stopped
2026-02-19 23:10:27 |     INFO | MarketingAdvantageAI | [Scheduler] All tasks completed gracefully
2026-02-19 23:10:27 |     INFO | MarketingAdvantageAI | [Scheduler] Scheduler stopped
2026-02-19 23:10:38 |     INFO | MarketingAdvantageAI | [IngestionV2] ChromaDB client initialized at ./chroma_db
2026-02-19 23:10:38 |     INFO | MarketingAdvantageAI | [IngestionV2] Found ChromaDB collections: ['ingested_content']
2026-02-19 23:10:38 |     INFO | MarketingAdvantageAI | [IngestionV2] ✅ Connected to existing collection 'ingested_content'
2026-02-19 23:10:38 |     INFO | MarketingAdvantageAI | [WatcherIngestorV2] Background watcher started with FastAPI server.
2026-02-19 23:10:38 |     INFO | MarketingAdvantageAI | [Scheduler] Starting validation scheduler | validation_interval=60s | conflict_interval=120s | temporal_interval=300s
2026-02-19 23:10:38 |     INFO | MarketingAdvantageAI | [Scheduler] Started 4 background tasks (validation: True, conflict: True, temporal: True)
2026-02-19 23:10:38 |     INFO | MarketingAdvantageAI | [WatcherIngestorV2] 👀 Watching folder: C:\ProjectK\MarketingAdvantage_AI_v1\static\uploads\manual
2026-02-19 23:10:38 |     INFO | MarketingAdvantageAI | [agentic_validation] Worker started
2026-02-19 23:10:38 |     INFO | MarketingAdvantageAI | [conflict_detection] Worker started
2026-02-19 23:10:38 |     INFO | MarketingAdvantageAI | [temporal_revalidation] Worker started
2026-02-19 23:10:38 |     INFO | MarketingAdvantageAI | [HealthMonitor] Health monitor started
2026-02-19 23:11:38 |     INFO | MarketingAdvantageAI | [AgenticValidation] No rows pending validation.
2026-02-19 23:11:38 |     INFO | MarketingAdvantageAI | [agentic_validation] ✅ Run complete | processed=0 | duration=86ms
2026-02-19 23:11:59 |     INFO | MarketingAdvantageAI | [Scheduler] Initiating graceful shutdown...
2026-02-19 23:11:59 |     INFO | MarketingAdvantageAI | [temporal_revalidation] Worker stopped
2026-02-19 23:11:59 |     INFO | MarketingAdvantageAI | [conflict_detection] Worker stopped
2026-02-19 23:11:59 |     INFO | MarketingAdvantageAI | [HealthMonitor] Health monitor stopped
2026-02-19 23:11:59 |     INFO | MarketingAdvantageAI | [agentic_validation] Worker stopped
2026-02-19 23:11:59 |     INFO | MarketingAdvantageAI | [Scheduler] All tasks completed gracefully
2026-02-19 23:11:59 |     INFO | MarketingAdvantageAI | [Scheduler] Scheduler stopped
2026-02-19 23:12:10 |     INFO | MarketingAdvantageAI | [IngestionV2] ChromaDB client initialized at ./chroma_db
2026-02-19 23:12:10 |     INFO | MarketingAdvantageAI | [IngestionV2] Found ChromaDB collections: ['ingested_content']
2026-02-19 23:12:10 |     INFO | MarketingAdvantageAI | [IngestionV2] ✅ Connected to existing collection 'ingested_content'
2026-02-19 23:12:10 |     INFO | MarketingAdvantageAI | [WatcherIngestorV2] Background watcher started with FastAPI server.
2026-02-19 23:12:10 |     INFO | MarketingAdvantageAI | [Scheduler] Starting validation scheduler | validation_interval=60s | conflict_interval=120s | temporal_interval=300s
2026-02-19 23:12:10 |     INFO | MarketingAdvantageAI | [Scheduler] Started 4 background tasks (validation: True, conflict: True, temporal: True)
2026-02-19 23:12:10 |     INFO | MarketingAdvantageAI | [WatcherIngestorV2] 👀 Watching folder: C:\ProjectK\MarketingAdvantage_AI_v1\static\uploads\manual
2026-02-19 23:12:10 |     INFO | MarketingAdvantageAI | [agentic_validation] Worker started
2026-02-19 23:12:10 |     INFO | MarketingAdvantageAI | [conflict_detection] Worker started
2026-02-19 23:12:10 |     INFO | MarketingAdvantageAI | [temporal_revalidation] Worker started
2026-02-19 23:12:10 |     INFO | MarketingAdvantageAI | [HealthMonitor] Health monitor started
2026-02-19 23:12:10 |     INFO | MarketingAdvantageAI | [temporal_revalidation] Worker cancelled
2026-02-19 23:12:10 |     INFO | MarketingAdvantageAI | [temporal_revalidation] Worker stopped
2026-02-19 23:12:10 |     INFO | MarketingAdvantageAI | [HealthMonitor] Health monitor stopped
2026-02-19 23:12:10 |     INFO | MarketingAdvantageAI | [agentic_validation] Worker cancelled
2026-02-19 23:12:10 |     INFO | MarketingAdvantageAI | [agentic_validation] Worker stopped
2026-02-19 23:12:21 |     INFO | MarketingAdvantageAI | [IngestionV2] ChromaDB client initialized at ./chroma_db
2026-02-19 23:12:21 |     INFO | MarketingAdvantageAI | [IngestionV2] Found ChromaDB collections: ['ingested_content']
2026-02-19 23:12:21 |     INFO | MarketingAdvantageAI | [IngestionV2] ✅ Connected to existing collection 'ingested_content'
2026-02-19 23:12:21 |     INFO | MarketingAdvantageAI | [WatcherIngestorV2] Background watcher started with FastAPI server.
2026-02-19 23:12:21 |     INFO | MarketingAdvantageAI | [Scheduler] Starting validation scheduler | validation_interval=60s | conflict_interval=120s | temporal_interval=300s
2026-02-19 23:12:21 |     INFO | MarketingAdvantageAI | [Scheduler] Started 4 background tasks (validation: True, conflict: True, temporal: True)
2026-02-19 23:12:21 |     INFO | MarketingAdvantageAI | [WatcherIngestorV2] 👀 Watching folder: C:\ProjectK\MarketingAdvantage_AI_v1\static\uploads\manual
2026-02-19 23:12:21 |     INFO | MarketingAdvantageAI | [agentic_validation] Worker started
2026-02-19 23:12:21 |     INFO | MarketingAdvantageAI | [conflict_detection] Worker started
2026-02-19 23:12:21 |     INFO | MarketingAdvantageAI | [temporal_revalidation] Worker started
2026-02-19 23:12:21 |     INFO | MarketingAdvantageAI | [HealthMonitor] Health monitor started
2026-02-19 23:13:05 |     INFO | MarketingAdvantageAI | [Scheduler] Initiating graceful shutdown...
2026-02-19 23:13:05 |     INFO | MarketingAdvantageAI | [agentic_validation] Worker stopped
2026-02-19 23:13:05 |     INFO | MarketingAdvantageAI | [temporal_revalidation] Worker stopped
2026-02-19 23:13:05 |     INFO | MarketingAdvantageAI | [HealthMonitor] Health monitor stopped
2026-02-19 23:13:05 |     INFO | MarketingAdvantageAI | [conflict_detection] Worker stopped
2026-02-19 23:13:05 |     INFO | MarketingAdvantageAI | [Scheduler] All tasks completed gracefully
2026-02-19 23:13:05 |     INFO | MarketingAdvantageAI | [Scheduler] Scheduler stopped
2026-02-19 23:13:16 |     INFO | MarketingAdvantageAI | [IngestionV2] ChromaDB client initialized at ./chroma_db
2026-02-19 23:13:16 |     INFO | MarketingAdvantageAI | [IngestionV2] Found ChromaDB collections: ['ingested_content']
2026-02-19 23:13:16 |     INFO | MarketingAdvantageAI | [IngestionV2] ✅ Connected to existing collection 'ingested_content'
2026-02-19 23:13:16 |     INFO | MarketingAdvantageAI | [WatcherIngestorV2] Background watcher started with FastAPI server.
2026-02-19 23:13:16 |     INFO | MarketingAdvantageAI | [Scheduler] Starting validation scheduler | validation_interval=60s | conflict_interval=120s | temporal_interval=300s
2026-02-19 23:13:16 |     INFO | MarketingAdvantageAI | [Scheduler] Started 4 background tasks (validation: True, conflict: True, temporal: True)
2026-02-19 23:13:16 |     INFO | MarketingAdvantageAI | [WatcherIngestorV2] 👀 Watching folder: C:\ProjectK\MarketingAdvantage_AI_v1\static\uploads\manual
2026-02-19 23:13:16 |     INFO | MarketingAdvantageAI | [agentic_validation] Worker started
2026-02-19 23:13:16 |     INFO | MarketingAdvantageAI | [conflict_detection] Worker started
2026-02-19 23:13:16 |     INFO | MarketingAdvantageAI | [temporal_revalidation] Worker started
2026-02-19 23:13:16 |     INFO | MarketingAdvantageAI | [HealthMonitor] Health monitor started
2026-02-19 23:13:16 |     INFO | MarketingAdvantageAI | [temporal_revalidation] Worker cancelled
2026-02-19 23:13:16 |     INFO | MarketingAdvantageAI | [temporal_revalidation] Worker stopped
2026-02-19 23:13:16 |     INFO | MarketingAdvantageAI | [HealthMonitor] Health monitor stopped
2026-02-19 23:13:16 |     INFO | MarketingAdvantageAI | [agentic_validation] Worker cancelled
2026-02-19 23:13:16 |     INFO | MarketingAdvantageAI | [agentic_validation] Worker stopped
2026-02-19 23:13:27 |     INFO | MarketingAdvantageAI | [IngestionV2] ChromaDB client initialized at ./chroma_db
2026-02-19 23:13:27 |     INFO | MarketingAdvantageAI | [IngestionV2] Found ChromaDB collections: ['ingested_content']
2026-02-19 23:13:27 |     INFO | MarketingAdvantageAI | [IngestionV2] ✅ Connected to existing collection 'ingested_content'
2026-02-19 23:13:27 |     INFO | MarketingAdvantageAI | [WatcherIngestorV2] Background watcher started with FastAPI server.
2026-02-19 23:13:27 |     INFO | MarketingAdvantageAI | [Scheduler] Starting validation scheduler | validation_interval=60s | conflict_interval=120s | temporal_interval=300s
2026-02-19 23:13:27 |     INFO | MarketingAdvantageAI | [Scheduler] Started 4 background tasks (validation: True, conflict: True, temporal: True)
2026-02-19 23:13:27 |     INFO | MarketingAdvantageAI | [WatcherIngestorV2] 👀 Watching folder: C:\ProjectK\MarketingAdvantage_AI_v1\static\uploads\manual
2026-02-19 23:13:27 |     INFO | MarketingAdvantageAI | [agentic_validation] Worker started
2026-02-19 23:13:27 |     INFO | MarketingAdvantageAI | [conflict_detection] Worker started
2026-02-19 23:13:27 |     INFO | MarketingAdvantageAI | [temporal_revalidation] Worker started
2026-02-19 23:13:27 |     INFO | MarketingAdvantageAI | [HealthMonitor] Health monitor started
2026-02-19 23:13:27 |     INFO | MarketingAdvantageAI | [temporal_revalidation] Worker cancelled
2026-02-19 23:13:27 |     INFO | MarketingAdvantageAI | [temporal_revalidation] Worker stopped
2026-02-19 23:13:27 |     INFO | MarketingAdvantageAI | [HealthMonitor] Health monitor stopped
2026-02-19 23:13:27 |     INFO | MarketingAdvantageAI | [agentic_validation] Worker cancelled
2026-02-19 23:13:27 |     INFO | MarketingAdvantageAI | [agentic_validation] Worker stopped
2026-02-19 23:13:39 |     INFO | MarketingAdvantageAI | [IngestionV2] ChromaDB client initialized at ./chroma_db
2026-02-19 23:13:39 |     INFO | MarketingAdvantageAI | [IngestionV2] Found ChromaDB collections: ['ingested_content']
2026-02-19 23:13:39 |     INFO | MarketingAdvantageAI | [IngestionV2] ✅ Connected to existing collection 'ingested_content'
2026-02-19 23:13:39 |     INFO | MarketingAdvantageAI | [WatcherIngestorV2] Background watcher started with FastAPI server.
2026-02-19 23:13:39 |     INFO | MarketingAdvantageAI | [Scheduler] Starting validation scheduler | validation_interval=60s | conflict_interval=120s | temporal_interval=300s
2026-02-19 23:13:39 |     INFO | MarketingAdvantageAI | [Scheduler] Started 4 background tasks (validation: True, conflict: True, temporal: True)
2026-02-19 23:13:39 |     INFO | MarketingAdvantageAI | [WatcherIngestorV2] 👀 Watching folder: C:\ProjectK\MarketingAdvantage_AI_v1\static\uploads\manual
2026-02-19 23:13:39 |     INFO | MarketingAdvantageAI | [agentic_validation] Worker started
2026-02-19 23:13:39 |     INFO | MarketingAdvantageAI | [conflict_detection] Worker started
2026-02-19 23:13:39 |     INFO | MarketingAdvantageAI | [temporal_revalidation] Worker started
2026-02-19 23:13:39 |     INFO | MarketingAdvantageAI | [HealthMonitor] Health monitor started
2026-02-19 23:13:43 |     INFO | MarketingAdvantageAI | [Scheduler] Initiating graceful shutdown...
2026-02-19 23:13:43 |     INFO | MarketingAdvantageAI | [agentic_validation] Worker stopped
2026-02-19 23:13:43 |     INFO | MarketingAdvantageAI | [temporal_revalidation] Worker stopped
2026-02-19 23:13:43 |     INFO | MarketingAdvantageAI | [HealthMonitor] Health monitor stopped
2026-02-19 23:13:49 |     INFO | MarketingAdvantageAI | [conflict_detection] Worker stopped
2026-02-19 23:13:49 |     INFO | MarketingAdvantageAI | [Scheduler] All tasks completed gracefully
2026-02-19 23:13:49 |     INFO | MarketingAdvantageAI | [Scheduler] Scheduler stopped
2026-02-19 23:14:00 |     INFO | MarketingAdvantageAI | [IngestionV2] ChromaDB client initialized at ./chroma_db
2026-02-19 23:14:00 |     INFO | MarketingAdvantageAI | [IngestionV2] Found ChromaDB collections: ['ingested_content']
2026-02-19 23:14:00 |     INFO | MarketingAdvantageAI | [IngestionV2] ✅ Connected to existing collection 'ingested_content'
2026-02-19 23:14:00 |     INFO | MarketingAdvantageAI | [WatcherIngestorV2] Background watcher started with FastAPI server.
2026-02-19 23:14:00 |     INFO | MarketingAdvantageAI | [Scheduler] Starting validation scheduler | validation_interval=60s | conflict_interval=120s | temporal_interval=300s
2026-02-19 23:14:00 |     INFO | MarketingAdvantageAI | [Scheduler] Started 4 background tasks (validation: True, conflict: True, temporal: True)
2026-02-19 23:14:00 |     INFO | MarketingAdvantageAI | [WatcherIngestorV2] 👀 Watching folder: C:\ProjectK\MarketingAdvantage_AI_v1\static\uploads\manual
2026-02-19 23:14:00 |     INFO | MarketingAdvantageAI | [agentic_validation] Worker started
2026-02-19 23:14:00 |     INFO | MarketingAdvantageAI | [conflict_detection] Worker started
2026-02-19 23:14:00 |     INFO | MarketingAdvantageAI | [temporal_revalidation] Worker started
2026-02-19 23:14:00 |     INFO | MarketingAdvantageAI | [HealthMonitor] Health monitor started
2026-02-19 23:14:00 |     INFO | MarketingAdvantageAI | [temporal_revalidation] Worker cancelled
2026-02-19 23:14:00 |     INFO | MarketingAdvantageAI | [temporal_revalidation] Worker stopped
2026-02-19 23:14:00 |     INFO | MarketingAdvantageAI | [HealthMonitor] Health monitor stopped
2026-02-19 23:14:00 |     INFO | MarketingAdvantageAI | [agentic_validation] Worker cancelled
2026-02-19 23:14:00 |     INFO | MarketingAdvantageAI | [agentic_validation] Worker stopped
2026-02-19 23:14:12 |     INFO | MarketingAdvantageAI | [IngestionV2] ChromaDB client initialized at ./chroma_db
2026-02-19 23:14:12 |     INFO | MarketingAdvantageAI | [IngestionV2] Found ChromaDB collections: ['ingested_content']
2026-02-19 23:14:12 |     INFO | MarketingAdvantageAI | [IngestionV2] ✅ Connected to existing collection 'ingested_content'
2026-02-19 23:14:12 |     INFO | MarketingAdvantageAI | [WatcherIngestorV2] Background watcher started with FastAPI server.
2026-02-19 23:14:12 |     INFO | MarketingAdvantageAI | [Scheduler] Starting validation scheduler | validation_interval=60s | conflict_interval=120s | temporal_interval=300s
2026-02-19 23:14:12 |     INFO | MarketingAdvantageAI | [Scheduler] Started 4 background tasks (validation: True, conflict: True, temporal: True)
2026-02-19 23:14:12 |     INFO | MarketingAdvantageAI | [WatcherIngestorV2] 👀 Watching folder: C:\ProjectK\MarketingAdvantage_AI_v1\static\uploads\manual
2026-02-19 23:14:12 |     INFO | MarketingAdvantageAI | [agentic_validation] Worker started
2026-02-19 23:14:12 |     INFO | MarketingAdvantageAI | [conflict_detection] Worker started
2026-02-19 23:14:12 |     INFO | MarketingAdvantageAI | [temporal_revalidation] Worker started
2026-02-19 23:14:12 |     INFO | MarketingAdvantageAI | [HealthMonitor] Health monitor started
2026-02-19 23:14:42 |     INFO | MarketingAdvantageAI | [Scheduler] Initiating graceful shutdown...
2026-02-19 23:14:42 |     INFO | MarketingAdvantageAI | [agentic_validation] Worker stopped
2026-02-19 23:14:42 |     INFO | MarketingAdvantageAI | [temporal_revalidation] Worker stopped
2026-02-19 23:14:42 |     INFO | MarketingAdvantageAI | [HealthMonitor] Health monitor stopped
2026-02-19 23:14:42 |     INFO | MarketingAdvantageAI | [conflict_detection] Worker stopped
2026-02-19 23:14:42 |     INFO | MarketingAdvantageAI | [Scheduler] All tasks completed gracefully
2026-02-19 23:14:42 |     INFO | MarketingAdvantageAI | [Scheduler] Scheduler stopped
2026-02-19 23:14:53 |     INFO | MarketingAdvantageAI | [IngestionV2] ChromaDB client initialized at ./chroma_db
2026-02-19 23:14:53 |     INFO | MarketingAdvantageAI | [IngestionV2] Found ChromaDB collections: ['ingested_content']
2026-02-19 23:14:53 |     INFO | MarketingAdvantageAI | [IngestionV2] ✅ Connected to existing collection 'ingested_content'
2026-02-19 23:14:53 |     INFO | MarketingAdvantageAI | [WatcherIngestorV2] Background watcher started with FastAPI server.
2026-02-19 23:14:53 |     INFO | MarketingAdvantageAI | [Scheduler] Starting validation scheduler | validation_interval=60s | conflict_interval=120s | temporal_interval=300s
2026-02-19 23:14:53 |     INFO | MarketingAdvantageAI | [Scheduler] Started 4 background tasks (validation: True, conflict: True, temporal: True)
2026-02-19 23:14:53 |     INFO | MarketingAdvantageAI | [WatcherIngestorV2] 👀 Watching folder: C:\ProjectK\MarketingAdvantage_AI_v1\static\uploads\manual
2026-02-19 23:14:53 |     INFO | MarketingAdvantageAI | [agentic_validation] Worker started
2026-02-19 23:14:53 |     INFO | MarketingAdvantageAI | [conflict_detection] Worker started
2026-02-19 23:14:53 |     INFO | MarketingAdvantageAI | [temporal_revalidation] Worker started
2026-02-19 23:14:53 |     INFO | MarketingAdvantageAI | [HealthMonitor] Health monitor started
2026-02-19 23:14:53 |     INFO | MarketingAdvantageAI | [temporal_revalidation] Worker cancelled
2026-02-19 23:14:53 |     INFO | MarketingAdvantageAI | [temporal_revalidation] Worker stopped
2026-02-19 23:14:53 |     INFO | MarketingAdvantageAI | [HealthMonitor] Health monitor stopped
2026-02-19 23:14:53 |     INFO | MarketingAdvantageAI | [agentic_validation] Worker cancelled
2026-02-19 23:14:53 |     INFO | MarketingAdvantageAI | [agentic_validation] Worker stopped
2026-02-19 23:15:04 |     INFO | MarketingAdvantageAI | [IngestionV2] ChromaDB client initialized at ./chroma_db
2026-02-19 23:15:04 |     INFO | MarketingAdvantageAI | [IngestionV2] Found ChromaDB collections: ['ingested_content']
2026-02-19 23:15:04 |     INFO | MarketingAdvantageAI | [IngestionV2] ✅ Connected to existing collection 'ingested_content'
2026-02-19 23:15:04 |     INFO | MarketingAdvantageAI | [WatcherIngestorV2] Background watcher started with FastAPI server.
2026-02-19 23:15:04 |     INFO | MarketingAdvantageAI | [Scheduler] Starting validation scheduler | validation_interval=60s | conflict_interval=120s | temporal_interval=300s
2026-02-19 23:15:04 |     INFO | MarketingAdvantageAI | [Scheduler] Started 4 background tasks (validation: True, conflict: True, temporal: True)
2026-02-19 23:15:04 |     INFO | MarketingAdvantageAI | [WatcherIngestorV2] 👀 Watching folder: C:\ProjectK\MarketingAdvantage_AI_v1\static\uploads\manual
2026-02-19 23:15:04 |     INFO | MarketingAdvantageAI | [agentic_validation] Worker started
2026-02-19 23:15:04 |     INFO | MarketingAdvantageAI | [conflict_detection] Worker started
2026-02-19 23:15:04 |     INFO | MarketingAdvantageAI | [temporal_revalidation] Worker started
2026-02-19 23:15:04 |     INFO | MarketingAdvantageAI | [HealthMonitor] Health monitor started
2026-02-19 23:15:04 |     INFO | MarketingAdvantageAI | [temporal_revalidation] Worker cancelled
2026-02-19 23:15:04 |     INFO | MarketingAdvantageAI | [temporal_revalidation] Worker stopped
2026-02-19 23:15:04 |     INFO | MarketingAdvantageAI | [HealthMonitor] Health monitor stopped
2026-02-19 23:15:04 |     INFO | MarketingAdvantageAI | [agentic_validation] Worker cancelled
2026-02-19 23:15:04 |     INFO | MarketingAdvantageAI | [agentic_validation] Worker stopped
2026-02-19 23:15:17 |     INFO | MarketingAdvantageAI | [IngestionV2] ChromaDB client initialized at ./chroma_db
2026-02-19 23:15:17 |     INFO | MarketingAdvantageAI | [IngestionV2] Found ChromaDB collections: ['ingested_content']
2026-02-19 23:15:17 |     INFO | MarketingAdvantageAI | [IngestionV2] ✅ Connected to existing collection 'ingested_content'
2026-02-19 23:15:17 |     INFO | MarketingAdvantageAI | [WatcherIngestorV2] Background watcher started with FastAPI server.
2026-02-19 23:15:17 |     INFO | MarketingAdvantageAI | [Scheduler] Starting validation scheduler | validation_interval=60s | conflict_interval=120s | temporal_interval=300s
2026-02-19 23:15:17 |     INFO | MarketingAdvantageAI | [Scheduler] Started 4 background tasks (validation: True, conflict: True, temporal: True)
2026-02-19 23:15:17 |     INFO | MarketingAdvantageAI | [WatcherIngestorV2] 👀 Watching folder: C:\ProjectK\MarketingAdvantage_AI_v1\static\uploads\manual
2026-02-19 23:15:17 |     INFO | MarketingAdvantageAI | [agentic_validation] Worker started
2026-02-19 23:15:17 |     INFO | MarketingAdvantageAI | [conflict_detection] Worker started
2026-02-19 23:15:17 |     INFO | MarketingAdvantageAI | [temporal_revalidation] Worker started
2026-02-19 23:15:17 |     INFO | MarketingAdvantageAI | [HealthMonitor] Health monitor started
2026-02-19 23:15:17 |     INFO | MarketingAdvantageAI | [temporal_revalidation] Worker cancelled
2026-02-19 23:15:17 |     INFO | MarketingAdvantageAI | [temporal_revalidation] Worker stopped
2026-02-19 23:15:17 |     INFO | MarketingAdvantageAI | [HealthMonitor] Health monitor stopped
2026-02-19 23:15:17 |     INFO | MarketingAdvantageAI | [agentic_validation] Worker cancelled
2026-02-19 23:15:17 |     INFO | MarketingAdvantageAI | [agentic_validation] Worker stopped
2026-02-19 23:15:29 |     INFO | MarketingAdvantageAI | [IngestionV2] ChromaDB client initialized at ./chroma_db
2026-02-19 23:15:29 |     INFO | MarketingAdvantageAI | [IngestionV2] Found ChromaDB collections: ['ingested_content']
2026-02-19 23:15:29 |     INFO | MarketingAdvantageAI | [IngestionV2] ✅ Connected to existing collection 'ingested_content'
2026-02-19 23:15:29 |     INFO | MarketingAdvantageAI | [WatcherIngestorV2] Background watcher started with FastAPI server.
2026-02-19 23:15:29 |     INFO | MarketingAdvantageAI | [Scheduler] Starting validation scheduler | validation_interval=60s | conflict_interval=120s | temporal_interval=300s
2026-02-19 23:15:29 |     INFO | MarketingAdvantageAI | [Scheduler] Started 4 background tasks (validation: True, conflict: True, temporal: True)
2026-02-19 23:15:29 |     INFO | MarketingAdvantageAI | [WatcherIngestorV2] 👀 Watching folder: C:\ProjectK\MarketingAdvantage_AI_v1\static\uploads\manual
2026-02-19 23:15:29 |     INFO | MarketingAdvantageAI | [agentic_validation] Worker started
2026-02-19 23:15:29 |     INFO | MarketingAdvantageAI | [conflict_detection] Worker started
2026-02-19 23:15:29 |     INFO | MarketingAdvantageAI | [temporal_revalidation] Worker started
2026-02-19 23:15:29 |     INFO | MarketingAdvantageAI | [HealthMonitor] Health monitor started
2026-02-19 23:15:29 |     INFO | MarketingAdvantageAI | [temporal_revalidation] Worker cancelled
2026-02-19 23:15:29 |     INFO | MarketingAdvantageAI | [temporal_revalidation] Worker stopped
2026-02-19 23:15:29 |     INFO | MarketingAdvantageAI | [HealthMonitor] Health monitor stopped
2026-02-19 23:15:29 |     INFO | MarketingAdvantageAI | [agentic_validation] Worker cancelled
2026-02-19 23:15:29 |     INFO | MarketingAdvantageAI | [agentic_validation] Worker stopped
2026-02-19 23:15:41 |     INFO | MarketingAdvantageAI | [IngestionV2] ChromaDB client initialized at ./chroma_db
2026-02-19 23:15:41 |     INFO | MarketingAdvantageAI | [IngestionV2] Found ChromaDB collections: ['ingested_content']
2026-02-19 23:15:41 |     INFO | MarketingAdvantageAI | [IngestionV2] ✅ Connected to existing collection 'ingested_content'
2026-02-19 23:15:41 |     INFO | MarketingAdvantageAI | [WatcherIngestorV2] Background watcher started with FastAPI server.
2026-02-19 23:15:41 |     INFO | MarketingAdvantageAI | [Scheduler] Starting validation scheduler | validation_interval=60s | conflict_interval=120s | temporal_interval=300s
2026-02-19 23:15:41 |     INFO | MarketingAdvantageAI | [Scheduler] Started 4 background tasks (validation: True, conflict: True, temporal: True)
2026-02-19 23:15:41 |     INFO | MarketingAdvantageAI | [WatcherIngestorV2] 👀 Watching folder: C:\ProjectK\MarketingAdvantage_AI_v1\static\uploads\manual
2026-02-19 23:15:41 |     INFO | MarketingAdvantageAI | [agentic_validation] Worker started
2026-02-19 23:15:41 |     INFO | MarketingAdvantageAI | [conflict_detection] Worker started
2026-02-19 23:15:41 |     INFO | MarketingAdvantageAI | [temporal_revalidation] Worker started
2026-02-19 23:15:41 |     INFO | MarketingAdvantageAI | [HealthMonitor] Health monitor started
2026-02-19 23:16:41 |     INFO | MarketingAdvantageAI | [AgenticValidation] No rows pending validation.
2026-02-19 23:16:41 |     INFO | MarketingAdvantageAI | [agentic_validation] ✅ Run complete | processed=0 | duration=74ms
2026-02-19 23:17:41 |     INFO | MarketingAdvantageAI | [AgenticValidation] No rows pending validation.
2026-02-19 23:17:41 |     INFO | MarketingAdvantageAI | [agentic_validation] ✅ Run complete | processed=0 | duration=8ms
2026-02-19 23:17:51 |     INFO | MarketingAdvantageAI | [ConflictEngine] Processing 30 chunks...
2026-02-19 23:17:51 |     INFO | MarketingAdvantageAI | [ConflictEngine] ✅ Processed 30 chunks, found 1 conflicts in 452.33ms
2026-02-22 14:26:39 |     INFO | MarketingAdvantageAI | [IngestionV2] ChromaDB client initialized at ./chroma_db
2026-02-22 14:26:39 |     INFO | MarketingAdvantageAI | [IngestionV2] Found ChromaDB collections: ['ingested_content']
2026-02-22 14:26:39 |     INFO | MarketingAdvantageAI | [IngestionV2] ✅ Connected to existing collection 'ingested_content'
2026-02-22 14:26:39 |     INFO | MarketingAdvantageAI | [WatcherIngestorV2] Background watcher started with FastAPI server.
2026-02-22 14:26:39 |     INFO | MarketingAdvantageAI | [Scheduler] Starting validation scheduler | validation_interval=60s | conflict_interval=120s | temporal_interval=300s
2026-02-22 14:26:39 |     INFO | MarketingAdvantageAI | [Scheduler] Started 4 background tasks (validation: True, conflict: True, temporal: True)
2026-02-22 14:26:39 |     INFO | MarketingAdvantageAI | [WatcherIngestorV2] 👀 Watching folder: C:\ProjectK\MarketingAdvantage_AI_v1\static\uploads\manual
2026-02-22 14:26:39 |     INFO | MarketingAdvantageAI | [agentic_validation] Worker started
2026-02-22 14:26:39 |     INFO | MarketingAdvantageAI | [conflict_detection] Worker started
2026-02-22 14:26:39 |     INFO | MarketingAdvantageAI | [temporal_revalidation] Worker started
2026-02-22 14:26:39 |     INFO | MarketingAdvantageAI | [HealthMonitor] Health monitor started
2026-02-22 14:26:39 |     INFO | MarketingAdvantageAI | [HealthMonitor] Health monitor stopped
2026-02-22 14:26:39 |     INFO | MarketingAdvantageAI | [temporal_revalidation] Worker cancelled
2026-02-22 14:26:39 |     INFO | MarketingAdvantageAI | [temporal_revalidation] Worker stopped
2026-02-22 14:26:39 |     INFO | MarketingAdvantageAI | [agentic_validation] Worker cancelled
2026-02-22 14:26:39 |     INFO | MarketingAdvantageAI | [agentic_validation] Worker stopped
2026-02-22 14:26:49 |     INFO | MarketingAdvantageAI | [IngestionV2] ChromaDB client initialized at ./chroma_db
2026-02-22 14:26:49 |     INFO | MarketingAdvantageAI | [IngestionV2] Found ChromaDB collections: ['ingested_content']
2026-02-22 14:26:49 |     INFO | MarketingAdvantageAI | [IngestionV2] ✅ Connected to existing collection 'ingested_content'
2026-02-22 14:26:49 |     INFO | MarketingAdvantageAI | [WatcherIngestorV2] Background watcher started with FastAPI server.
2026-02-22 14:26:49 |     INFO | MarketingAdvantageAI | [Scheduler] Starting validation scheduler | validation_interval=60s | conflict_interval=120s | temporal_interval=300s
2026-02-22 14:26:49 |     INFO | MarketingAdvantageAI | [Scheduler] Started 4 background tasks (validation: True, conflict: True, temporal: True)
2026-02-22 14:26:49 |     INFO | MarketingAdvantageAI | [WatcherIngestorV2] 👀 Watching folder: C:\ProjectK\MarketingAdvantage_AI_v1\static\uploads\manual
2026-02-22 14:26:49 |     INFO | MarketingAdvantageAI | [agentic_validation] Worker started
2026-02-22 14:26:49 |     INFO | MarketingAdvantageAI | [conflict_detection] Worker started
2026-02-22 14:26:49 |     INFO | MarketingAdvantageAI | [temporal_revalidation] Worker started
2026-02-22 14:26:49 |     INFO | MarketingAdvantageAI | [HealthMonitor] Health monitor started
2026-02-22 14:27:50 |     INFO | MarketingAdvantageAI | [AgenticValidation] No rows pending validation.
2026-02-22 14:27:50 |     INFO | MarketingAdvantageAI | [agentic_validation] ✅ Run complete | processed=0 | duration=235ms
2026-02-22 14:28:50 |     INFO | MarketingAdvantageAI | [AgenticValidation] No rows pending validation.
2026-02-22 14:28:50 |     INFO | MarketingAdvantageAI | [agentic_validation] ✅ Run complete | processed=0 | duration=10ms
2026-02-22 14:29:00 |     INFO | MarketingAdvantageAI | [ConflictEngine] No rows pending conflict analysis.
2026-02-22 14:29:00 |     INFO | MarketingAdvantageAI | [conflict_detection] ✅ Run complete | processed=0 | duration=14ms
2026-02-22 14:29:50 |     INFO | MarketingAdvantageAI | [AgenticValidation] No rows pending validation.
2026-02-22 14:29:50 |     INFO | MarketingAdvantageAI | [agentic_validation] ✅ Run complete | processed=0 | duration=9ms
2026-02-22 14:30:50 |     INFO | MarketingAdvantageAI | [AgenticValidation] No rows pending validation.
2026-02-22 14:30:50 |     INFO | MarketingAdvantageAI | [agentic_validation] ✅ Run complete | processed=0 | duration=9ms
2026-02-22 14:30:59 |     INFO | MarketingAdvantageAI | [ConflictEngine] No rows pending conflict analysis.
2026-02-22 14:30:59 |     INFO | MarketingAdvantageAI | [conflict_detection] ✅ Run complete | processed=0 | duration=10ms
2026-02-22 14:31:50 |     INFO | MarketingAdvantageAI | [TemporalRevalidation] No rows pending temporal review.
2026-02-22 14:31:50 |     INFO | MarketingAdvantageAI | [temporal_revalidation] ✅ Run complete | processed=0 | duration=12ms
2026-02-22 14:31:50 |     INFO | MarketingAdvantageAI | [AgenticValidation] No rows pending validation.
2026-02-22 14:31:50 |     INFO | MarketingAdvantageAI | [agentic_validation] ✅ Run complete | processed=0 | duration=9ms
2026-02-22 14:32:50 |     INFO | MarketingAdvantageAI | [AgenticValidation] No rows pending validation.
2026-02-22 14:32:50 |     INFO | MarketingAdvantageAI | [agentic_validation] ✅ Run complete | processed=0 | duration=9ms
2026-02-22 14:33:00 |     INFO | MarketingAdvantageAI | [ConflictEngine] No rows pending conflict analysis.
2026-02-22 14:33:00 |     INFO | MarketingAdvantageAI | [conflict_detection] ✅ Run complete | processed=0 | duration=9ms
2026-02-22 14:33:50 |     INFO | MarketingAdvantageAI | [AgenticValidation] No rows pending validation.
2026-02-22 14:33:50 |     INFO | MarketingAdvantageAI | [agentic_validation] ✅ Run complete | processed=0 | duration=9ms
2026-02-22 14:34:50 |     INFO | MarketingAdvantageAI | [AgenticValidation] No rows pending validation.
2026-02-22 14:34:50 |     INFO | MarketingAdvantageAI | [agentic_validation] ✅ Run complete | processed=0 | duration=9ms
2026-02-22 14:34:59 |     INFO | MarketingAdvantageAI | [ConflictEngine] No rows pending conflict analysis.
2026-02-22 14:34:59 |     INFO | MarketingAdvantageAI | [conflict_detection] ✅ Run complete | processed=0 | duration=8ms
2026-02-22 14:35:50 |     INFO | MarketingAdvantageAI | [AgenticValidation] No rows pending validation.
2026-02-22 14:35:50 |     INFO | MarketingAdvantageAI | [agentic_validation] ✅ Run complete | processed=0 | duration=9ms
2026-02-22 14:36:50 |     INFO | MarketingAdvantageAI | [TemporalRevalidation] No rows pending temporal review.
2026-02-22 14:36:50 |     INFO | MarketingAdvantageAI | [temporal_revalidation] ✅ Run complete | processed=0 | duration=9ms
2026-02-22 14:36:50 |     INFO | MarketingAdvantageAI | [AgenticValidation] No rows pending validation.
2026-02-22 14:36:50 |     INFO | MarketingAdvantageAI | [agentic_validation] ✅ Run complete | processed=0 | duration=10ms
2026-02-22 14:37:00 |     INFO | MarketingAdvantageAI | [ConflictEngine] No rows pending conflict analysis.
2026-02-22 14:37:00 |     INFO | MarketingAdvantageAI | [conflict_detection] ✅ Run complete | processed=0 | duration=8ms
2026-02-22 14:37:50 |     INFO | MarketingAdvantageAI | [AgenticValidation] No rows pending validation.
2026-02-22 14:37:50 |     INFO | MarketingAdvantageAI | [agentic_validation] ✅ Run complete | processed=0 | duration=9ms
2026-02-22 14:38:50 |     INFO | MarketingAdvantageAI | [AgenticValidation] No rows pending validation.
2026-02-22 14:38:50 |     INFO | MarketingAdvantageAI | [agentic_validation] ✅ Run complete | processed=0 | duration=9ms
2026-02-22 14:39:00 |     INFO | MarketingAdvantageAI | [ConflictEngine] No rows pending conflict analysis.
2026-02-22 14:39:00 |     INFO | MarketingAdvantageAI | [conflict_detection] ✅ Run complete | processed=0 | duration=10ms
2026-02-22 14:39:50 |     INFO | MarketingAdvantageAI | [AgenticValidation] No rows pending validation.
2026-02-22 14:39:50 |     INFO | MarketingAdvantageAI | [agentic_validation] ✅ Run complete | processed=0 | duration=9ms
2026-02-22 14:40:50 |     INFO | MarketingAdvantageAI | [AgenticValidation] No rows pending validation.
2026-02-22 14:40:50 |     INFO | MarketingAdvantageAI | [agentic_validation] ✅ Run complete | processed=0 | duration=12ms
2026-02-22 14:41:00 |     INFO | MarketingAdvantageAI | [ConflictEngine] No rows pending conflict analysis.
2026-02-22 14:41:00 |     INFO | MarketingAdvantageAI | [conflict_detection] ✅ Run complete | processed=0 | duration=8ms
2026-02-22 14:41:50 |     INFO | MarketingAdvantageAI | [TemporalRevalidation] No rows pending temporal review.
2026-02-22 14:41:50 |     INFO | MarketingAdvantageAI | [temporal_revalidation] ✅ Run complete | processed=0 | duration=9ms
2026-02-22 14:41:50 |     INFO | MarketingAdvantageAI | [AgenticValidation] No rows pending validation.
2026-02-22 14:41:50 |     INFO | MarketingAdvantageAI | [agentic_validation] ✅ Run complete | processed=0 | duration=9ms
2026-02-22 14:42:50 |     INFO | MarketingAdvantageAI | [AgenticValidation] No rows pending validation.
2026-02-22 14:42:50 |     INFO | MarketingAdvantageAI | [agentic_validation] ✅ Run complete | processed=0 | duration=9ms
2026-02-22 14:43:00 |     INFO | MarketingAdvantageAI | [ConflictEngine] No rows pending conflict analysis.
2026-02-22 14:43:00 |     INFO | MarketingAdvantageAI | [conflict_detection] ✅ Run complete | processed=0 | duration=10ms
2026-02-22 14:43:50 |     INFO | MarketingAdvantageAI | [AgenticValidation] No rows pending validation.
2026-02-22 14:43:50 |     INFO | MarketingAdvantageAI | [agentic_validation] ✅ Run complete | processed=0 | duration=19ms
2026-02-22 14:44:50 |     INFO | MarketingAdvantageAI | [AgenticValidation] No rows pending validation.
2026-02-22 14:44:50 |     INFO | MarketingAdvantageAI | [agentic_validation] ✅ Run complete | processed=0 | duration=9ms
2026-02-22 14:45:00 |     INFO | MarketingAdvantageAI | [ConflictEngine] No rows pending conflict analysis.
2026-02-22 14:45:00 |     INFO | MarketingAdvantageAI | [conflict_detection] ✅ Run complete | processed=0 | duration=11ms
2026-02-22 14:45:50 |     INFO | MarketingAdvantageAI | [AgenticValidation] No rows pending validation.
2026-02-22 14:45:50 |     INFO | MarketingAdvantageAI | [agentic_validation] ✅ Run complete | processed=0 | duration=8ms
2026-02-22 14:46:50 |     INFO | MarketingAdvantageAI | [TemporalRevalidation] No rows pending temporal review.
2026-02-22 14:46:50 |     INFO | MarketingAdvantageAI | [temporal_revalidation] ✅ Run complete | processed=0 | duration=9ms
2026-02-22 14:46:50 |     INFO | MarketingAdvantageAI | [AgenticValidation] No rows pending validation.
2026-02-22 14:46:50 |     INFO | MarketingAdvantageAI | [agentic_validation] ✅ Run complete | processed=0 | duration=8ms
2026-02-22 14:47:00 |     INFO | MarketingAdvantageAI | [ConflictEngine] No rows pending conflict analysis.
2026-02-22 14:47:00 |     INFO | MarketingAdvantageAI | [conflict_detection] ✅ Run complete | processed=0 | duration=10ms
2026-02-22 14:47:50 |     INFO | MarketingAdvantageAI | [AgenticValidation] No rows pending validation.
2026-02-22 14:47:50 |     INFO | MarketingAdvantageAI | [agentic_validation] ✅ Run complete | processed=0 | duration=8ms
2026-02-22 14:48:50 |     INFO | MarketingAdvantageAI | [AgenticValidation] No rows pending validation.
2026-02-22 14:48:50 |     INFO | MarketingAdvantageAI | [agentic_validation] ✅ Run complete | processed=0 | duration=9ms
2026-02-22 14:49:00 |     INFO | MarketingAdvantageAI | [ConflictEngine] No rows pending conflict analysis.
2026-02-22 14:49:00 |     INFO | MarketingAdvantageAI | [conflict_detection] ✅ Run complete | processed=0 | duration=11ms
2026-02-22 14:49:50 |     INFO | MarketingAdvantageAI | [AgenticValidation] No rows pending validation.
2026-02-22 14:49:50 |     INFO | MarketingAdvantageAI | [agentic_validation] ✅ Run complete | processed=0 | duration=15ms
2026-02-22 14:50:50 |     INFO | MarketingAdvantageAI | [AgenticValidation] No rows pending validation.
2026-02-22 14:50:50 |     INFO | MarketingAdvantageAI | [agentic_validation] ✅ Run complete | processed=0 | duration=16ms
2026-02-22 14:51:00 |     INFO | MarketingAdvantageAI | [ConflictEngine] No rows pending conflict analysis.
2026-02-22 14:51:00 |     INFO | MarketingAdvantageAI | [conflict_detection] ✅ Run complete | processed=0 | duration=10ms
2026-02-22 14:51:50 |     INFO | MarketingAdvantageAI | [TemporalRevalidation] No rows pending temporal review.
2026-02-22 14:51:50 |     INFO | MarketingAdvantageAI | [temporal_revalidation] ✅ Run complete | processed=0 | duration=17ms
2026-02-22 14:51:50 |     INFO | MarketingAdvantageAI | [AgenticValidation] No rows pending validation.
2026-02-22 14:51:50 |     INFO | MarketingAdvantageAI | [agentic_validation] ✅ Run complete | processed=0 | duration=13ms
2026-02-22 14:52:50 |     INFO | MarketingAdvantageAI | [AgenticValidation] No rows pending validation.
2026-02-22 14:52:50 |     INFO | MarketingAdvantageAI | [agentic_validation] ✅ Run complete | processed=0 | duration=14ms
2026-02-22 14:53:00 |     INFO | MarketingAdvantageAI | [ConflictEngine] No rows pending conflict analysis.
2026-02-22 14:53:00 |     INFO | MarketingAdvantageAI | [conflict_detection] ✅ Run complete | processed=0 | duration=13ms
2026-02-22 14:53:50 |     INFO | MarketingAdvantageAI | [AgenticValidation] No rows pending validation.
2026-02-22 14:53:50 |     INFO | MarketingAdvantageAI | [agentic_validation] ✅ Run complete | processed=0 | duration=14ms
2026-02-22 14:54:50 |     INFO | MarketingAdvantageAI | [AgenticValidation] No rows pending validation.
2026-02-22 14:54:50 |     INFO | MarketingAdvantageAI | [agentic_validation] ✅ Run complete | processed=0 | duration=14ms
2026-02-22 14:55:00 |     INFO | MarketingAdvantageAI | [ConflictEngine] No rows pending conflict analysis.
2026-02-22 14:55:00 |     INFO | MarketingAdvantageAI | [conflict_detection] ✅ Run complete | processed=0 | duration=13ms
2026-02-22 14:55:50 |     INFO | MarketingAdvantageAI | [AgenticValidation] No rows pending validation.
2026-02-22 14:55:50 |     INFO | MarketingAdvantageAI | [agentic_validation] ✅ Run complete | processed=0 | duration=12ms
2026-02-22 14:56:50 |     INFO | MarketingAdvantageAI | [TemporalRevalidation] No rows pending temporal review.
2026-02-22 14:56:50 |     INFO | MarketingAdvantageAI | [temporal_revalidation] ✅ Run complete | processed=0 | duration=13ms
2026-02-22 14:56:50 |     INFO | MarketingAdvantageAI | [AgenticValidation] No rows pending validation.
2026-02-22 14:56:50 |     INFO | MarketingAdvantageAI | [agentic_validation] ✅ Run complete | processed=0 | duration=14ms
2026-02-22 14:57:00 |     INFO | MarketingAdvantageAI | [ConflictEngine] No rows pending conflict analysis.
2026-02-22 14:57:00 |     INFO | MarketingAdvantageAI | [conflict_detection] ✅ Run complete | processed=0 | duration=27ms
2026-02-22 14:57:50 |     INFO | MarketingAdvantageAI | [AgenticValidation] No rows pending validation.
2026-02-22 14:57:50 |     INFO | MarketingAdvantageAI | [agentic_validation] ✅ Run complete | processed=0 | duration=103ms
2026-02-22 14:58:50 |     INFO | MarketingAdvantageAI | [AgenticValidation] No rows pending validation.
2026-02-22 14:58:50 |     INFO | MarketingAdvantageAI | [agentic_validation] ✅ Run complete | processed=0 | duration=15ms
2026-02-22 14:59:00 |     INFO | MarketingAdvantageAI | [ConflictEngine] No rows pending conflict analysis.
2026-02-22 14:59:00 |     INFO | MarketingAdvantageAI | [conflict_detection] ✅ Run complete | processed=0 | duration=18ms
2026-02-22 14:59:50 |     INFO | MarketingAdvantageAI | [AgenticValidation] No rows pending validation.
2026-02-22 14:59:50 |     INFO | MarketingAdvantageAI | [agentic_validation] ✅ Run complete | processed=0 | duration=12ms
2026-02-22 15:00:50 |     INFO | MarketingAdvantageAI | [AgenticValidation] No rows pending validation.
2026-02-22 15:00:50 |     INFO | MarketingAdvantageAI | [agentic_validation] ✅ Run complete | processed=0 | duration=13ms
2026-02-22 15:01:00 |     INFO | MarketingAdvantageAI | [ConflictEngine] No rows pending conflict analysis.
2026-02-22 15:01:00 |     INFO | MarketingAdvantageAI | [conflict_detection] ✅ Run complete | processed=0 | duration=12ms
2026-02-22 15:01:50 |     INFO | MarketingAdvantageAI | [TemporalRevalidation] No rows pending temporal review.
2026-02-22 15:01:50 |     INFO | MarketingAdvantageAI | [temporal_revalidation] ✅ Run complete | processed=0 | duration=16ms
2026-02-22 15:01:50 |     INFO | MarketingAdvantageAI | [AgenticValidation] No rows pending validation.
2026-02-22 15:01:50 |     INFO | MarketingAdvantageAI | [agentic_validation] ✅ Run complete | processed=0 | duration=29ms
2026-02-22 15:02:50 |     INFO | MarketingAdvantageAI | [AgenticValidation] No rows pending validation.
2026-02-22 15:02:50 |     INFO | MarketingAdvantageAI | [agentic_validation] ✅ Run complete | processed=0 | duration=16ms
2026-02-22 15:03:00 |     INFO | MarketingAdvantageAI | [ConflictEngine] No rows pending conflict analysis.
2026-02-22 15:03:00 |     INFO | MarketingAdvantageAI | [conflict_detection] ✅ Run complete | processed=0 | duration=17ms
2026-02-22 15:03:50 |     INFO | MarketingAdvantageAI | [AgenticValidation] No rows pending validation.
2026-02-22 15:03:50 |     INFO | MarketingAdvantageAI | [agentic_validation] ✅ Run complete | processed=0 | duration=13ms
2026-02-22 15:04:50 |     INFO | MarketingAdvantageAI | [AgenticValidation] No rows pending validation.
2026-02-22 15:04:50 |     INFO | MarketingAdvantageAI | [agentic_validation] ✅ Run complete | processed=0 | duration=14ms
2026-02-22 15:05:00 |     INFO | MarketingAdvantageAI | [ConflictEngine] No rows pending conflict analysis.
2026-02-22 15:05:00 |     INFO | MarketingAdvantageAI | [conflict_detection] ✅ Run complete | processed=0 | duration=13ms
2026-02-22 15:05:50 |     INFO | MarketingAdvantageAI | [AgenticValidation] No rows pending validation.
2026-02-22 15:05:50 |     INFO | MarketingAdvantageAI | [agentic_validation] ✅ Run complete | processed=0 | duration=14ms
2026-02-22 15:06:50 |     INFO | MarketingAdvantageAI | [TemporalRevalidation] No rows pending temporal review.
2026-02-22 15:06:50 |     INFO | MarketingAdvantageAI | [temporal_revalidation] ✅ Run complete | processed=0 | duration=14ms
2026-02-22 15:06:50 |     INFO | MarketingAdvantageAI | [AgenticValidation] No rows pending validation.
2026-02-22 15:06:50 |     INFO | MarketingAdvantageAI | [agentic_validation] ✅ Run complete | processed=0 | duration=13ms
2026-02-22 15:07:00 |     INFO | MarketingAdvantageAI | [ConflictEngine] No rows pending conflict analysis.
2026-02-22 15:07:00 |     INFO | MarketingAdvantageAI | [conflict_detection] ✅ Run complete | processed=0 | duration=16ms
2026-02-22 15:07:50 |     INFO | MarketingAdvantageAI | [AgenticValidation] No rows pending validation.
2026-02-22 15:07:50 |     INFO | MarketingAdvantageAI | [agentic_validation] ✅ Run complete | processed=0 | duration=18ms
2026-02-22 15:08:51 |     INFO | MarketingAdvantageAI | [AgenticValidation] No rows pending validation.
2026-02-22 15:08:51 |     INFO | MarketingAdvantageAI | [agentic_validation] ✅ Run complete | processed=0 | duration=14ms
2026-02-22 15:09:00 |     INFO | MarketingAdvantageAI | [ConflictEngine] No rows pending conflict analysis.
2026-02-22 15:09:00 |     INFO | MarketingAdvantageAI | [conflict_detection] ✅ Run complete | processed=0 | duration=16ms
2026-02-22 15:09:51 |     INFO | MarketingAdvantageAI | [AgenticValidation] No rows pending validation.
2026-02-22 15:09:51 |     INFO | MarketingAdvantageAI | [agentic_validation] ✅ Run complete | processed=0 | duration=25ms
2026-02-22 15:10:51 |     INFO | MarketingAdvantageAI | [AgenticValidation] No rows pending validation.
2026-02-22 15:10:51 |     INFO | MarketingAdvantageAI | [agentic_validation] ✅ Run complete | processed=0 | duration=16ms
2026-02-22 15:11:00 |     INFO | MarketingAdvantageAI | [ConflictEngine] No rows pending conflict analysis.
2026-02-22 15:11:00 |     INFO | MarketingAdvantageAI | [conflict_detection] ✅ Run complete | processed=0 | duration=13ms
2026-02-22 15:11:50 |     INFO | MarketingAdvantageAI | [TemporalRevalidation] No rows pending temporal review.
2026-02-22 15:11:50 |     INFO | MarketingAdvantageAI | [temporal_revalidation] ✅ Run complete | processed=0 | duration=14ms
2026-02-22 15:11:51 |     INFO | MarketingAdvantageAI | [AgenticValidation] No rows pending validation.
2026-02-22 15:11:51 |     INFO | MarketingAdvantageAI | [agentic_validation] ✅ Run complete | processed=0 | duration=15ms
2026-02-22 15:12:51 |     INFO | MarketingAdvantageAI | [AgenticValidation] No rows pending validation.
2026-02-22 15:12:51 |     INFO | MarketingAdvantageAI | [agentic_validation] ✅ Run complete | processed=0 | duration=17ms
2026-02-22 15:13:00 |     INFO | MarketingAdvantageAI | [ConflictEngine] No rows pending conflict analysis.
2026-02-22 15:13:00 |     INFO | MarketingAdvantageAI | [conflict_detection] ✅ Run complete | processed=0 | duration=13ms
2026-02-22 15:13:51 |     INFO | MarketingAdvantageAI | [AgenticValidation] No rows pending validation.
2026-02-22 15:13:51 |     INFO | MarketingAdvantageAI | [agentic_validation] ✅ Run complete | processed=0 | duration=22ms
2026-02-22 15:14:51 |     INFO | MarketingAdvantageAI | [AgenticValidation] No rows pending validation.
2026-02-22 15:14:51 |     INFO | MarketingAdvantageAI | [agentic_validation] ✅ Run complete | processed=0 | duration=20ms
2026-02-22 15:15:00 |     INFO | MarketingAdvantageAI | [ConflictEngine] No rows pending conflict analysis.
2026-02-22 15:15:00 |     INFO | MarketingAdvantageAI | [conflict_detection] ✅ Run complete | processed=0 | duration=13ms
2026-02-22 15:15:51 |     INFO | MarketingAdvantageAI | [AgenticValidation] No rows pending validation.
2026-02-22 15:15:51 |     INFO | MarketingAdvantageAI | [agentic_validation] ✅ Run complete | processed=0 | duration=15ms
2026-02-22 15:16:50 |     INFO | MarketingAdvantageAI | [TemporalRevalidation] No rows pending temporal review.
2026-02-22 15:16:50 |     INFO | MarketingAdvantageAI | [temporal_revalidation] ✅ Run complete | processed=0 | duration=10ms
2026-02-22 15:16:51 |     INFO | MarketingAdvantageAI | [AgenticValidation] No rows pending validation.
2026-02-22 15:16:51 |     INFO | MarketingAdvantageAI | [agentic_validation] ✅ Run complete | processed=0 | duration=16ms
2026-02-22 15:17:00 |     INFO | MarketingAdvantageAI | [ConflictEngine] No rows pending conflict analysis.
2026-02-22 15:17:00 |     INFO | MarketingAdvantageAI | [conflict_detection] ✅ Run complete | processed=0 | duration=10ms
2026-02-22 15:17:51 |     INFO | MarketingAdvantageAI | [AgenticValidation] No rows pending validation.
2026-02-22 15:17:51 |     INFO | MarketingAdvantageAI | [agentic_validation] ✅ Run complete | processed=0 | duration=13ms
2026-02-22 15:18:51 |     INFO | MarketingAdvantageAI | [AgenticValidation] No rows pending validation.
2026-02-22 15:18:51 |     INFO | MarketingAdvantageAI | [agentic_validation] ✅ Run complete | processed=0 | duration=15ms
2026-02-22 15:19:00 |     INFO | MarketingAdvantageAI | [ConflictEngine] No rows pending conflict analysis.
2026-02-22 15:19:00 |     INFO | MarketingAdvantageAI | [conflict_detection] ✅ Run complete | processed=0 | duration=13ms
2026-02-22 15:19:51 |     INFO | MarketingAdvantageAI | [AgenticValidation] No rows pending validation.
2026-02-22 15:19:51 |     INFO | MarketingAdvantageAI | [agentic_validation] ✅ Run complete | processed=0 | duration=16ms
2026-02-22 15:20:51 |     INFO | MarketingAdvantageAI | [AgenticValidation] No rows pending validation.
2026-02-22 15:20:51 |     INFO | MarketingAdvantageAI | [agentic_validation] ✅ Run complete | processed=0 | duration=21ms
2026-02-22 15:21:00 |     INFO | MarketingAdvantageAI | [ConflictEngine] No rows pending conflict analysis.
2026-02-22 15:21:00 |     INFO | MarketingAdvantageAI | [conflict_detection] ✅ Run complete | processed=0 | duration=15ms
2026-02-22 15:21:50 |     INFO | MarketingAdvantageAI | [TemporalRevalidation] No rows pending temporal review.
2026-02-22 15:21:50 |     INFO | MarketingAdvantageAI | [temporal_revalidation] ✅ Run complete | processed=0 | duration=17ms
2026-02-22 15:21:51 |     INFO | MarketingAdvantageAI | [AgenticValidation] No rows pending validation.
2026-02-22 15:21:51 |     INFO | MarketingAdvantageAI | [agentic_validation] ✅ Run complete | processed=0 | duration=17ms
2026-02-22 15:22:51 |     INFO | MarketingAdvantageAI | [AgenticValidation] No rows pending validation.
2026-02-22 15:22:51 |     INFO | MarketingAdvantageAI | [agentic_validation] ✅ Run complete | processed=0 | duration=14ms
2026-02-22 15:23:00 |     INFO | MarketingAdvantageAI | [ConflictEngine] No rows pending conflict analysis.
2026-02-22 15:23:00 |     INFO | MarketingAdvantageAI | [conflict_detection] ✅ Run complete | processed=0 | duration=14ms
2026-02-22 15:23:51 |     INFO | MarketingAdvantageAI | [AgenticValidation] No rows pending validation.
2026-02-22 15:23:51 |     INFO | MarketingAdvantageAI | [agentic_validation] ✅ Run complete | processed=0 | duration=13ms
2026-02-22 15:24:51 |     INFO | MarketingAdvantageAI | [AgenticValidation] No rows pending validation.
2026-02-22 15:24:51 |     INFO | MarketingAdvantageAI | [agentic_validation] ✅ Run complete | processed=0 | duration=11ms
2026-02-22 15:25:00 |     INFO | MarketingAdvantageAI | [ConflictEngine] No rows pending conflict analysis.
2026-02-22 15:25:00 |     INFO | MarketingAdvantageAI | [conflict_detection] ✅ Run complete | processed=0 | duration=29ms
2026-02-22 15:25:51 |     INFO | MarketingAdvantageAI | [AgenticValidation] No rows pending validation.
2026-02-22 15:25:51 |     INFO | MarketingAdvantageAI | [agentic_validation] ✅ Run complete | processed=0 | duration=18ms
2026-02-22 15:26:13 |     INFO | MarketingAdvantageAI | Query embedding generated
2026-02-22 15:26:13 |     INFO | MarketingAdvantageAI | [ChromaSearch] Initializing ChromaDB at ./chroma_db
2026-02-22 15:26:13 |     INFO | MarketingAdvantageAI | [ChromaSearch] ✅ Connected to collection 'ingested_content'
2026-02-22 15:26:44 |     INFO | MarketingAdvantageAI | Query embedding generated
2026-02-22 15:26:50 |     INFO | MarketingAdvantageAI | [TemporalRevalidation] No rows pending temporal review.
2026-02-22 15:26:50 |     INFO | MarketingAdvantageAI | [temporal_revalidation] ✅ Run complete | processed=0 | duration=16ms
2026-02-22 15:26:51 |     INFO | MarketingAdvantageAI | [AgenticValidation] No rows pending validation.
2026-02-22 15:26:51 |     INFO | MarketingAdvantageAI | [agentic_validation] ✅ Run complete | processed=0 | duration=14ms
2026-02-22 15:26:53 |     INFO | MarketingAdvantageAI | Query embedding generated
2026-02-22 15:27:00 |     INFO | MarketingAdvantageAI | [ConflictEngine] No rows pending conflict analysis.
2026-02-22 15:27:00 |     INFO | MarketingAdvantageAI | [conflict_detection] ✅ Run complete | processed=0 | duration=12ms
2026-02-22 15:27:48 |     INFO | MarketingAdvantageAI | Query embedding generated
2026-02-22 15:27:48 |     INFO | MarketingAdvantageAI | [ChromaSearch] Initializing ChromaDB at ./chroma_db
2026-02-22 15:27:48 |     INFO | MarketingAdvantageAI | [ChromaSearch] ✅ Connected to collection 'ingested_content'
2026-02-22 15:27:51 |     INFO | MarketingAdvantageAI | [AgenticValidation] No rows pending validation.
2026-02-22 15:27:51 |     INFO | MarketingAdvantageAI | [agentic_validation] ✅ Run complete | processed=0 | duration=146ms
2026-02-22 15:28:51 |     INFO | MarketingAdvantageAI | [AgenticValidation] No rows pending validation.
2026-02-22 15:28:51 |     INFO | MarketingAdvantageAI | [agentic_validation] ✅ Run complete | processed=0 | duration=14ms
2026-02-22 15:29:00 |     INFO | MarketingAdvantageAI | [ConflictEngine] No rows pending conflict analysis.
2026-02-22 15:29:00 |     INFO | MarketingAdvantageAI | [conflict_detection] ✅ Run complete | processed=0 | duration=13ms
2026-02-22 15:29:51 |     INFO | MarketingAdvantageAI | [AgenticValidation] No rows pending validation.
2026-02-22 15:29:51 |     INFO | MarketingAdvantageAI | [agentic_validation] ✅ Run complete | processed=0 | duration=16ms
2026-02-22 15:30:51 |     INFO | MarketingAdvantageAI | [AgenticValidation] No rows pending validation.
2026-02-22 15:30:51 |     INFO | MarketingAdvantageAI | [agentic_validation] ✅ Run complete | processed=0 | duration=20ms
2026-02-22 15:31:00 |     INFO | MarketingAdvantageAI | [ConflictEngine] No rows pending conflict analysis.
2026-02-22 15:31:00 |     INFO | MarketingAdvantageAI | [conflict_detection] ✅ Run complete | processed=0 | duration=17ms
2026-02-22 15:31:50 |     INFO | MarketingAdvantageAI | [TemporalRevalidation] No rows pending temporal review.
2026-02-22 15:31:50 |     INFO | MarketingAdvantageAI | [temporal_revalidation] ✅ Run complete | processed=0 | duration=17ms
2026-02-22 15:31:51 |     INFO | MarketingAdvantageAI | [AgenticValidation] No rows pending validation.
2026-02-22 15:31:51 |     INFO | MarketingAdvantageAI | [agentic_validation] ✅ Run complete | processed=0 | duration=16ms
2026-02-22 15:32:51 |     INFO | MarketingAdvantageAI | [AgenticValidation] No rows pending validation.
2026-02-22 15:32:51 |     INFO | MarketingAdvantageAI | [agentic_validation] ✅ Run complete | processed=0 | duration=11ms
2026-02-22 15:33:00 |     INFO | MarketingAdvantageAI | [ConflictEngine] No rows pending conflict analysis.
2026-02-22 15:33:00 |     INFO | MarketingAdvantageAI | [conflict_detection] ✅ Run complete | processed=0 | duration=12ms
2026-02-22 15:33:51 |     INFO | MarketingAdvantageAI | [AgenticValidation] No rows pending validation.
2026-02-22 15:33:51 |     INFO | MarketingAdvantageAI | [agentic_validation] ✅ Run complete | processed=0 | duration=16ms
2026-02-22 15:34:51 |     INFO | MarketingAdvantageAI | [AgenticValidation] No rows pending validation.
2026-02-22 15:34:51 |     INFO | MarketingAdvantageAI | [agentic_validation] ✅ Run complete | processed=0 | duration=11ms
2026-02-22 15:35:00 |     INFO | MarketingAdvantageAI | [ConflictEngine] No rows pending conflict analysis.
2026-02-22 15:35:00 |     INFO | MarketingAdvantageAI | [conflict_detection] ✅ Run complete | processed=0 | duration=13ms
2026-02-22 15:35:51 |     INFO | MarketingAdvantageAI | [AgenticValidation] No rows pending validation.
2026-02-22 15:35:51 |     INFO | MarketingAdvantageAI | [agentic_validation] ✅ Run complete | processed=0 | duration=15ms
2026-02-22 15:36:50 |     INFO | MarketingAdvantageAI | [TemporalRevalidation] No rows pending temporal review.
2026-02-22 15:36:50 |     INFO | MarketingAdvantageAI | [temporal_revalidation] ✅ Run complete | processed=0 | duration=13ms
2026-02-22 15:36:51 |     INFO | MarketingAdvantageAI | [AgenticValidation] No rows pending validation.
2026-02-22 15:36:51 |     INFO | MarketingAdvantageAI | [agentic_validation] ✅ Run complete | processed=0 | duration=17ms
2026-02-22 15:37:00 |     INFO | MarketingAdvantageAI | [ConflictEngine] No rows pending conflict analysis.
2026-02-22 15:37:00 |     INFO | MarketingAdvantageAI | [conflict_detection] ✅ Run complete | processed=0 | duration=13ms
2026-02-22 15:37:51 |     INFO | MarketingAdvantageAI | [AgenticValidation] No rows pending validation.
2026-02-22 15:37:51 |     INFO | MarketingAdvantageAI | [agentic_validation] ✅ Run complete | processed=0 | duration=13ms
2026-02-22 15:38:51 |     INFO | MarketingAdvantageAI | [AgenticValidation] No rows pending validation.
2026-02-22 15:38:51 |     INFO | MarketingAdvantageAI | [agentic_validation] ✅ Run complete | processed=0 | duration=14ms
2026-02-22 15:39:00 |     INFO | MarketingAdvantageAI | [ConflictEngine] No rows pending conflict analysis.
2026-02-22 15:39:00 |     INFO | MarketingAdvantageAI | [conflict_detection] ✅ Run complete | processed=0 | duration=12ms
2026-02-22 15:39:51 |     INFO | MarketingAdvantageAI | [AgenticValidation] No rows pending validation.
2026-02-22 15:39:51 |     INFO | MarketingAdvantageAI | [agentic_validation] ✅ Run complete | processed=0 | duration=13ms
2026-02-22 15:40:51 |     INFO | MarketingAdvantageAI | [AgenticValidation] No rows pending validation.
2026-02-22 15:40:51 |     INFO | MarketingAdvantageAI | [agentic_validation] ✅ Run complete | processed=0 | duration=14ms
2026-02-22 15:41:00 |     INFO | MarketingAdvantageAI | [ConflictEngine] No rows pending conflict analysis.
2026-02-22 15:41:00 |     INFO | MarketingAdvantageAI | [conflict_detection] ✅ Run complete | processed=0 | duration=14ms
2026-02-22 15:41:50 |     INFO | MarketingAdvantageAI | [TemporalRevalidation] No rows pending temporal review.
2026-02-22 15:41:50 |     INFO | MarketingAdvantageAI | [temporal_revalidation] ✅ Run complete | processed=0 | duration=12ms
2026-02-22 15:41:51 |     INFO | MarketingAdvantageAI | [AgenticValidation] No rows pending validation.
2026-02-22 15:41:51 |     INFO | MarketingAdvantageAI | [agentic_validation] ✅ Run complete | processed=0 | duration=13ms
2026-02-22 15:42:51 |     INFO | MarketingAdvantageAI | [AgenticValidation] No rows pending validation.
2026-02-22 15:42:51 |     INFO | MarketingAdvantageAI | [agentic_validation] ✅ Run complete | processed=0 | duration=12ms
2026-02-22 15:43:00 |     INFO | MarketingAdvantageAI | [ConflictEngine] No rows pending conflict analysis.
2026-02-22 15:43:00 |     INFO | MarketingAdvantageAI | [conflict_detection] ✅ Run complete | processed=0 | duration=13ms
2026-02-22 15:43:51 |     INFO | MarketingAdvantageAI | [AgenticValidation] No rows pending validation.
2026-02-22 15:43:51 |     INFO | MarketingAdvantageAI | [agentic_validation] ✅ Run complete | processed=0 | duration=13ms
2026-02-22 15:44:51 |     INFO | MarketingAdvantageAI | [AgenticValidation] No rows pending validation.
2026-02-22 15:44:51 |     INFO | MarketingAdvantageAI | [agentic_validation] ✅ Run complete | processed=0 | duration=17ms
2026-02-22 15:45:00 |     INFO | MarketingAdvantageAI | [ConflictEngine] No rows pending conflict analysis.
2026-02-22 15:45:00 |     INFO | MarketingAdvantageAI | [conflict_detection] ✅ Run complete | processed=0 | duration=15ms
2026-02-22 15:45:51 |     INFO | MarketingAdvantageAI | [AgenticValidation] No rows pending validation.
2026-02-22 15:45:51 |     INFO | MarketingAdvantageAI | [agentic_validation] ✅ Run complete | processed=0 | duration=14ms
2026-02-22 15:46:50 |     INFO | MarketingAdvantageAI | [TemporalRevalidation] No rows pending temporal review.
2026-02-22 15:46:50 |     INFO | MarketingAdvantageAI | [temporal_revalidation] ✅ Run complete | processed=0 | duration=12ms
2026-02-22 15:46:51 |     INFO | MarketingAdvantageAI | [AgenticValidation] No rows pending validation.
2026-02-22 15:46:51 |     INFO | MarketingAdvantageAI | [agentic_validation] ✅ Run complete | processed=0 | duration=12ms
2026-02-22 15:47:00 |     INFO | MarketingAdvantageAI | [ConflictEngine] No rows pending conflict analysis.
2026-02-22 15:47:00 |     INFO | MarketingAdvantageAI | [conflict_detection] ✅ Run complete | processed=0 | duration=25ms
2026-02-22 15:47:52 |     INFO | MarketingAdvantageAI | [AgenticValidation] No rows pending validation.
2026-02-22 15:47:52 |     INFO | MarketingAdvantageAI | [agentic_validation] ✅ Run complete | processed=0 | duration=19ms
2026-02-22 15:48:52 |     INFO | MarketingAdvantageAI | [AgenticValidation] No rows pending validation.
2026-02-22 15:48:52 |     INFO | MarketingAdvantageAI | [agentic_validation] ✅ Run complete | processed=0 | duration=14ms
2026-02-22 15:49:00 |     INFO | MarketingAdvantageAI | [ConflictEngine] No rows pending conflict analysis.
2026-02-22 15:49:00 |     INFO | MarketingAdvantageAI | [conflict_detection] ✅ Run complete | processed=0 | duration=11ms
2026-02-22 15:49:52 |     INFO | MarketingAdvantageAI | [AgenticValidation] No rows pending validation.
2026-02-22 15:49:52 |     INFO | MarketingAdvantageAI | [agentic_validation] ✅ Run complete | processed=0 | duration=13ms
2026-02-22 15:50:52 |     INFO | MarketingAdvantageAI | [AgenticValidation] No rows pending validation.
2026-02-22 15:50:52 |     INFO | MarketingAdvantageAI | [agentic_validation] ✅ Run complete | processed=0 | duration=14ms
2026-02-22 15:51:00 |     INFO | MarketingAdvantageAI | [ConflictEngine] No rows pending conflict analysis.
2026-02-22 15:51:00 |     INFO | MarketingAdvantageAI | [conflict_detection] ✅ Run complete | processed=0 | duration=25ms
2026-02-22 15:51:50 |     INFO | MarketingAdvantageAI | [TemporalRevalidation] No rows pending temporal review.
2026-02-22 15:51:50 |     INFO | MarketingAdvantageAI | [temporal_revalidation] ✅ Run complete | processed=0 | duration=13ms
2026-02-22 15:51:52 |     INFO | MarketingAdvantageAI | [AgenticValidation] No rows pending validation.
2026-02-22 15:51:52 |     INFO | MarketingAdvantageAI | [agentic_validation] ✅ Run complete | processed=0 | duration=22ms
2026-02-22 15:52:52 |     INFO | MarketingAdvantageAI | [AgenticValidation] No rows pending validation.
2026-02-22 15:52:52 |     INFO | MarketingAdvantageAI | [agentic_validation] ✅ Run complete | processed=0 | duration=25ms
2026-02-22 15:53:00 |     INFO | MarketingAdvantageAI | [ConflictEngine] No rows pending conflict analysis.
2026-02-22 15:53:00 |     INFO | MarketingAdvantageAI | [conflict_detection] ✅ Run complete | processed=0 | duration=29ms
2026-02-22 15:53:52 |     INFO | MarketingAdvantageAI | [AgenticValidation] No rows pending validation.
2026-02-22 15:53:52 |     INFO | MarketingAdvantageAI | [agentic_validation] ✅ Run complete | processed=0 | duration=17ms
2026-02-22 15:54:52 |     INFO | MarketingAdvantageAI | [AgenticValidation] No rows pending validation.
2026-02-22 15:54:52 |     INFO | MarketingAdvantageAI | [agentic_validation] ✅ Run complete | processed=0 | duration=19ms
2026-02-22 15:55:00 |     INFO | MarketingAdvantageAI | [ConflictEngine] No rows pending conflict analysis.
2026-02-22 15:55:00 |     INFO | MarketingAdvantageAI | [conflict_detection] ✅ Run complete | processed=0 | duration=28ms
2026-02-22 15:55:52 |     INFO | MarketingAdvantageAI | [AgenticValidation] No rows pending validation.
2026-02-22 15:55:52 |     INFO | MarketingAdvantageAI | [agentic_validation] ✅ Run complete | processed=0 | duration=28ms
2026-02-22 15:56:50 |     INFO | MarketingAdvantageAI | [TemporalRevalidation] No rows pending temporal review.
2026-02-22 15:56:50 |     INFO | MarketingAdvantageAI | [temporal_revalidation] ✅ Run complete | processed=0 | duration=19ms
2026-02-22 15:56:52 |     INFO | MarketingAdvantageAI | [AgenticValidation] No rows pending validation.
2026-02-22 15:56:52 |     INFO | MarketingAdvantageAI | [agentic_validation] ✅ Run complete | processed=0 | duration=21ms
2026-02-22 15:57:00 |     INFO | MarketingAdvantageAI | [ConflictEngine] No rows pending conflict analysis.
2026-02-22 15:57:00 |     INFO | MarketingAdvantageAI | [conflict_detection] ✅ Run complete | processed=0 | duration=24ms
2026-02-22 15:57:52 |     INFO | MarketingAdvantageAI | [AgenticValidation] No rows pending validation.
2026-02-22 15:57:52 |     INFO | MarketingAdvantageAI | [agentic_validation] ✅ Run complete | processed=0 | duration=112ms
2026-02-22 15:58:52 |     INFO | MarketingAdvantageAI | [AgenticValidation] No rows pending validation.
2026-02-22 15:58:52 |     INFO | MarketingAdvantageAI | [agentic_validation] ✅ Run complete | processed=0 | duration=21ms
2026-02-22 15:59:00 |     INFO | MarketingAdvantageAI | [ConflictEngine] No rows pending conflict analysis.
2026-02-22 15:59:00 |     INFO | MarketingAdvantageAI | [conflict_detection] ✅ Run complete | processed=0 | duration=27ms
2026-02-22 15:59:52 |     INFO | MarketingAdvantageAI | [AgenticValidation] No rows pending validation.
2026-02-22 15:59:52 |     INFO | MarketingAdvantageAI | [agentic_validation] ✅ Run complete | processed=0 | duration=12ms
2026-02-22 16:00:52 |     INFO | MarketingAdvantageAI | [AgenticValidation] No rows pending validation.
2026-02-22 16:00:52 |     INFO | MarketingAdvantageAI | [agentic_validation] ✅ Run complete | processed=0 | duration=13ms
2026-02-22 16:01:00 |     INFO | MarketingAdvantageAI | [ConflictEngine] No rows pending conflict analysis.
2026-02-22 16:01:00 |     INFO | MarketingAdvantageAI | [conflict_detection] ✅ Run complete | processed=0 | duration=14ms
2026-02-22 16:01:50 |     INFO | MarketingAdvantageAI | [TemporalRevalidation] No rows pending temporal review.
2026-02-22 16:01:50 |     INFO | MarketingAdvantageAI | [temporal_revalidation] ✅ Run complete | processed=0 | duration=16ms
2026-02-22 16:01:52 |     INFO | MarketingAdvantageAI | [AgenticValidation] No rows pending validation.
2026-02-22 16:01:52 |     INFO | MarketingAdvantageAI | [agentic_validation] ✅ Run complete | processed=0 | duration=14ms
2026-02-22 16:02:52 |     INFO | MarketingAdvantageAI | [AgenticValidation] No rows pending validation.
2026-02-22 16:02:52 |     INFO | MarketingAdvantageAI | [agentic_validation] ✅ Run complete | processed=0 | duration=23ms
2026-02-22 16:03:00 |     INFO | MarketingAdvantageAI | [ConflictEngine] No rows pending conflict analysis.
2026-02-22 16:03:00 |     INFO | MarketingAdvantageAI | [conflict_detection] ✅ Run complete | processed=0 | duration=14ms
2026-02-22 16:03:52 |     INFO | MarketingAdvantageAI | [AgenticValidation] No rows pending validation.
2026-02-22 16:03:52 |     INFO | MarketingAdvantageAI | [agentic_validation] ✅ Run complete | processed=0 | duration=13ms
2026-02-22 16:04:52 |     INFO | MarketingAdvantageAI | [AgenticValidation] No rows pending validation.
2026-02-22 16:04:52 |     INFO | MarketingAdvantageAI | [agentic_validation] ✅ Run complete | processed=0 | duration=17ms
2026-02-22 16:05:00 |     INFO | MarketingAdvantageAI | [ConflictEngine] No rows pending conflict analysis.
2026-02-22 16:05:00 |     INFO | MarketingAdvantageAI | [conflict_detection] ✅ Run complete | processed=0 | duration=16ms
2026-02-22 16:05:52 |     INFO | MarketingAdvantageAI | [AgenticValidation] No rows pending validation.
2026-02-22 16:05:52 |     INFO | MarketingAdvantageAI | [agentic_validation] ✅ Run complete | processed=0 | duration=27ms
2026-02-22 16:06:50 |     INFO | MarketingAdvantageAI | [TemporalRevalidation] No rows pending temporal review.
2026-02-22 16:06:50 |     INFO | MarketingAdvantageAI | [temporal_revalidation] ✅ Run complete | processed=0 | duration=24ms
2026-02-22 16:06:52 |     INFO | MarketingAdvantageAI | [AgenticValidation] No rows pending validation.
2026-02-22 16:06:52 |     INFO | MarketingAdvantageAI | [agentic_validation] ✅ Run complete | processed=0 | duration=24ms
2026-02-22 16:07:01 |     INFO | MarketingAdvantageAI | [ConflictEngine] No rows pending conflict analysis.
2026-02-22 16:07:01 |     INFO | MarketingAdvantageAI | [conflict_detection] ✅ Run complete | processed=0 | duration=25ms
2026-02-22 16:07:52 |     INFO | MarketingAdvantageAI | [AgenticValidation] No rows pending validation.
2026-02-22 16:07:52 |     INFO | MarketingAdvantageAI | [agentic_validation] ✅ Run complete | processed=0 | duration=26ms
2026-02-22 16:08:52 |     INFO | MarketingAdvantageAI | [AgenticValidation] No rows pending validation.
2026-02-22 16:08:52 |     INFO | MarketingAdvantageAI | [agentic_validation] ✅ Run complete | processed=0 | duration=23ms
2026-02-22 16:09:01 |     INFO | MarketingAdvantageAI | [ConflictEngine] No rows pending conflict analysis.
2026-02-22 16:09:01 |     INFO | MarketingAdvantageAI | [conflict_detection] ✅ Run complete | processed=0 | duration=13ms
2026-02-22 16:09:52 |     INFO | MarketingAdvantageAI | [AgenticValidation] No rows pending validation.
2026-02-22 16:09:52 |     INFO | MarketingAdvantageAI | [agentic_validation] ✅ Run complete | processed=0 | duration=24ms
2026-02-22 16:10:52 |     INFO | MarketingAdvantageAI | [AgenticValidation] No rows pending validation.
2026-02-22 16:10:52 |     INFO | MarketingAdvantageAI | [agentic_validation] ✅ Run complete | processed=0 | duration=25ms
2026-02-22 16:11:01 |     INFO | MarketingAdvantageAI | [ConflictEngine] No rows pending conflict analysis.
2026-02-22 16:11:01 |     INFO | MarketingAdvantageAI | [conflict_detection] ✅ Run complete | processed=0 | duration=24ms
2026-02-22 16:11:50 |     INFO | MarketingAdvantageAI | [TemporalRevalidation] No rows pending temporal review.
2026-02-22 16:11:50 |     INFO | MarketingAdvantageAI | [temporal_revalidation] ✅ Run complete | processed=0 | duration=23ms
2026-02-22 16:11:52 |     INFO | MarketingAdvantageAI | [AgenticValidation] No rows pending validation.
2026-02-22 16:11:52 |     INFO | MarketingAdvantageAI | [agentic_validation] ✅ Run complete | processed=0 | duration=19ms
2026-02-22 16:12:52 |     INFO | MarketingAdvantageAI | [AgenticValidation] No rows pending validation.
2026-02-22 16:12:52 |     INFO | MarketingAdvantageAI | [agentic_validation] ✅ Run complete | processed=0 | duration=24ms
2026-02-22 16:13:01 |     INFO | MarketingAdvantageAI | [ConflictEngine] No rows pending conflict analysis.
2026-02-22 16:13:01 |     INFO | MarketingAdvantageAI | [conflict_detection] ✅ Run complete | processed=0 | duration=16ms
2026-02-22 16:13:52 |     INFO | MarketingAdvantageAI | [AgenticValidation] No rows pending validation.
2026-02-22 16:13:52 |     INFO | MarketingAdvantageAI | [agentic_validation] ✅ Run complete | processed=0 | duration=12ms
2026-02-22 16:14:52 |     INFO | MarketingAdvantageAI | [AgenticValidation] No rows pending validation.
2026-02-22 16:14:52 |     INFO | MarketingAdvantageAI | [agentic_validation] ✅ Run complete | processed=0 | duration=18ms
2026-02-22 16:15:01 |     INFO | MarketingAdvantageAI | [ConflictEngine] No rows pending conflict analysis.
2026-02-22 16:15:01 |     INFO | MarketingAdvantageAI | [conflict_detection] ✅ Run complete | processed=0 | duration=19ms
2026-02-22 16:15:52 |     INFO | MarketingAdvantageAI | [AgenticValidation] No rows pending validation.
2026-02-22 16:15:52 |     INFO | MarketingAdvantageAI | [agentic_validation] ✅ Run complete | processed=0 | duration=17ms
2026-02-22 16:16:50 |     INFO | MarketingAdvantageAI | [TemporalRevalidation] No rows pending temporal review.
2026-02-22 16:16:50 |     INFO | MarketingAdvantageAI | [temporal_revalidation] ✅ Run complete | processed=0 | duration=17ms
2026-02-22 16:16:52 |     INFO | MarketingAdvantageAI | [AgenticValidation] No rows pending validation.
2026-02-22 16:16:52 |     INFO | MarketingAdvantageAI | [agentic_validation] ✅ Run complete | processed=0 | duration=12ms
2026-02-22 16:17:01 |     INFO | MarketingAdvantageAI | [ConflictEngine] No rows pending conflict analysis.
2026-02-22 16:17:01 |     INFO | MarketingAdvantageAI | [conflict_detection] ✅ Run complete | processed=0 | duration=14ms
2026-02-22 16:17:52 |     INFO | MarketingAdvantageAI | [AgenticValidation] No rows pending validation.
2026-02-22 16:17:52 |     INFO | MarketingAdvantageAI | [agentic_validation] ✅ Run complete | processed=0 | duration=20ms
2026-02-22 16:18:51 |     INFO | MarketingAdvantageAI | [AgenticValidation] No rows pending validation.
2026-02-22 16:18:51 |     INFO | MarketingAdvantageAI | [agentic_validation] ✅ Run complete | processed=0 | duration=21ms
2026-02-22 16:19:00 |     INFO | MarketingAdvantageAI | [ConflictEngine] No rows pending conflict analysis.
2026-02-22 16:19:00 |     INFO | MarketingAdvantageAI | [conflict_detection] ✅ Run complete | processed=0 | duration=17ms
2026-02-22 16:19:51 |     INFO | MarketingAdvantageAI | [AgenticValidation] No rows pending validation.
2026-02-22 16:19:51 |     INFO | MarketingAdvantageAI | [agentic_validation] ✅ Run complete | processed=0 | duration=23ms
2026-02-22 16:20:51 |     INFO | MarketingAdvantageAI | [AgenticValidation] No rows pending validation.
2026-02-22 16:20:51 |     INFO | MarketingAdvantageAI | [agentic_validation] ✅ Run complete | processed=0 | duration=17ms
2026-02-22 16:21:00 |     INFO | MarketingAdvantageAI | [ConflictEngine] No rows pending conflict analysis.
2026-02-22 16:21:00 |     INFO | MarketingAdvantageAI | [conflict_detection] ✅ Run complete | processed=0 | duration=19ms
2026-02-22 16:21:49 |     INFO | MarketingAdvantageAI | [TemporalRevalidation] No rows pending temporal review.
2026-02-22 16:21:49 |     INFO | MarketingAdvantageAI | [temporal_revalidation] ✅ Run complete | processed=0 | duration=23ms
2026-02-22 16:21:51 |     INFO | MarketingAdvantageAI | [AgenticValidation] No rows pending validation.
2026-02-22 16:21:51 |     INFO | MarketingAdvantageAI | [agentic_validation] ✅ Run complete | processed=0 | duration=19ms
2026-02-22 16:22:51 |     INFO | MarketingAdvantageAI | [AgenticValidation] No rows pending validation.
2026-02-22 16:22:51 |     INFO | MarketingAdvantageAI | [agentic_validation] ✅ Run complete | processed=0 | duration=18ms
2026-02-22 16:23:00 |     INFO | MarketingAdvantageAI | [ConflictEngine] No rows pending conflict analysis.
2026-02-22 16:23:00 |     INFO | MarketingAdvantageAI | [conflict_detection] ✅ Run complete | processed=0 | duration=25ms
2026-02-22 16:23:51 |     INFO | MarketingAdvantageAI | [AgenticValidation] No rows pending validation.
2026-02-22 16:23:51 |     INFO | MarketingAdvantageAI | [agentic_validation] ✅ Run complete | processed=0 | duration=12ms
2026-02-22 16:24:51 |     INFO | MarketingAdvantageAI | [AgenticValidation] No rows pending validation.
2026-02-22 16:24:51 |     INFO | MarketingAdvantageAI | [agentic_validation] ✅ Run complete | processed=0 | duration=27ms
2026-02-22 16:25:00 |     INFO | MarketingAdvantageAI | [ConflictEngine] No rows pending conflict analysis.
2026-02-22 16:25:00 |     INFO | MarketingAdvantageAI | [conflict_detection] ✅ Run complete | processed=0 | duration=18ms
2026-02-22 16:25:51 |     INFO | MarketingAdvantageAI | [AgenticValidation] No rows pending validation.
2026-02-22 16:25:51 |     INFO | MarketingAdvantageAI | [agentic_validation] ✅ Run complete | processed=0 | duration=18ms
2026-02-22 16:26:49 |     INFO | MarketingAdvantageAI | [TemporalRevalidation] No rows pending temporal review.
2026-02-22 16:26:49 |     INFO | MarketingAdvantageAI | [temporal_revalidation] ✅ Run complete | processed=0 | duration=23ms
2026-02-22 16:26:51 |     INFO | MarketingAdvantageAI | [AgenticValidation] No rows pending validation.
2026-02-22 16:26:51 |     INFO | MarketingAdvantageAI | [agentic_validation] ✅ Run complete | processed=0 | duration=21ms
2026-02-22 16:27:00 |     INFO | MarketingAdvantageAI | [ConflictEngine] No rows pending conflict analysis.
2026-02-22 16:27:00 |     INFO | MarketingAdvantageAI | [conflict_detection] ✅ Run complete | processed=0 | duration=12ms
2026-02-22 16:27:51 |     INFO | MarketingAdvantageAI | [AgenticValidation] No rows pending validation.
2026-02-22 16:27:51 |     INFO | MarketingAdvantageAI | [agentic_validation] ✅ Run complete | processed=0 | duration=11ms
2026-02-22 16:28:52 |     INFO | MarketingAdvantageAI | [AgenticValidation] No rows pending validation.
2026-02-22 16:28:52 |     INFO | MarketingAdvantageAI | [agentic_validation] ✅ Run complete | processed=0 | duration=147ms
2026-02-22 16:29:00 |     INFO | MarketingAdvantageAI | [ConflictEngine] No rows pending conflict analysis.
2026-02-22 16:29:00 |     INFO | MarketingAdvantageAI | [conflict_detection] ✅ Run complete | processed=0 | duration=20ms
2026-02-22 16:29:52 |     INFO | MarketingAdvantageAI | [AgenticValidation] No rows pending validation.
2026-02-22 16:29:52 |     INFO | MarketingAdvantageAI | [agentic_validation] ✅ Run complete | processed=0 | duration=22ms
2026-02-22 16:30:52 |     INFO | MarketingAdvantageAI | [AgenticValidation] No rows pending validation.
2026-02-22 16:30:52 |     INFO | MarketingAdvantageAI | [agentic_validation] ✅ Run complete | processed=0 | duration=26ms
2026-02-22 16:31:00 |     INFO | MarketingAdvantageAI | [ConflictEngine] No rows pending conflict analysis.
2026-02-22 16:31:00 |     INFO | MarketingAdvantageAI | [conflict_detection] ✅ Run complete | processed=0 | duration=15ms
2026-02-22 16:31:49 |     INFO | MarketingAdvantageAI | [TemporalRevalidation] No rows pending temporal review.
2026-02-22 16:31:49 |     INFO | MarketingAdvantageAI | [temporal_revalidation] ✅ Run complete | processed=0 | duration=16ms
2026-02-22 16:31:52 |     INFO | MarketingAdvantageAI | [AgenticValidation] No rows pending validation.
2026-02-22 16:31:52 |     INFO | MarketingAdvantageAI | [agentic_validation] ✅ Run complete | processed=0 | duration=18ms
2026-02-22 16:32:52 |     INFO | MarketingAdvantageAI | [AgenticValidation] No rows pending validation.
2026-02-22 16:32:52 |     INFO | MarketingAdvantageAI | [agentic_validation] ✅ Run complete | processed=0 | duration=17ms
2026-02-22 16:33:00 |     INFO | MarketingAdvantageAI | [ConflictEngine] No rows pending conflict analysis.
2026-02-22 16:33:00 |     INFO | MarketingAdvantageAI | [conflict_detection] ✅ Run complete | processed=0 | duration=18ms
2026-02-22 16:33:52 |     INFO | MarketingAdvantageAI | [AgenticValidation] No rows pending validation.
2026-02-22 16:33:52 |     INFO | MarketingAdvantageAI | [agentic_validation] ✅ Run complete | processed=0 | duration=19ms
2026-02-22 16:34:52 |     INFO | MarketingAdvantageAI | [AgenticValidation] No rows pending validation.
2026-02-22 16:34:52 |     INFO | MarketingAdvantageAI | [agentic_validation] ✅ Run complete | processed=0 | duration=23ms
2026-02-22 16:35:00 |     INFO | MarketingAdvantageAI | [ConflictEngine] No rows pending conflict analysis.
2026-02-22 16:35:00 |     INFO | MarketingAdvantageAI | [conflict_detection] ✅ Run complete | processed=0 | duration=30ms
2026-02-22 16:35:52 |     INFO | MarketingAdvantageAI | [AgenticValidation] No rows pending validation.
2026-02-22 16:35:52 |     INFO | MarketingAdvantageAI | [agentic_validation] ✅ Run complete | processed=0 | duration=26ms
2026-02-22 16:36:49 |     INFO | MarketingAdvantageAI | [TemporalRevalidation] No rows pending temporal review.
2026-02-22 16:36:49 |     INFO | MarketingAdvantageAI | [temporal_revalidation] ✅ Run complete | processed=0 | duration=14ms
2026-02-22 16:36:52 |     INFO | MarketingAdvantageAI | [AgenticValidation] No rows pending validation.
2026-02-22 16:36:52 |     INFO | MarketingAdvantageAI | [agentic_validation] ✅ Run complete | processed=0 | duration=30ms
2026-02-22 16:37:00 |     INFO | MarketingAdvantageAI | [ConflictEngine] No rows pending conflict analysis.
2026-02-22 16:37:00 |     INFO | MarketingAdvantageAI | [conflict_detection] ✅ Run complete | processed=0 | duration=15ms
2026-02-22 16:37:52 |     INFO | MarketingAdvantageAI | [AgenticValidation] No rows pending validation.
2026-02-22 16:37:52 |     INFO | MarketingAdvantageAI | [agentic_validation] ✅ Run complete | processed=0 | duration=23ms
2026-02-22 16:38:52 |     INFO | MarketingAdvantageAI | [AgenticValidation] No rows pending validation.
2026-02-22 16:38:52 |     INFO | MarketingAdvantageAI | [agentic_validation] ✅ Run complete | processed=0 | duration=25ms
2026-02-22 16:39:00 |     INFO | MarketingAdvantageAI | [ConflictEngine] No rows pending conflict analysis.
2026-02-22 16:39:00 |     INFO | MarketingAdvantageAI | [conflict_detection] ✅ Run complete | processed=0 | duration=13ms
2026-02-22 16:39:52 |     INFO | MarketingAdvantageAI | [AgenticValidation] No rows pending validation.
2026-02-22 16:39:52 |     INFO | MarketingAdvantageAI | [agentic_validation] ✅ Run complete | processed=0 | duration=21ms
2026-02-22 16:40:52 |     INFO | MarketingAdvantageAI | [AgenticValidation] No rows pending validation.
2026-02-22 16:40:52 |     INFO | MarketingAdvantageAI | [agentic_validation] ✅ Run complete | processed=0 | duration=27ms
2026-02-22 16:41:00 |     INFO | MarketingAdvantageAI | [ConflictEngine] No rows pending conflict analysis.
2026-02-22 16:41:00 |     INFO | MarketingAdvantageAI | [conflict_detection] ✅ Run complete | processed=0 | duration=11ms
2026-02-22 16:41:49 |     INFO | MarketingAdvantageAI | [TemporalRevalidation] No rows pending temporal review.
2026-02-22 16:41:49 |     INFO | MarketingAdvantageAI | [temporal_revalidation] ✅ Run complete | processed=0 | duration=13ms
2026-02-22 16:41:52 |     INFO | MarketingAdvantageAI | [AgenticValidation] No rows pending validation.
2026-02-22 16:41:52 |     INFO | MarketingAdvantageAI | [agentic_validation] ✅ Run complete | processed=0 | duration=12ms
2026-02-22 16:42:52 |     INFO | MarketingAdvantageAI | [AgenticValidation] No rows pending validation.
2026-02-22 16:42:52 |     INFO | MarketingAdvantageAI | [agentic_validation] ✅ Run complete | processed=0 | duration=25ms
2026-02-22 16:43:00 |     INFO | MarketingAdvantageAI | [ConflictEngine] No rows pending conflict analysis.
2026-02-22 16:43:00 |     INFO | MarketingAdvantageAI | [conflict_detection] ✅ Run complete | processed=0 | duration=27ms
2026-02-22 16:43:52 |     INFO | MarketingAdvantageAI | [AgenticValidation] No rows pending validation.
2026-02-22 16:43:52 |     INFO | MarketingAdvantageAI | [agentic_validation] ✅ Run complete | processed=0 | duration=27ms
2026-02-22 16:44:52 |     INFO | MarketingAdvantageAI | [AgenticValidation] No rows pending validation.
2026-02-22 16:44:52 |     INFO | MarketingAdvantageAI | [agentic_validation] ✅ Run complete | processed=0 | duration=27ms
2026-02-22 16:45:00 |     INFO | MarketingAdvantageAI | [ConflictEngine] No rows pending conflict analysis.
2026-02-22 16:45:00 |     INFO | MarketingAdvantageAI | [conflict_detection] ✅ Run complete | processed=0 | duration=16ms
2026-02-22 16:45:52 |     INFO | MarketingAdvantageAI | [AgenticValidation] No rows pending validation.
2026-02-22 16:45:52 |     INFO | MarketingAdvantageAI | [agentic_validation] ✅ Run complete | processed=0 | duration=27ms
2026-02-22 16:46:49 |     INFO | MarketingAdvantageAI | [TemporalRevalidation] No rows pending temporal review.
2026-02-22 16:46:49 |     INFO | MarketingAdvantageAI | [temporal_revalidation] ✅ Run complete | processed=0 | duration=20ms
2026-02-22 16:46:52 |     INFO | MarketingAdvantageAI | [AgenticValidation] No rows pending validation.
2026-02-22 16:46:52 |     INFO | MarketingAdvantageAI | [agentic_validation] ✅ Run complete | processed=0 | duration=25ms
2026-02-22 16:47:00 |     INFO | MarketingAdvantageAI | [ConflictEngine] No rows pending conflict analysis.
2026-02-22 16:47:00 |     INFO | MarketingAdvantageAI | [conflict_detection] ✅ Run complete | processed=0 | duration=23ms
2026-02-22 16:47:52 |     INFO | MarketingAdvantageAI | [AgenticValidation] No rows pending validation.
2026-02-22 16:47:52 |     INFO | MarketingAdvantageAI | [agentic_validation] ✅ Run complete | processed=0 | duration=24ms
2026-02-22 16:48:52 |     INFO | MarketingAdvantageAI | [AgenticValidation] No rows pending validation.
2026-02-22 16:48:52 |     INFO | MarketingAdvantageAI | [agentic_validation] ✅ Run complete | processed=0 | duration=24ms
2026-02-22 16:49:00 |     INFO | MarketingAdvantageAI | [ConflictEngine] No rows pending conflict analysis.
2026-02-22 16:49:00 |     INFO | MarketingAdvantageAI | [conflict_detection] ✅ Run complete | processed=0 | duration=24ms
2026-02-22 16:49:52 |     INFO | MarketingAdvantageAI | [AgenticValidation] No rows pending validation.
2026-02-22 16:49:52 |     INFO | MarketingAdvantageAI | [agentic_validation] ✅ Run complete | processed=0 | duration=27ms
2026-02-22 16:50:52 |     INFO | MarketingAdvantageAI | [AgenticValidation] No rows pending validation.
2026-02-22 16:50:52 |     INFO | MarketingAdvantageAI | [agentic_validation] ✅ Run complete | processed=0 | duration=6ms
2026-02-22 16:51:00 |     INFO | MarketingAdvantageAI | [ConflictEngine] No rows pending conflict analysis.
2026-02-22 16:51:00 |     INFO | MarketingAdvantageAI | [conflict_detection] ✅ Run complete | processed=0 | duration=4ms
2026-02-22 16:51:49 |     INFO | MarketingAdvantageAI | [TemporalRevalidation] No rows pending temporal review.
2026-02-22 16:51:49 |     INFO | MarketingAdvantageAI | [temporal_revalidation] ✅ Run complete | processed=0 | duration=18ms
2026-02-22 16:51:52 |     INFO | MarketingAdvantageAI | [AgenticValidation] No rows pending validation.
2026-02-22 16:51:52 |     INFO | MarketingAdvantageAI | [agentic_validation] ✅ Run complete | processed=0 | duration=12ms
2026-02-22 16:52:52 |     INFO | MarketingAdvantageAI | [AgenticValidation] No rows pending validation.
2026-02-22 16:52:52 |     INFO | MarketingAdvantageAI | [agentic_validation] ✅ Run complete | processed=0 | duration=19ms
2026-02-22 16:53:00 |     INFO | MarketingAdvantageAI | [ConflictEngine] No rows pending conflict analysis.
2026-02-22 16:53:00 |     INFO | MarketingAdvantageAI | [conflict_detection] ✅ Run complete | processed=0 | duration=11ms
2026-02-22 16:53:52 |     INFO | MarketingAdvantageAI | [AgenticValidation] No rows pending validation.
2026-02-22 16:53:52 |     INFO | MarketingAdvantageAI | [agentic_validation] ✅ Run complete | processed=0 | duration=6ms
2026-02-22 16:54:52 |     INFO | MarketingAdvantageAI | [AgenticValidation] No rows pending validation.
2026-02-22 16:54:52 |     INFO | MarketingAdvantageAI | [agentic_validation] ✅ Run complete | processed=0 | duration=19ms
2026-02-22 16:55:00 |     INFO | MarketingAdvantageAI | [ConflictEngine] No rows pending conflict analysis.
2026-02-22 16:55:00 |     INFO | MarketingAdvantageAI | [conflict_detection] ✅ Run complete | processed=0 | duration=15ms
2026-02-22 16:55:52 |     INFO | MarketingAdvantageAI | [AgenticValidation] No rows pending validation.
2026-02-22 16:55:52 |     INFO | MarketingAdvantageAI | [agentic_validation] ✅ Run complete | processed=0 | duration=16ms
2026-02-22 16:56:49 |     INFO | MarketingAdvantageAI | [TemporalRevalidation] No rows pending temporal review.
2026-02-22 16:56:49 |     INFO | MarketingAdvantageAI | [temporal_revalidation] ✅ Run complete | processed=0 | duration=14ms
2026-02-22 16:56:52 |     INFO | MarketingAdvantageAI | [AgenticValidation] No rows pending validation.
2026-02-22 16:56:52 |     INFO | MarketingAdvantageAI | [agentic_validation] ✅ Run complete | processed=0 | duration=5ms
2026-02-22 16:57:00 |     INFO | MarketingAdvantageAI | [ConflictEngine] No rows pending conflict analysis.
2026-02-22 16:57:00 |     INFO | MarketingAdvantageAI | [conflict_detection] ✅ Run complete | processed=0 | duration=0ms
2026-02-22 16:57:52 |     INFO | MarketingAdvantageAI | [AgenticValidation] No rows pending validation.
2026-02-22 16:57:52 |     INFO | MarketingAdvantageAI | [agentic_validation] ✅ Run complete | processed=0 | duration=19ms
2026-02-22 16:58:52 |     INFO | MarketingAdvantageAI | [AgenticValidation] No rows pending validation.
2026-02-22 16:58:52 |     INFO | MarketingAdvantageAI | [agentic_validation] ✅ Run complete | processed=0 | duration=122ms
2026-02-22 16:59:00 |     INFO | MarketingAdvantageAI | [ConflictEngine] No rows pending conflict analysis.
2026-02-22 16:59:00 |     INFO | MarketingAdvantageAI | [conflict_detection] ✅ Run complete | processed=0 | duration=15ms
2026-02-22 16:59:52 |     INFO | MarketingAdvantageAI | [AgenticValidation] No rows pending validation.
2026-02-22 16:59:52 |     INFO | MarketingAdvantageAI | [agentic_validation] ✅ Run complete | processed=0 | duration=17ms
2026-02-22 17:00:52 |     INFO | MarketingAdvantageAI | [AgenticValidation] No rows pending validation.
2026-02-22 17:00:52 |     INFO | MarketingAdvantageAI | [agentic_validation] ✅ Run complete | processed=0 | duration=19ms
2026-02-22 17:01:00 |     INFO | MarketingAdvantageAI | [ConflictEngine] No rows pending conflict analysis.
2026-02-22 17:01:00 |     INFO | MarketingAdvantageAI | [conflict_detection] ✅ Run complete | processed=0 | duration=10ms
2026-02-22 17:01:49 |     INFO | MarketingAdvantageAI | [TemporalRevalidation] No rows pending temporal review.
2026-02-22 17:01:49 |     INFO | MarketingAdvantageAI | [temporal_revalidation] ✅ Run complete | processed=0 | duration=23ms
2026-02-22 17:01:53 |     INFO | MarketingAdvantageAI | [AgenticValidation] No rows pending validation.
2026-02-22 17:01:53 |     INFO | MarketingAdvantageAI | [agentic_validation] ✅ Run complete | processed=0 | duration=13ms
2026-02-22 17:02:53 |     INFO | MarketingAdvantageAI | [AgenticValidation] No rows pending validation.
2026-02-22 17:02:53 |     INFO | MarketingAdvantageAI | [agentic_validation] ✅ Run complete | processed=0 | duration=17ms
2026-02-22 17:03:00 |     INFO | MarketingAdvantageAI | [ConflictEngine] No rows pending conflict analysis.
2026-02-22 17:03:00 |     INFO | MarketingAdvantageAI | [conflict_detection] ✅ Run complete | processed=0 | duration=2ms
2026-02-22 17:03:53 |     INFO | MarketingAdvantageAI | [AgenticValidation] No rows pending validation.
2026-02-22 17:03:53 |     INFO | MarketingAdvantageAI | [agentic_validation] ✅ Run complete | processed=0 | duration=8ms
2026-02-22 17:04:53 |     INFO | MarketingAdvantageAI | [AgenticValidation] No rows pending validation.
2026-02-22 17:04:53 |     INFO | MarketingAdvantageAI | [agentic_validation] ✅ Run complete | processed=0 | duration=20ms
2026-02-22 17:05:00 |     INFO | MarketingAdvantageAI | [ConflictEngine] No rows pending conflict analysis.
2026-02-22 17:05:00 |     INFO | MarketingAdvantageAI | [conflict_detection] ✅ Run complete | processed=0 | duration=19ms
2026-02-22 17:05:53 |     INFO | MarketingAdvantageAI | [AgenticValidation] No rows pending validation.
2026-02-22 17:05:53 |     INFO | MarketingAdvantageAI | [agentic_validation] ✅ Run complete | processed=0 | duration=18ms
2026-02-22 17:16:25 |  WARNING | MarketingAdvantageAI | [HealthMonitor] Unhealthy workers detected: agentic_validation (stalled, 632s since last run), conflict_detection (stalled, 685s since last run)
2026-02-22 17:16:25 |     INFO | MarketingAdvantageAI | [TemporalRevalidation] No rows pending temporal review.
2026-02-22 17:16:25 |     INFO | MarketingAdvantageAI | [temporal_revalidation] ✅ Run complete | processed=0 | duration=414ms
2026-02-22 17:16:26 |     INFO | MarketingAdvantageAI | [AgenticValidation] No rows pending validation.
2026-02-22 17:16:26 |     INFO | MarketingAdvantageAI | [ConflictEngine] No rows pending conflict analysis.
2026-02-22 17:16:26 |     INFO | MarketingAdvantageAI | [agentic_validation] ✅ Run complete | processed=0 | duration=818ms
2026-02-22 17:16:26 |     INFO | MarketingAdvantageAI | [conflict_detection] ✅ Run complete | processed=0 | duration=742ms
2026-02-22 17:17:26 |     INFO | MarketingAdvantageAI | [AgenticValidation] No rows pending validation.
2026-02-22 17:17:26 |     INFO | MarketingAdvantageAI | [agentic_validation] ✅ Run complete | processed=0 | duration=18ms
2026-02-22 17:18:26 |     INFO | MarketingAdvantageAI | [ConflictEngine] No rows pending conflict analysis.
2026-02-22 17:18:26 |     INFO | MarketingAdvantageAI | [conflict_detection] ✅ Run complete | processed=0 | duration=23ms
2026-02-22 17:18:26 |     INFO | MarketingAdvantageAI | [AgenticValidation] No rows pending validation.
2026-02-22 17:18:26 |     INFO | MarketingAdvantageAI | [agentic_validation] ✅ Run complete | processed=0 | duration=14ms
2026-02-22 17:19:26 |     INFO | MarketingAdvantageAI | [AgenticValidation] No rows pending validation.
2026-02-22 17:19:26 |     INFO | MarketingAdvantageAI | [agentic_validation] ✅ Run complete | processed=0 | duration=22ms
2026-02-22 17:20:26 |     INFO | MarketingAdvantageAI | [ConflictEngine] No rows pending conflict analysis.
2026-02-22 17:20:26 |     INFO | MarketingAdvantageAI | [conflict_detection] ✅ Run complete | processed=0 | duration=15ms
2026-02-22 17:20:26 |     INFO | MarketingAdvantageAI | [AgenticValidation] No rows pending validation.
2026-02-22 17:20:26 |     INFO | MarketingAdvantageAI | [agentic_validation] ✅ Run complete | processed=0 | duration=19ms
2026-02-22 17:21:25 |     INFO | MarketingAdvantageAI | [TemporalRevalidation] No rows pending temporal review.
2026-02-22 17:21:25 |     INFO | MarketingAdvantageAI | [temporal_revalidation] ✅ Run complete | processed=0 | duration=25ms
2026-02-22 17:21:26 |     INFO | MarketingAdvantageAI | [AgenticValidation] No rows pending validation.
2026-02-22 17:21:26 |     INFO | MarketingAdvantageAI | [agentic_validation] ✅ Run complete | processed=0 | duration=23ms
2026-02-22 17:22:26 |     INFO | MarketingAdvantageAI | [ConflictEngine] No rows pending conflict analysis.
2026-02-22 17:22:26 |     INFO | MarketingAdvantageAI | [conflict_detection] ✅ Run complete | processed=0 | duration=16ms
2026-02-22 17:22:26 |     INFO | MarketingAdvantageAI | [AgenticValidation] No rows pending validation.
2026-02-22 17:22:26 |     INFO | MarketingAdvantageAI | [agentic_validation] ✅ Run complete | processed=0 | duration=33ms
2026-02-22 17:23:26 |     INFO | MarketingAdvantageAI | [AgenticValidation] No rows pending validation.
2026-02-22 17:23:26 |     INFO | MarketingAdvantageAI | [agentic_validation] ✅ Run complete | processed=0 | duration=19ms
2026-02-22 17:24:26 |     INFO | MarketingAdvantageAI | [ConflictEngine] No rows pending conflict analysis.
2026-02-22 17:24:26 |     INFO | MarketingAdvantageAI | [conflict_detection] ✅ Run complete | processed=0 | duration=18ms
2026-02-22 17:24:26 |     INFO | MarketingAdvantageAI | [AgenticValidation] No rows pending validation.
2026-02-22 17:24:26 |     INFO | MarketingAdvantageAI | [agentic_validation] ✅ Run complete | processed=0 | duration=16ms
2026-02-22 17:25:26 |     INFO | MarketingAdvantageAI | [AgenticValidation] No rows pending validation.
2026-02-22 17:25:26 |     INFO | MarketingAdvantageAI | [agentic_validation] ✅ Run complete | processed=0 | duration=19ms
2026-02-22 17:26:25 |     INFO | MarketingAdvantageAI | [TemporalRevalidation] No rows pending temporal review.
2026-02-22 17:26:25 |     INFO | MarketingAdvantageAI | [temporal_revalidation] ✅ Run complete | processed=0 | duration=20ms
2026-02-22 17:26:26 |     INFO | MarketingAdvantageAI | [ConflictEngine] No rows pending conflict analysis.
2026-02-22 17:26:26 |     INFO | MarketingAdvantageAI | [conflict_detection] ✅ Run complete | processed=0 | duration=18ms
2026-02-22 17:26:26 |     INFO | MarketingAdvantageAI | [AgenticValidation] No rows pending validation.
2026-02-22 17:26:26 |     INFO | MarketingAdvantageAI | [agentic_validation] ✅ Run complete | processed=0 | duration=19ms
2026-02-22 17:27:26 |     INFO | MarketingAdvantageAI | [AgenticValidation] No rows pending validation.
2026-02-22 17:27:26 |     INFO | MarketingAdvantageAI | [agentic_validation] ✅ Run complete | processed=0 | duration=23ms
2026-02-22 17:28:26 |     INFO | MarketingAdvantageAI | [ConflictEngine] No rows pending conflict analysis.
2026-02-22 17:28:26 |     INFO | MarketingAdvantageAI | [conflict_detection] ✅ Run complete | processed=0 | duration=25ms
2026-02-22 17:28:26 |     INFO | MarketingAdvantageAI | [AgenticValidation] No rows pending validation.
2026-02-22 17:28:26 |     INFO | MarketingAdvantageAI | [agentic_validation] ✅ Run complete | processed=0 | duration=18ms
2026-02-22 17:29:26 |     INFO | MarketingAdvantageAI | [AgenticValidation] No rows pending validation.
2026-02-22 17:29:26 |     INFO | MarketingAdvantageAI | [agentic_validation] ✅ Run complete | processed=0 | duration=20ms
2026-02-22 17:30:26 |     INFO | MarketingAdvantageAI | [ConflictEngine] No rows pending conflict analysis.
2026-02-22 17:30:26 |     INFO | MarketingAdvantageAI | [conflict_detection] ✅ Run complete | processed=0 | duration=166ms
2026-02-22 17:30:26 |     INFO | MarketingAdvantageAI | [AgenticValidation] No rows pending validation.
2026-02-22 17:30:26 |     INFO | MarketingAdvantageAI | [agentic_validation] ✅ Run complete | processed=0 | duration=20ms
2026-02-22 19:00:00 |  WARNING | MarketingAdvantageAI | [HealthMonitor] Unhealthy workers detected: agentic_validation (stalled, 5374s since last run), conflict_detection (stalled, 5374s since last run), temporal_revalidation (stalled, 5615s since last run)
2026-02-22 19:00:01 |     INFO | MarketingAdvantageAI | [ConflictEngine] No rows pending conflict analysis.
2026-02-22 19:00:01 |     INFO | MarketingAdvantageAI | [AgenticValidation] No rows pending validation.
2026-02-22 19:00:01 |     INFO | MarketingAdvantageAI | [TemporalRevalidation] No rows pending temporal review.
2026-02-22 19:00:01 |     INFO | MarketingAdvantageAI | [conflict_detection] ✅ Run complete | processed=0 | duration=598ms
2026-02-22 19:00:01 |     INFO | MarketingAdvantageAI | [agentic_validation] ✅ Run complete | processed=0 | duration=631ms
2026-02-22 19:00:01 |     INFO | MarketingAdvantageAI | [temporal_revalidation] ✅ Run complete | processed=0 | duration=714ms
2026-02-22 20:20:59 |  WARNING | MarketingAdvantageAI | [HealthMonitor] Unhealthy workers detected: agentic_validation (stalled, 4859s since last run), conflict_detection (stalled, 4859s since last run), temporal_revalidation (stalled, 4859s since last run)
2026-02-22 20:21:00 |     INFO | MarketingAdvantageAI | [ConflictEngine] No rows pending conflict analysis.
2026-02-22 20:21:00 |     INFO | MarketingAdvantageAI | [AgenticValidation] No rows pending validation.
2026-02-22 20:21:00 |     INFO | MarketingAdvantageAI | [TemporalRevalidation] No rows pending temporal review.
2026-02-22 20:21:00 |     INFO | MarketingAdvantageAI | [conflict_detection] ✅ Run complete | processed=0 | duration=683ms
2026-02-22 20:21:00 |     INFO | MarketingAdvantageAI | [agentic_validation] ✅ Run complete | processed=0 | duration=793ms
2026-02-22 20:21:00 |     INFO | MarketingAdvantageAI | [temporal_revalidation] ✅ Run complete | processed=0 | duration=640ms
2026-02-22 20:22:00 |     INFO | MarketingAdvantageAI | [AgenticValidation] No rows pending validation.
2026-02-22 20:22:00 |     INFO | MarketingAdvantageAI | [agentic_validation] ✅ Run complete | processed=0 | duration=3ms
2026-02-22 20:23:00 |     INFO | MarketingAdvantageAI | [ConflictEngine] No rows pending conflict analysis.
2026-02-22 20:23:00 |     INFO | MarketingAdvantageAI | [AgenticValidation] No rows pending validation.
2026-02-22 20:23:00 |     INFO | MarketingAdvantageAI | [conflict_detection] ✅ Run complete | processed=0 | duration=16ms
2026-02-22 20:23:00 |     INFO | MarketingAdvantageAI | [agentic_validation] ✅ Run complete | processed=0 | duration=16ms
2026-02-22 20:24:00 |     INFO | MarketingAdvantageAI | [AgenticValidation] No rows pending validation.
2026-02-22 20:24:00 |     INFO | MarketingAdvantageAI | [agentic_validation] ✅ Run complete | processed=0 | duration=0ms
2026-02-22 20:25:00 |     INFO | MarketingAdvantageAI | [ConflictEngine] No rows pending conflict analysis.
2026-02-22 20:25:00 |     INFO | MarketingAdvantageAI | [AgenticValidation] No rows pending validation.
2026-02-22 20:25:00 |     INFO | MarketingAdvantageAI | [conflict_detection] ✅ Run complete | processed=0 | duration=13ms
2026-02-22 20:25:00 |     INFO | MarketingAdvantageAI | [agentic_validation] ✅ Run complete | processed=0 | duration=15ms
2026-02-22 20:26:00 |     INFO | MarketingAdvantageAI | [TemporalRevalidation] No rows pending temporal review.
2026-02-22 20:26:00 |     INFO | MarketingAdvantageAI | [AgenticValidation] No rows pending validation.
2026-02-22 20:26:00 |     INFO | MarketingAdvantageAI | [temporal_revalidation] ✅ Run complete | processed=0 | duration=11ms
2026-02-22 20:26:00 |     INFO | MarketingAdvantageAI | [agentic_validation] ✅ Run complete | processed=0 | duration=11ms
2026-02-22 20:27:00 |     INFO | MarketingAdvantageAI | [AgenticValidation] No rows pending validation.
2026-02-22 20:27:00 |     INFO | MarketingAdvantageAI | [ConflictEngine] No rows pending conflict analysis.
2026-02-22 20:27:00 |     INFO | MarketingAdvantageAI | [agentic_validation] ✅ Run complete | processed=0 | duration=9ms
2026-02-22 20:27:00 |     INFO | MarketingAdvantageAI | [conflict_detection] ✅ Run complete | processed=0 | duration=12ms
2026-02-22 20:28:00 |     INFO | MarketingAdvantageAI | [AgenticValidation] No rows pending validation.
2026-02-22 20:28:00 |     INFO | MarketingAdvantageAI | [agentic_validation] ✅ Run complete | processed=0 | duration=5ms
2026-02-22 20:29:00 |     INFO | MarketingAdvantageAI | [ConflictEngine] No rows pending conflict analysis.
2026-02-22 20:29:00 |     INFO | MarketingAdvantageAI | [AgenticValidation] No rows pending validation.
2026-02-22 20:29:00 |     INFO | MarketingAdvantageAI | [conflict_detection] ✅ Run complete | processed=0 | duration=16ms
2026-02-22 20:29:00 |     INFO | MarketingAdvantageAI | [agentic_validation] ✅ Run complete | processed=0 | duration=15ms
2026-02-22 20:30:00 |     INFO | MarketingAdvantageAI | [AgenticValidation] No rows pending validation.
2026-02-22 20:30:00 |     INFO | MarketingAdvantageAI | [agentic_validation] ✅ Run complete | processed=0 | duration=9ms
2026-02-22 20:31:00 |     INFO | MarketingAdvantageAI | [ConflictEngine] No rows pending conflict analysis.
2026-02-22 20:31:00 |     INFO | MarketingAdvantageAI | [TemporalRevalidation] No rows pending temporal review.
2026-02-22 20:31:00 |     INFO | MarketingAdvantageAI | [conflict_detection] ✅ Run complete | processed=0 | duration=12ms
2026-02-22 20:31:00 |     INFO | MarketingAdvantageAI | [temporal_revalidation] ✅ Run complete | processed=0 | duration=15ms
2026-02-22 20:31:00 |     INFO | MarketingAdvantageAI | [AgenticValidation] No rows pending validation.
2026-02-22 20:31:00 |     INFO | MarketingAdvantageAI | [agentic_validation] ✅ Run complete | processed=0 | duration=12ms
2026-02-22 20:32:00 |     INFO | MarketingAdvantageAI | [AgenticValidation] No rows pending validation.
2026-02-22 20:32:00 |     INFO | MarketingAdvantageAI | [agentic_validation] ✅ Run complete | processed=0 | duration=10ms
2026-02-22 20:33:00 |     INFO | MarketingAdvantageAI | [ConflictEngine] No rows pending conflict analysis.
2026-02-22 20:33:00 |     INFO | MarketingAdvantageAI | [conflict_detection] ✅ Run complete | processed=0 | duration=10ms
2026-02-22 20:33:00 |     INFO | MarketingAdvantageAI | [AgenticValidation] No rows pending validation.
2026-02-22 20:33:00 |     INFO | MarketingAdvantageAI | [agentic_validation] ✅ Run complete | processed=0 | duration=8ms
2026-02-22 20:34:00 |     INFO | MarketingAdvantageAI | [AgenticValidation] No rows pending validation.
2026-02-22 20:34:00 |     INFO | MarketingAdvantageAI | [agentic_validation] ✅ Run complete | processed=0 | duration=8ms
2026-02-22 20:35:00 |     INFO | MarketingAdvantageAI | [ConflictEngine] No rows pending conflict analysis.
2026-02-22 20:35:00 |     INFO | MarketingAdvantageAI | [conflict_detection] ✅ Run complete | processed=0 | duration=13ms
2026-02-22 20:35:00 |     INFO | MarketingAdvantageAI | [AgenticValidation] No rows pending validation.
2026-02-22 20:35:00 |     INFO | MarketingAdvantageAI | [agentic_validation] ✅ Run complete | processed=0 | duration=19ms
2026-02-22 20:36:00 |     INFO | MarketingAdvantageAI | [TemporalRevalidation] No rows pending temporal review.
2026-02-22 20:36:00 |     INFO | MarketingAdvantageAI | [temporal_revalidation] ✅ Run complete | processed=0 | duration=14ms
2026-02-22 20:36:00 |     INFO | MarketingAdvantageAI | [AgenticValidation] No rows pending validation.
2026-02-22 20:36:00 |     INFO | MarketingAdvantageAI | [agentic_validation] ✅ Run complete | processed=0 | duration=11ms
2026-02-22 20:37:00 |     INFO | MarketingAdvantageAI | [ConflictEngine] No rows pending conflict analysis.
2026-02-22 20:37:00 |     INFO | MarketingAdvantageAI | [conflict_detection] ✅ Run complete | processed=0 | duration=9ms
2026-02-22 20:37:00 |     INFO | MarketingAdvantageAI | [AgenticValidation] No rows pending validation.
2026-02-22 20:37:00 |     INFO | MarketingAdvantageAI | [agentic_validation] ✅ Run complete | processed=0 | duration=9ms
2026-02-22 20:38:00 |     INFO | MarketingAdvantageAI | [AgenticValidation] No rows pending validation.
2026-02-22 20:38:00 |     INFO | MarketingAdvantageAI | [agentic_validation] ✅ Run complete | processed=0 | duration=13ms
2026-02-22 20:39:00 |     INFO | MarketingAdvantageAI | [ConflictEngine] No rows pending conflict analysis.
2026-02-22 20:39:00 |     INFO | MarketingAdvantageAI | [conflict_detection] ✅ Run complete | processed=0 | duration=10ms
2026-02-22 20:39:00 |     INFO | MarketingAdvantageAI | [AgenticValidation] No rows pending validation.
2026-02-22 20:39:00 |     INFO | MarketingAdvantageAI | [agentic_validation] ✅ Run complete | processed=0 | duration=13ms
2026-02-22 20:40:00 |     INFO | MarketingAdvantageAI | [AgenticValidation] No rows pending validation.
2026-02-22 20:40:00 |     INFO | MarketingAdvantageAI | [agentic_validation] ✅ Run complete | processed=0 | duration=11ms
2026-02-22 20:41:00 |     INFO | MarketingAdvantageAI | [TemporalRevalidation] No rows pending temporal review.
2026-02-22 20:41:00 |     INFO | MarketingAdvantageAI | [temporal_revalidation] ✅ Run complete | processed=0 | duration=11ms
2026-02-22 20:41:00 |     INFO | MarketingAdvantageAI | [ConflictEngine] No rows pending conflict analysis.
2026-02-22 20:41:00 |     INFO | MarketingAdvantageAI | [conflict_detection] ✅ Run complete | processed=0 | duration=10ms
2026-02-22 20:41:00 |     INFO | MarketingAdvantageAI | [AgenticValidation] No rows pending validation.
2026-02-22 20:41:00 |     INFO | MarketingAdvantageAI | [agentic_validation] ✅ Run complete | processed=0 | duration=9ms
2026-02-22 20:42:00 |     INFO | MarketingAdvantageAI | [AgenticValidation] No rows pending validation.
2026-02-22 20:42:00 |     INFO | MarketingAdvantageAI | [agentic_validation] ✅ Run complete | processed=0 | duration=10ms
2026-02-22 20:43:00 |     INFO | MarketingAdvantageAI | [ConflictEngine] No rows pending conflict analysis.
2026-02-22 20:43:00 |     INFO | MarketingAdvantageAI | [conflict_detection] ✅ Run complete | processed=0 | duration=9ms
2026-02-22 20:43:00 |     INFO | MarketingAdvantageAI | [AgenticValidation] No rows pending validation.
2026-02-22 20:43:00 |     INFO | MarketingAdvantageAI | [agentic_validation] ✅ Run complete | processed=0 | duration=10ms
2026-02-22 20:44:00 |     INFO | MarketingAdvantageAI | [AgenticValidation] No rows pending validation.
2026-02-22 20:44:00 |     INFO | MarketingAdvantageAI | [agentic_validation] ✅ Run complete | processed=0 | duration=9ms
2026-02-22 20:45:00 |     INFO | MarketingAdvantageAI | [ConflictEngine] No rows pending conflict analysis.
2026-02-22 20:45:00 |     INFO | MarketingAdvantageAI | [conflict_detection] ✅ Run complete | processed=0 | duration=10ms
2026-02-22 20:45:00 |     INFO | MarketingAdvantageAI | [AgenticValidation] No rows pending validation.
2026-02-22 20:45:00 |     INFO | MarketingAdvantageAI | [agentic_validation] ✅ Run complete | processed=0 | duration=10ms
2026-02-22 20:46:00 |     INFO | MarketingAdvantageAI | [TemporalRevalidation] No rows pending temporal review.
2026-02-22 20:46:00 |     INFO | MarketingAdvantageAI | [temporal_revalidation] ✅ Run complete | processed=0 | duration=9ms
2026-02-22 20:46:01 |     INFO | MarketingAdvantageAI | [AgenticValidation] No rows pending validation.
2026-02-22 20:46:01 |     INFO | MarketingAdvantageAI | [agentic_validation] ✅ Run complete | processed=0 | duration=10ms
2026-02-22 20:47:00 |     INFO | MarketingAdvantageAI | [ConflictEngine] No rows pending conflict analysis.
2026-02-22 20:47:00 |     INFO | MarketingAdvantageAI | [conflict_detection] ✅ Run complete | processed=0 | duration=10ms
2026-02-22 20:47:01 |     INFO | MarketingAdvantageAI | [AgenticValidation] No rows pending validation.
2026-02-22 20:47:01 |     INFO | MarketingAdvantageAI | [agentic_validation] ✅ Run complete | processed=0 | duration=11ms
2026-02-22 20:48:01 |     INFO | MarketingAdvantageAI | [AgenticValidation] No rows pending validation.
2026-02-22 20:48:01 |     INFO | MarketingAdvantageAI | [agentic_validation] ✅ Run complete | processed=0 | duration=10ms
2026-02-22 20:49:00 |     INFO | MarketingAdvantageAI | [ConflictEngine] No rows pending conflict analysis.
2026-02-22 20:49:00 |     INFO | MarketingAdvantageAI | [conflict_detection] ✅ Run complete | processed=0 | duration=9ms
2026-02-22 20:49:01 |     INFO | MarketingAdvantageAI | [AgenticValidation] No rows pending validation.
2026-02-22 20:49:01 |     INFO | MarketingAdvantageAI | [agentic_validation] ✅ Run complete | processed=0 | duration=11ms
2026-02-22 20:50:01 |     INFO | MarketingAdvantageAI | [AgenticValidation] No rows pending validation.
2026-02-22 20:50:01 |     INFO | MarketingAdvantageAI | [agentic_validation] ✅ Run complete | processed=0 | duration=10ms
2026-02-22 20:51:00 |     INFO | MarketingAdvantageAI | [TemporalRevalidation] No rows pending temporal review.
2026-02-22 20:51:00 |     INFO | MarketingAdvantageAI | [temporal_revalidation] ✅ Run complete | processed=0 | duration=63ms
2026-02-22 20:51:00 |     INFO | MarketingAdvantageAI | [ConflictEngine] No rows pending conflict analysis.
2026-02-22 20:51:00 |     INFO | MarketingAdvantageAI | [conflict_detection] ✅ Run complete | processed=0 | duration=63ms
2026-02-22 20:51:01 |     INFO | MarketingAdvantageAI | [AgenticValidation] No rows pending validation.
2026-02-22 20:51:01 |     INFO | MarketingAdvantageAI | [agentic_validation] ✅ Run complete | processed=0 | duration=68ms
2026-02-22 20:52:01 |     INFO | MarketingAdvantageAI | [AgenticValidation] No rows pending validation.
2026-02-22 20:52:01 |     INFO | MarketingAdvantageAI | [agentic_validation] ✅ Run complete | processed=0 | duration=10ms
2026-02-22 20:53:00 |     INFO | MarketingAdvantageAI | [ConflictEngine] No rows pending conflict analysis.
2026-02-22 20:53:00 |     INFO | MarketingAdvantageAI | [conflict_detection] ✅ Run complete | processed=0 | duration=11ms
2026-02-22 20:53:01 |     INFO | MarketingAdvantageAI | [AgenticValidation] No rows pending validation.
2026-02-22 20:53:01 |     INFO | MarketingAdvantageAI | [agentic_validation] ✅ Run complete | processed=0 | duration=9ms
2026-02-22 20:54:01 |     INFO | MarketingAdvantageAI | [AgenticValidation] No rows pending validation.
2026-02-22 20:54:01 |     INFO | MarketingAdvantageAI | [agentic_validation] ✅ Run complete | processed=0 | duration=13ms
2026-02-22 20:55:00 |     INFO | MarketingAdvantageAI | [ConflictEngine] No rows pending conflict analysis.
2026-02-22 20:55:00 |     INFO | MarketingAdvantageAI | [conflict_detection] ✅ Run complete | processed=0 | duration=9ms
2026-02-22 20:55:01 |     INFO | MarketingAdvantageAI | [AgenticValidation] No rows pending validation.
2026-02-22 20:55:01 |     INFO | MarketingAdvantageAI | [agentic_validation] ✅ Run complete | processed=0 | duration=7ms
2026-02-22 20:56:00 |     INFO | MarketingAdvantageAI | [TemporalRevalidation] No rows pending temporal review.
2026-02-22 20:56:00 |     INFO | MarketingAdvantageAI | [temporal_revalidation] ✅ Run complete | processed=0 | duration=9ms
2026-02-22 20:56:01 |     INFO | MarketingAdvantageAI | [AgenticValidation] No rows pending validation.
2026-02-22 20:56:01 |     INFO | MarketingAdvantageAI | [agentic_validation] ✅ Run complete | processed=0 | duration=10ms
2026-02-22 20:57:01 |     INFO | MarketingAdvantageAI | [ConflictEngine] No rows pending conflict analysis.
2026-02-22 20:57:01 |     INFO | MarketingAdvantageAI | [conflict_detection] ✅ Run complete | processed=0 | duration=19ms
2026-02-22 20:57:01 |     INFO | MarketingAdvantageAI | [AgenticValidation] No rows pending validation.
2026-02-22 20:57:01 |     INFO | MarketingAdvantageAI | [agentic_validation] ✅ Run complete | processed=0 | duration=9ms
2026-02-22 20:58:01 |     INFO | MarketingAdvantageAI | [AgenticValidation] No rows pending validation.
2026-02-22 20:58:01 |     INFO | MarketingAdvantageAI | [agentic_validation] ✅ Run complete | processed=0 | duration=11ms
2026-02-22 20:59:01 |     INFO | MarketingAdvantageAI | [ConflictEngine] No rows pending conflict analysis.
2026-02-22 20:59:01 |     INFO | MarketingAdvantageAI | [conflict_detection] ✅ Run complete | processed=0 | duration=10ms
2026-02-22 20:59:01 |     INFO | MarketingAdvantageAI | [AgenticValidation] No rows pending validation.
2026-02-22 20:59:01 |     INFO | MarketingAdvantageAI | [agentic_validation] ✅ Run complete | processed=0 | duration=9ms
2026-02-22 21:00:01 |     INFO | MarketingAdvantageAI | [AgenticValidation] No rows pending validation.
2026-02-22 21:00:01 |     INFO | MarketingAdvantageAI | [agentic_validation] ✅ Run complete | processed=0 | duration=10ms
2026-02-22 21:01:00 |     INFO | MarketingAdvantageAI | [TemporalRevalidation] No rows pending temporal review.
2026-02-22 21:01:00 |     INFO | MarketingAdvantageAI | [temporal_revalidation] ✅ Run complete | processed=0 | duration=10ms
2026-02-22 21:01:01 |     INFO | MarketingAdvantageAI | [ConflictEngine] No rows pending conflict analysis.
2026-02-22 21:01:01 |     INFO | MarketingAdvantageAI | [conflict_detection] ✅ Run complete | processed=0 | duration=9ms
2026-02-22 21:01:01 |     INFO | MarketingAdvantageAI | [AgenticValidation] No rows pending validation.
2026-02-22 21:01:01 |     INFO | MarketingAdvantageAI | [agentic_validation] ✅ Run complete | processed=0 | duration=9ms
2026-02-22 21:02:01 |     INFO | MarketingAdvantageAI | [AgenticValidation] No rows pending validation.
2026-02-22 21:02:01 |     INFO | MarketingAdvantageAI | [agentic_validation] ✅ Run complete | processed=0 | duration=10ms
2026-02-22 21:03:01 |     INFO | MarketingAdvantageAI | [ConflictEngine] No rows pending conflict analysis.
2026-02-22 21:03:01 |     INFO | MarketingAdvantageAI | [conflict_detection] ✅ Run complete | processed=0 | duration=8ms
2026-02-22 21:03:01 |     INFO | MarketingAdvantageAI | [AgenticValidation] No rows pending validation.
2026-02-22 21:03:01 |     INFO | MarketingAdvantageAI | [agentic_validation] ✅ Run complete | processed=0 | duration=10ms
2026-02-22 21:04:01 |     INFO | MarketingAdvantageAI | [AgenticValidation] No rows pending validation.
2026-02-22 21:04:01 |     INFO | MarketingAdvantageAI | [agentic_validation] ✅ Run complete | processed=0 | duration=16ms
2026-02-22 21:05:01 |     INFO | MarketingAdvantageAI | [ConflictEngine] No rows pending conflict analysis.
2026-02-22 21:05:01 |     INFO | MarketingAdvantageAI | [conflict_detection] ✅ Run complete | processed=0 | duration=19ms
2026-02-22 21:05:01 |     INFO | MarketingAdvantageAI | [AgenticValidation] No rows pending validation.
2026-02-22 21:05:01 |     INFO | MarketingAdvantageAI | [agentic_validation] ✅ Run complete | processed=0 | duration=9ms
2026-02-22 21:06:00 |     INFO | MarketingAdvantageAI | [TemporalRevalidation] No rows pending temporal review.
2026-02-22 21:06:00 |     INFO | MarketingAdvantageAI | [temporal_revalidation] ✅ Run complete | processed=0 | duration=15ms
2026-02-22 21:06:01 |     INFO | MarketingAdvantageAI | [AgenticValidation] No rows pending validation.
2026-02-22 21:06:01 |     INFO | MarketingAdvantageAI | [agentic_validation] ✅ Run complete | processed=0 | duration=9ms
2026-02-22 21:07:01 |     INFO | MarketingAdvantageAI | [ConflictEngine] No rows pending conflict analysis.
2026-02-22 21:07:01 |     INFO | MarketingAdvantageAI | [conflict_detection] ✅ Run complete | processed=0 | duration=15ms
2026-02-22 21:07:01 |     INFO | MarketingAdvantageAI | [AgenticValidation] No rows pending validation.
2026-02-22 21:07:01 |     INFO | MarketingAdvantageAI | [agentic_validation] ✅ Run complete | processed=0 | duration=14ms
2026-02-22 21:08:01 |     INFO | MarketingAdvantageAI | [AgenticValidation] No rows pending validation.
2026-02-22 21:08:01 |     INFO | MarketingAdvantageAI | [agentic_validation] ✅ Run complete | processed=0 | duration=20ms
2026-02-22 21:09:01 |     INFO | MarketingAdvantageAI | [ConflictEngine] No rows pending conflict analysis.
2026-02-22 21:09:01 |     INFO | MarketingAdvantageAI | [conflict_detection] ✅ Run complete | processed=0 | duration=9ms
2026-02-22 21:09:01 |     INFO | MarketingAdvantageAI | [AgenticValidation] No rows pending validation.
2026-02-22 21:09:01 |     INFO | MarketingAdvantageAI | [agentic_validation] ✅ Run complete | processed=0 | duration=17ms
2026-02-22 21:10:01 |     INFO | MarketingAdvantageAI | [AgenticValidation] No rows pending validation.
2026-02-22 21:10:01 |     INFO | MarketingAdvantageAI | [agentic_validation] ✅ Run complete | processed=0 | duration=9ms
2026-02-22 21:11:00 |     INFO | MarketingAdvantageAI | [TemporalRevalidation] No rows pending temporal review.
2026-02-22 21:11:00 |     INFO | MarketingAdvantageAI | [temporal_revalidation] ✅ Run complete | processed=0 | duration=10ms
2026-02-22 21:11:01 |     INFO | MarketingAdvantageAI | [ConflictEngine] No rows pending conflict analysis.
2026-02-22 21:11:01 |     INFO | MarketingAdvantageAI | [conflict_detection] ✅ Run complete | processed=0 | duration=9ms
2026-02-22 21:11:01 |     INFO | MarketingAdvantageAI | [AgenticValidation] No rows pending validation.
2026-02-22 21:11:01 |     INFO | MarketingAdvantageAI | [agentic_validation] ✅ Run complete | processed=0 | duration=10ms
2026-02-22 21:12:01 |     INFO | MarketingAdvantageAI | [AgenticValidation] No rows pending validation.
2026-02-22 21:12:01 |     INFO | MarketingAdvantageAI | [agentic_validation] ✅ Run complete | processed=0 | duration=14ms
2026-02-22 21:13:01 |     INFO | MarketingAdvantageAI | [ConflictEngine] No rows pending conflict analysis.
2026-02-22 21:13:01 |     INFO | MarketingAdvantageAI | [conflict_detection] ✅ Run complete | processed=0 | duration=8ms
2026-02-22 21:13:01 |     INFO | MarketingAdvantageAI | [AgenticValidation] No rows pending validation.
2026-02-22 21:13:01 |     INFO | MarketingAdvantageAI | [agentic_validation] ✅ Run complete | processed=0 | duration=11ms
2026-02-22 21:14:01 |     INFO | MarketingAdvantageAI | [AgenticValidation] No rows pending validation.
2026-02-22 21:14:01 |     INFO | MarketingAdvantageAI | [agentic_validation] ✅ Run complete | processed=0 | duration=10ms
2026-02-22 21:15:01 |     INFO | MarketingAdvantageAI | [ConflictEngine] No rows pending conflict analysis.
2026-02-22 21:15:01 |     INFO | MarketingAdvantageAI | [conflict_detection] ✅ Run complete | processed=0 | duration=10ms
2026-02-22 21:15:01 |     INFO | MarketingAdvantageAI | [AgenticValidation] No rows pending validation.
2026-02-22 21:15:01 |     INFO | MarketingAdvantageAI | [agentic_validation] ✅ Run complete | processed=0 | duration=9ms
2026-02-22 21:16:00 |     INFO | MarketingAdvantageAI | [TemporalRevalidation] No rows pending temporal review.
2026-02-22 21:16:00 |     INFO | MarketingAdvantageAI | [temporal_revalidation] ✅ Run complete | processed=0 | duration=10ms
2026-02-22 21:16:01 |     INFO | MarketingAdvantageAI | [AgenticValidation] No rows pending validation.
2026-02-22 21:16:01 |     INFO | MarketingAdvantageAI | [agentic_validation] ✅ Run complete | processed=0 | duration=10ms
2026-02-22 21:17:01 |     INFO | MarketingAdvantageAI | [ConflictEngine] No rows pending conflict analysis.
2026-02-22 21:17:01 |     INFO | MarketingAdvantageAI | [conflict_detection] ✅ Run complete | processed=0 | duration=9ms
2026-02-22 21:17:01 |     INFO | MarketingAdvantageAI | [AgenticValidation] No rows pending validation.
2026-02-22 21:17:01 |     INFO | MarketingAdvantageAI | [agentic_validation] ✅ Run complete | processed=0 | duration=10ms
2026-02-22 21:18:01 |     INFO | MarketingAdvantageAI | [AgenticValidation] No rows pending validation.
2026-02-22 21:18:01 |     INFO | MarketingAdvantageAI | [agentic_validation] ✅ Run complete | processed=0 | duration=10ms
2026-02-22 21:19:01 |     INFO | MarketingAdvantageAI | [ConflictEngine] No rows pending conflict analysis.
2026-02-22 21:19:01 |     INFO | MarketingAdvantageAI | [conflict_detection] ✅ Run complete | processed=0 | duration=12ms
2026-02-22 21:19:01 |     INFO | MarketingAdvantageAI | [AgenticValidation] No rows pending validation.
2026-02-22 21:19:01 |     INFO | MarketingAdvantageAI | [agentic_validation] ✅ Run complete | processed=0 | duration=9ms
2026-02-22 21:20:01 |     INFO | MarketingAdvantageAI | [AgenticValidation] No rows pending validation.
2026-02-22 21:20:01 |     INFO | MarketingAdvantageAI | [agentic_validation] ✅ Run complete | processed=0 | duration=10ms
2026-02-22 21:21:00 |     INFO | MarketingAdvantageAI | [TemporalRevalidation] No rows pending temporal review.
2026-02-22 21:21:00 |     INFO | MarketingAdvantageAI | [temporal_revalidation] ✅ Run complete | processed=0 | duration=77ms
2026-02-22 21:21:01 |     INFO | MarketingAdvantageAI | [ConflictEngine] No rows pending conflict analysis.
2026-02-22 21:21:01 |     INFO | MarketingAdvantageAI | [conflict_detection] ✅ Run complete | processed=0 | duration=67ms
2026-02-22 21:21:01 |     INFO | MarketingAdvantageAI | [AgenticValidation] No rows pending validation.
2026-02-22 21:21:01 |     INFO | MarketingAdvantageAI | [agentic_validation] ✅ Run complete | processed=0 | duration=62ms
2026-02-22 21:22:01 |     INFO | MarketingAdvantageAI | [AgenticValidation] No rows pending validation.
2026-02-22 21:22:01 |     INFO | MarketingAdvantageAI | [agentic_validation] ✅ Run complete | processed=0 | duration=10ms
2026-02-22 21:23:01 |     INFO | MarketingAdvantageAI | [ConflictEngine] No rows pending conflict analysis.
2026-02-22 21:23:01 |     INFO | MarketingAdvantageAI | [conflict_detection] ✅ Run complete | processed=0 | duration=10ms
2026-02-22 21:23:01 |     INFO | MarketingAdvantageAI | [AgenticValidation] No rows pending validation.
2026-02-22 21:23:01 |     INFO | MarketingAdvantageAI | [agentic_validation] ✅ Run complete | processed=0 | duration=11ms
2026-02-22 21:24:01 |     INFO | MarketingAdvantageAI | [AgenticValidation] No rows pending validation.
2026-02-22 21:24:01 |     INFO | MarketingAdvantageAI | [agentic_validation] ✅ Run complete | processed=0 | duration=8ms
2026-02-22 21:25:01 |     INFO | MarketingAdvantageAI | [ConflictEngine] No rows pending conflict analysis.
2026-02-22 21:25:01 |     INFO | MarketingAdvantageAI | [conflict_detection] ✅ Run complete | processed=0 | duration=10ms
2026-02-22 21:25:01 |     INFO | MarketingAdvantageAI | [AgenticValidation] No rows pending validation.
2026-02-22 21:25:01 |     INFO | MarketingAdvantageAI | [agentic_validation] ✅ Run complete | processed=0 | duration=9ms
2026-02-22 21:26:00 |     INFO | MarketingAdvantageAI | [TemporalRevalidation] No rows pending temporal review.
2026-02-22 21:26:00 |     INFO | MarketingAdvantageAI | [temporal_revalidation] ✅ Run complete | processed=0 | duration=10ms
2026-02-22 21:26:01 |     INFO | MarketingAdvantageAI | [AgenticValidation] No rows pending validation.
2026-02-22 21:26:01 |     INFO | MarketingAdvantageAI | [agentic_validation] ✅ Run complete | processed=0 | duration=9ms
2026-02-22 21:27:01 |     INFO | MarketingAdvantageAI | [ConflictEngine] No rows pending conflict analysis.
2026-02-22 21:27:01 |     INFO | MarketingAdvantageAI | [conflict_detection] ✅ Run complete | processed=0 | duration=10ms
2026-02-22 21:27:01 |     INFO | MarketingAdvantageAI | [AgenticValidation] No rows pending validation.
2026-02-22 21:27:01 |     INFO | MarketingAdvantageAI | [agentic_validation] ✅ Run complete | processed=0 | duration=15ms
2026-02-22 21:28:01 |     INFO | MarketingAdvantageAI | [AgenticValidation] No rows pending validation.
2026-02-22 21:28:01 |     INFO | MarketingAdvantageAI | [agentic_validation] ✅ Run complete | processed=0 | duration=10ms
2026-02-22 21:29:01 |     INFO | MarketingAdvantageAI | [ConflictEngine] No rows pending conflict analysis.
2026-02-22 21:29:01 |     INFO | MarketingAdvantageAI | [conflict_detection] ✅ Run complete | processed=0 | duration=9ms
2026-02-22 21:29:01 |     INFO | MarketingAdvantageAI | [AgenticValidation] No rows pending validation.
2026-02-22 21:29:01 |     INFO | MarketingAdvantageAI | [agentic_validation] ✅ Run complete | processed=0 | duration=10ms
2026-02-22 21:30:01 |     INFO | MarketingAdvantageAI | [AgenticValidation] No rows pending validation.
2026-02-22 21:30:01 |     INFO | MarketingAdvantageAI | [agentic_validation] ✅ Run complete | processed=0 | duration=10ms
2026-02-22 21:31:00 |     INFO | MarketingAdvantageAI | [TemporalRevalidation] No rows pending temporal review.
2026-02-22 21:31:00 |     INFO | MarketingAdvantageAI | [temporal_revalidation] ✅ Run complete | processed=0 | duration=9ms
2026-02-22 21:31:01 |     INFO | MarketingAdvantageAI | [ConflictEngine] No rows pending conflict analysis.
2026-02-22 21:31:01 |     INFO | MarketingAdvantageAI | [conflict_detection] ✅ Run complete | processed=0 | duration=10ms
2026-02-22 21:31:01 |     INFO | MarketingAdvantageAI | [AgenticValidation] No rows pending validation.
2026-02-22 21:31:01 |     INFO | MarketingAdvantageAI | [agentic_validation] ✅ Run complete | processed=0 | duration=10ms
2026-02-22 21:32:01 |     INFO | MarketingAdvantageAI | [AgenticValidation] No rows pending validation.
2026-02-22 21:32:01 |     INFO | MarketingAdvantageAI | [agentic_validation] ✅ Run complete | processed=0 | duration=10ms
2026-02-22 21:33:01 |     INFO | MarketingAdvantageAI | [ConflictEngine] No rows pending conflict analysis.
2026-02-22 21:33:01 |     INFO | MarketingAdvantageAI | [conflict_detection] ✅ Run complete | processed=0 | duration=9ms
2026-02-22 21:33:01 |     INFO | MarketingAdvantageAI | [AgenticValidation] No rows pending validation.
2026-02-22 21:33:01 |     INFO | MarketingAdvantageAI | [agentic_validation] ✅ Run complete | processed=0 | duration=9ms
2026-02-22 21:34:01 |     INFO | MarketingAdvantageAI | [AgenticValidation] No rows pending validation.
2026-02-22 21:34:01 |     INFO | MarketingAdvantageAI | [agentic_validation] ✅ Run complete | processed=0 | duration=10ms
2026-02-22 21:35:01 |     INFO | MarketingAdvantageAI | [ConflictEngine] No rows pending conflict analysis.
2026-02-22 21:35:01 |     INFO | MarketingAdvantageAI | [conflict_detection] ✅ Run complete | processed=0 | duration=13ms
2026-02-22 21:35:01 |     INFO | MarketingAdvantageAI | [AgenticValidation] No rows pending validation.
2026-02-22 21:35:01 |     INFO | MarketingAdvantageAI | [agentic_validation] ✅ Run complete | processed=0 | duration=10ms
2026-02-22 21:36:00 |     INFO | MarketingAdvantageAI | [TemporalRevalidation] No rows pending temporal review.
2026-02-22 21:36:00 |     INFO | MarketingAdvantageAI | [temporal_revalidation] ✅ Run complete | processed=0 | duration=9ms
2026-02-22 21:36:01 |     INFO | MarketingAdvantageAI | [AgenticValidation] No rows pending validation.
2026-02-22 21:36:01 |     INFO | MarketingAdvantageAI | [agentic_validation] ✅ Run complete | processed=0 | duration=8ms
2026-02-22 21:37:01 |     INFO | MarketingAdvantageAI | [ConflictEngine] No rows pending conflict analysis.
2026-02-22 21:37:01 |     INFO | MarketingAdvantageAI | [conflict_detection] ✅ Run complete | processed=0 | duration=9ms
2026-02-22 21:37:01 |     INFO | MarketingAdvantageAI | [AgenticValidation] No rows pending validation.
2026-02-22 21:37:01 |     INFO | MarketingAdvantageAI | [agentic_validation] ✅ Run complete | processed=0 | duration=8ms
2026-02-22 21:38:01 |     INFO | MarketingAdvantageAI | [AgenticValidation] No rows pending validation.
2026-02-22 21:38:01 |     INFO | MarketingAdvantageAI | [agentic_validation] ✅ Run complete | processed=0 | duration=9ms
2026-02-22 21:39:01 |     INFO | MarketingAdvantageAI | [ConflictEngine] No rows pending conflict analysis.
2026-02-22 21:39:01 |     INFO | MarketingAdvantageAI | [conflict_detection] ✅ Run complete | processed=0 | duration=9ms
2026-02-22 21:39:01 |     INFO | MarketingAdvantageAI | [AgenticValidation] No rows pending validation.
2026-02-22 21:39:01 |     INFO | MarketingAdvantageAI | [agentic_validation] ✅ Run complete | processed=0 | duration=11ms
2026-02-22 21:40:01 |     INFO | MarketingAdvantageAI | [AgenticValidation] No rows pending validation.
2026-02-22 21:40:01 |     INFO | MarketingAdvantageAI | [agentic_validation] ✅ Run complete | processed=0 | duration=8ms
2026-02-22 21:41:00 |     INFO | MarketingAdvantageAI | [TemporalRevalidation] No rows pending temporal review.
2026-02-22 21:41:00 |     INFO | MarketingAdvantageAI | [temporal_revalidation] ✅ Run complete | processed=0 | duration=19ms
2026-02-22 21:41:01 |     INFO | MarketingAdvantageAI | [ConflictEngine] No rows pending conflict analysis.
2026-02-22 21:41:01 |     INFO | MarketingAdvantageAI | [conflict_detection] ✅ Run complete | processed=0 | duration=10ms
2026-02-22 21:41:01 |     INFO | MarketingAdvantageAI | [AgenticValidation] No rows pending validation.
2026-02-22 21:41:01 |     INFO | MarketingAdvantageAI | [agentic_validation] ✅ Run complete | processed=0 | duration=10ms
2026-02-22 21:42:01 |     INFO | MarketingAdvantageAI | [AgenticValidation] No rows pending validation.
2026-02-22 21:42:01 |     INFO | MarketingAdvantageAI | [agentic_validation] ✅ Run complete | processed=0 | duration=9ms
2026-02-22 21:43:01 |     INFO | MarketingAdvantageAI | [ConflictEngine] No rows pending conflict analysis.
2026-02-22 21:43:01 |     INFO | MarketingAdvantageAI | [conflict_detection] ✅ Run complete | processed=0 | duration=9ms
2026-02-22 21:43:01 |     INFO | MarketingAdvantageAI | [AgenticValidation] No rows pending validation.
2026-02-22 21:43:01 |     INFO | MarketingAdvantageAI | [agentic_validation] ✅ Run complete | processed=0 | duration=10ms
2026-02-22 21:44:01 |     INFO | MarketingAdvantageAI | [AgenticValidation] No rows pending validation.
2026-02-22 21:44:01 |     INFO | MarketingAdvantageAI | [agentic_validation] ✅ Run complete | processed=0 | duration=8ms
2026-02-22 21:45:01 |     INFO | MarketingAdvantageAI | [ConflictEngine] No rows pending conflict analysis.
2026-02-22 21:45:01 |     INFO | MarketingAdvantageAI | [conflict_detection] ✅ Run complete | processed=0 | duration=10ms
2026-02-22 21:45:01 |     INFO | MarketingAdvantageAI | [AgenticValidation] No rows pending validation.
2026-02-22 21:45:01 |     INFO | MarketingAdvantageAI | [agentic_validation] ✅ Run complete | processed=0 | duration=9ms
2026-02-22 21:46:00 |     INFO | MarketingAdvantageAI | [TemporalRevalidation] No rows pending temporal review.
2026-02-22 21:46:00 |     INFO | MarketingAdvantageAI | [temporal_revalidation] ✅ Run complete | processed=0 | duration=10ms
2026-02-22 21:46:01 |     INFO | MarketingAdvantageAI | [AgenticValidation] No rows pending validation.
2026-02-22 21:46:01 |     INFO | MarketingAdvantageAI | [agentic_validation] ✅ Run complete | processed=0 | duration=10ms
2026-02-22 21:47:01 |     INFO | MarketingAdvantageAI | [ConflictEngine] No rows pending conflict analysis.
2026-02-22 21:47:01 |     INFO | MarketingAdvantageAI | [conflict_detection] ✅ Run complete | processed=0 | duration=10ms
2026-02-22 21:47:01 |     INFO | MarketingAdvantageAI | [AgenticValidation] No rows pending validation.
2026-02-22 21:47:01 |     INFO | MarketingAdvantageAI | [agentic_validation] ✅ Run complete | processed=0 | duration=8ms
2026-02-22 21:48:01 |     INFO | MarketingAdvantageAI | [AgenticValidation] No rows pending validation.
2026-02-22 21:48:01 |     INFO | MarketingAdvantageAI | [agentic_validation] ✅ Run complete | processed=0 | duration=9ms
2026-02-22 21:49:01 |     INFO | MarketingAdvantageAI | [ConflictEngine] No rows pending conflict analysis.
2026-02-22 21:49:01 |     INFO | MarketingAdvantageAI | [conflict_detection] ✅ Run complete | processed=0 | duration=10ms
2026-02-22 21:49:01 |     INFO | MarketingAdvantageAI | [AgenticValidation] No rows pending validation.
2026-02-22 21:49:01 |     INFO | MarketingAdvantageAI | [agentic_validation] ✅ Run complete | processed=0 | duration=10ms
2026-02-22 21:50:01 |     INFO | MarketingAdvantageAI | [AgenticValidation] No rows pending validation.
2026-02-22 21:50:01 |     INFO | MarketingAdvantageAI | [agentic_validation] ✅ Run complete | processed=0 | duration=18ms
2026-02-22 21:51:00 |     INFO | MarketingAdvantageAI | [TemporalRevalidation] No rows pending temporal review.
2026-02-22 21:51:00 |     INFO | MarketingAdvantageAI | [temporal_revalidation] ✅ Run complete | processed=0 | duration=11ms
2026-02-22 21:51:01 |     INFO | MarketingAdvantageAI | [ConflictEngine] No rows pending conflict analysis.
2026-02-22 21:51:01 |     INFO | MarketingAdvantageAI | [conflict_detection] ✅ Run complete | processed=0 | duration=67ms
2026-02-22 21:51:01 |     INFO | MarketingAdvantageAI | [AgenticValidation] No rows pending validation.
2026-02-22 21:51:01 |     INFO | MarketingAdvantageAI | [agentic_validation] ✅ Run complete | processed=0 | duration=62ms
2026-02-22 21:52:01 |     INFO | MarketingAdvantageAI | [AgenticValidation] No rows pending validation.
2026-02-22 21:52:01 |     INFO | MarketingAdvantageAI | [agentic_validation] ✅ Run complete | processed=0 | duration=66ms
2026-02-22 21:53:01 |     INFO | MarketingAdvantageAI | [ConflictEngine] No rows pending conflict analysis.
2026-02-22 21:53:01 |     INFO | MarketingAdvantageAI | [conflict_detection] ✅ Run complete | processed=0 | duration=9ms
2026-02-22 21:53:01 |     INFO | MarketingAdvantageAI | [AgenticValidation] No rows pending validation.
2026-02-22 21:53:02 |     INFO | MarketingAdvantageAI | [agentic_validation] ✅ Run complete | processed=0 | duration=10ms
2026-02-22 21:54:02 |     INFO | MarketingAdvantageAI | [AgenticValidation] No rows pending validation.
2026-02-22 21:54:02 |     INFO | MarketingAdvantageAI | [agentic_validation] ✅ Run complete | processed=0 | duration=10ms
2026-02-22 21:55:01 |     INFO | MarketingAdvantageAI | [ConflictEngine] No rows pending conflict analysis.
2026-02-22 21:55:01 |     INFO | MarketingAdvantageAI | [conflict_detection] ✅ Run complete | processed=0 | duration=9ms
2026-02-22 21:55:02 |     INFO | MarketingAdvantageAI | [AgenticValidation] No rows pending validation.
2026-02-22 21:55:02 |     INFO | MarketingAdvantageAI | [agentic_validation] ✅ Run complete | processed=0 | duration=11ms
2026-02-22 21:56:00 |     INFO | MarketingAdvantageAI | [TemporalRevalidation] No rows pending temporal review.
2026-02-22 21:56:00 |     INFO | MarketingAdvantageAI | [temporal_revalidation] ✅ Run complete | processed=0 | duration=11ms
2026-02-22 21:56:02 |     INFO | MarketingAdvantageAI | [AgenticValidation] No rows pending validation.
2026-02-22 21:56:02 |     INFO | MarketingAdvantageAI | [agentic_validation] ✅ Run complete | processed=0 | duration=10ms
2026-02-22 21:57:01 |     INFO | MarketingAdvantageAI | [ConflictEngine] No rows pending conflict analysis.
2026-02-22 21:57:01 |     INFO | MarketingAdvantageAI | [conflict_detection] ✅ Run complete | processed=0 | duration=9ms
2026-02-22 21:57:02 |     INFO | MarketingAdvantageAI | [AgenticValidation] No rows pending validation.
2026-02-22 21:57:02 |     INFO | MarketingAdvantageAI | [agentic_validation] ✅ Run complete | processed=0 | duration=11ms
2026-02-22 21:58:02 |     INFO | MarketingAdvantageAI | [AgenticValidation] No rows pending validation.
2026-02-22 21:58:02 |     INFO | MarketingAdvantageAI | [agentic_validation] ✅ Run complete | processed=0 | duration=10ms
2026-02-22 21:59:01 |     INFO | MarketingAdvantageAI | [ConflictEngine] No rows pending conflict analysis.
2026-02-22 21:59:01 |     INFO | MarketingAdvantageAI | [conflict_detection] ✅ Run complete | processed=0 | duration=9ms
2026-02-22 21:59:02 |     INFO | MarketingAdvantageAI | [AgenticValidation] No rows pending validation.
2026-02-22 21:59:02 |     INFO | MarketingAdvantageAI | [agentic_validation] ✅ Run complete | processed=0 | duration=10ms
2026-02-22 22:00:02 |     INFO | MarketingAdvantageAI | [AgenticValidation] No rows pending validation.
2026-02-22 22:00:02 |     INFO | MarketingAdvantageAI | [agentic_validation] ✅ Run complete | processed=0 | duration=9ms
2026-02-22 22:01:00 |     INFO | MarketingAdvantageAI | [TemporalRevalidation] No rows pending temporal review.
2026-02-22 22:01:00 |     INFO | MarketingAdvantageAI | [temporal_revalidation] ✅ Run complete | processed=0 | duration=9ms
2026-02-22 22:01:01 |     INFO | MarketingAdvantageAI | [ConflictEngine] No rows pending conflict analysis.
2026-02-22 22:01:01 |     INFO | MarketingAdvantageAI | [conflict_detection] ✅ Run complete | processed=0 | duration=10ms
2026-02-22 22:01:02 |     INFO | MarketingAdvantageAI | [AgenticValidation] No rows pending validation.
2026-02-22 22:01:02 |     INFO | MarketingAdvantageAI | [agentic_validation] ✅ Run complete | processed=0 | duration=9ms
2026-02-22 22:02:02 |     INFO | MarketingAdvantageAI | [AgenticValidation] No rows pending validation.
2026-02-22 22:02:02 |     INFO | MarketingAdvantageAI | [agentic_validation] ✅ Run complete | processed=0 | duration=14ms
2026-02-22 22:03:01 |     INFO | MarketingAdvantageAI | [ConflictEngine] No rows pending conflict analysis.
2026-02-22 22:03:01 |     INFO | MarketingAdvantageAI | [conflict_detection] ✅ Run complete | processed=0 | duration=11ms
2026-02-22 22:03:02 |     INFO | MarketingAdvantageAI | [AgenticValidation] No rows pending validation.
2026-02-22 22:03:02 |     INFO | MarketingAdvantageAI | [agentic_validation] ✅ Run complete | processed=0 | duration=9ms
2026-02-22 22:04:02 |     INFO | MarketingAdvantageAI | [AgenticValidation] No rows pending validation.
2026-02-22 22:04:02 |     INFO | MarketingAdvantageAI | [agentic_validation] ✅ Run complete | processed=0 | duration=9ms
2026-02-22 22:05:01 |     INFO | MarketingAdvantageAI | [ConflictEngine] No rows pending conflict analysis.
2026-02-22 22:05:01 |     INFO | MarketingAdvantageAI | [conflict_detection] ✅ Run complete | processed=0 | duration=10ms
2026-02-22 22:05:02 |     INFO | MarketingAdvantageAI | [AgenticValidation] No rows pending validation.
2026-02-22 22:05:02 |     INFO | MarketingAdvantageAI | [agentic_validation] ✅ Run complete | processed=0 | duration=10ms
2026-02-22 22:06:00 |     INFO | MarketingAdvantageAI | [TemporalRevalidation] No rows pending temporal review.
2026-02-22 22:06:00 |     INFO | MarketingAdvantageAI | [temporal_revalidation] ✅ Run complete | processed=0 | duration=10ms
2026-02-22 22:06:02 |     INFO | MarketingAdvantageAI | [AgenticValidation] No rows pending validation.
2026-02-22 22:06:02 |     INFO | MarketingAdvantageAI | [agentic_validation] ✅ Run complete | processed=0 | duration=10ms
2026-02-22 22:07:01 |     INFO | MarketingAdvantageAI | [ConflictEngine] No rows pending conflict analysis.
2026-02-22 22:07:01 |     INFO | MarketingAdvantageAI | [conflict_detection] ✅ Run complete | processed=0 | duration=9ms
2026-02-22 22:07:02 |     INFO | MarketingAdvantageAI | [AgenticValidation] No rows pending validation.
2026-02-22 22:07:02 |     INFO | MarketingAdvantageAI | [agentic_validation] ✅ Run complete | processed=0 | duration=10ms
2026-02-22 22:08:02 |     INFO | MarketingAdvantageAI | [AgenticValidation] No rows pending validation.
2026-02-22 22:08:02 |     INFO | MarketingAdvantageAI | [agentic_validation] ✅ Run complete | processed=0 | duration=9ms
2026-02-22 22:09:01 |     INFO | MarketingAdvantageAI | [ConflictEngine] No rows pending conflict analysis.
2026-02-22 22:09:01 |     INFO | MarketingAdvantageAI | [conflict_detection] ✅ Run complete | processed=0 | duration=9ms
2026-02-22 22:09:02 |     INFO | MarketingAdvantageAI | [AgenticValidation] No rows pending validation.
2026-02-22 22:09:02 |     INFO | MarketingAdvantageAI | [agentic_validation] ✅ Run complete | processed=0 | duration=9ms
2026-02-22 22:10:02 |     INFO | MarketingAdvantageAI | [AgenticValidation] No rows pending validation.
2026-02-22 22:10:02 |     INFO | MarketingAdvantageAI | [agentic_validation] ✅ Run complete | processed=0 | duration=10ms
2026-02-22 22:11:00 |     INFO | MarketingAdvantageAI | [TemporalRevalidation] No rows pending temporal review.
2026-02-22 22:11:00 |     INFO | MarketingAdvantageAI | [temporal_revalidation] ✅ Run complete | processed=0 | duration=13ms
2026-02-22 22:11:01 |     INFO | MarketingAdvantageAI | [ConflictEngine] No rows pending conflict analysis.
2026-02-22 22:11:01 |     INFO | MarketingAdvantageAI | [conflict_detection] ✅ Run complete | processed=0 | duration=10ms
2026-02-22 22:11:02 |     INFO | MarketingAdvantageAI | [AgenticValidation] No rows pending validation.
2026-02-22 22:11:02 |     INFO | MarketingAdvantageAI | [agentic_validation] ✅ Run complete | processed=0 | duration=9ms
2026-02-22 22:12:02 |     INFO | MarketingAdvantageAI | [AgenticValidation] No rows pending validation.
2026-02-22 22:12:02 |     INFO | MarketingAdvantageAI | [agentic_validation] ✅ Run complete | processed=0 | duration=8ms
2026-02-22 22:13:01 |     INFO | MarketingAdvantageAI | [ConflictEngine] No rows pending conflict analysis.
2026-02-22 22:13:01 |     INFO | MarketingAdvantageAI | [conflict_detection] ✅ Run complete | processed=0 | duration=10ms
2026-02-22 22:13:02 |     INFO | MarketingAdvantageAI | [AgenticValidation] No rows pending validation.
2026-02-22 22:13:02 |     INFO | MarketingAdvantageAI | [agentic_validation] ✅ Run complete | processed=0 | duration=23ms
2026-02-22 22:14:02 |     INFO | MarketingAdvantageAI | [AgenticValidation] No rows pending validation.
2026-02-22 22:14:02 |     INFO | MarketingAdvantageAI | [agentic_validation] ✅ Run complete | processed=0 | duration=10ms
2026-02-22 22:15:01 |     INFO | MarketingAdvantageAI | [ConflictEngine] No rows pending conflict analysis.
2026-02-22 22:15:01 |     INFO | MarketingAdvantageAI | [conflict_detection] ✅ Run complete | processed=0 | duration=9ms
2026-02-22 22:15:02 |     INFO | MarketingAdvantageAI | [AgenticValidation] No rows pending validation.
2026-02-22 22:15:02 |     INFO | MarketingAdvantageAI | [agentic_validation] ✅ Run complete | processed=0 | duration=12ms
2026-02-22 22:16:00 |     INFO | MarketingAdvantageAI | [TemporalRevalidation] No rows pending temporal review.
2026-02-22 22:16:00 |     INFO | MarketingAdvantageAI | [temporal_revalidation] ✅ Run complete | processed=0 | duration=9ms
2026-02-22 22:16:02 |     INFO | MarketingAdvantageAI | [AgenticValidation] No rows pending validation.
2026-02-22 22:16:02 |     INFO | MarketingAdvantageAI | [agentic_validation] ✅ Run complete | processed=0 | duration=10ms
2026-02-22 22:17:01 |     INFO | MarketingAdvantageAI | [ConflictEngine] No rows pending conflict analysis.
2026-02-22 22:17:01 |     INFO | MarketingAdvantageAI | [conflict_detection] ✅ Run complete | processed=0 | duration=9ms
2026-02-22 22:17:02 |     INFO | MarketingAdvantageAI | [AgenticValidation] No rows pending validation.
2026-02-22 22:17:02 |     INFO | MarketingAdvantageAI | [agentic_validation] ✅ Run complete | processed=0 | duration=12ms
2026-02-22 22:18:02 |     INFO | MarketingAdvantageAI | [AgenticValidation] No rows pending validation.
2026-02-22 22:18:02 |     INFO | MarketingAdvantageAI | [agentic_validation] ✅ Run complete | processed=0 | duration=10ms
2026-02-22 22:19:01 |     INFO | MarketingAdvantageAI | [ConflictEngine] No rows pending conflict analysis.
2026-02-22 22:19:01 |     INFO | MarketingAdvantageAI | [conflict_detection] ✅ Run complete | processed=0 | duration=9ms
2026-02-22 22:19:02 |     INFO | MarketingAdvantageAI | [AgenticValidation] No rows pending validation.
2026-02-22 22:19:02 |     INFO | MarketingAdvantageAI | [agentic_validation] ✅ Run complete | processed=0 | duration=9ms
2026-02-22 22:20:02 |     INFO | MarketingAdvantageAI | [AgenticValidation] No rows pending validation.
2026-02-22 22:20:02 |     INFO | MarketingAdvantageAI | [agentic_validation] ✅ Run complete | processed=0 | duration=8ms
2026-02-22 22:21:00 |     INFO | MarketingAdvantageAI | [TemporalRevalidation] No rows pending temporal review.
2026-02-22 22:21:00 |     INFO | MarketingAdvantageAI | [temporal_revalidation] ✅ Run complete | processed=0 | duration=9ms
2026-02-22 22:21:01 |     INFO | MarketingAdvantageAI | [ConflictEngine] No rows pending conflict analysis.
2026-02-22 22:21:01 |     INFO | MarketingAdvantageAI | [conflict_detection] ✅ Run complete | processed=0 | duration=65ms
2026-02-22 22:21:02 |     INFO | MarketingAdvantageAI | [AgenticValidation] No rows pending validation.
2026-02-22 22:21:02 |     INFO | MarketingAdvantageAI | [agentic_validation] ✅ Run complete | processed=0 | duration=73ms
2026-02-22 22:22:02 |     INFO | MarketingAdvantageAI | [AgenticValidation] No rows pending validation.
2026-02-22 22:22:02 |     INFO | MarketingAdvantageAI | [agentic_validation] ✅ Run complete | processed=0 | duration=65ms
2026-02-22 22:23:01 |     INFO | MarketingAdvantageAI | [ConflictEngine] No rows pending conflict analysis.
2026-02-22 22:23:01 |     INFO | MarketingAdvantageAI | [conflict_detection] ✅ Run complete | processed=0 | duration=11ms
2026-02-22 22:23:02 |     INFO | MarketingAdvantageAI | [AgenticValidation] No rows pending validation.
2026-02-22 22:23:02 |     INFO | MarketingAdvantageAI | [agentic_validation] ✅ Run complete | processed=0 | duration=10ms
2026-02-22 22:24:02 |     INFO | MarketingAdvantageAI | [AgenticValidation] No rows pending validation.
2026-02-22 22:24:02 |     INFO | MarketingAdvantageAI | [agentic_validation] ✅ Run complete | processed=0 | duration=12ms
2026-02-22 22:25:01 |     INFO | MarketingAdvantageAI | [ConflictEngine] No rows pending conflict analysis.
2026-02-22 22:25:01 |     INFO | MarketingAdvantageAI | [conflict_detection] ✅ Run complete | processed=0 | duration=10ms
2026-02-22 22:25:02 |     INFO | MarketingAdvantageAI | [AgenticValidation] No rows pending validation.
2026-02-22 22:25:02 |     INFO | MarketingAdvantageAI | [agentic_validation] ✅ Run complete | processed=0 | duration=9ms
2026-02-22 22:26:00 |     INFO | MarketingAdvantageAI | [TemporalRevalidation] No rows pending temporal review.
2026-02-22 22:26:00 |     INFO | MarketingAdvantageAI | [temporal_revalidation] ✅ Run complete | processed=0 | duration=9ms
2026-02-22 22:26:02 |     INFO | MarketingAdvantageAI | [AgenticValidation] No rows pending validation.
2026-02-22 22:26:02 |     INFO | MarketingAdvantageAI | [agentic_validation] ✅ Run complete | processed=0 | duration=10ms
2026-02-22 22:27:01 |     INFO | MarketingAdvantageAI | [ConflictEngine] No rows pending conflict analysis.
2026-02-22 22:27:01 |     INFO | MarketingAdvantageAI | [conflict_detection] ✅ Run complete | processed=0 | duration=10ms
2026-02-22 22:27:02 |     INFO | MarketingAdvantageAI | [AgenticValidation] No rows pending validation.
2026-02-22 22:27:02 |     INFO | MarketingAdvantageAI | [agentic_validation] ✅ Run complete | processed=0 | duration=11ms
2026-02-22 22:28:02 |     INFO | MarketingAdvantageAI | [AgenticValidation] No rows pending validation.
2026-02-22 22:28:02 |     INFO | MarketingAdvantageAI | [agentic_validation] ✅ Run complete | processed=0 | duration=11ms
2026-02-22 22:29:01 |     INFO | MarketingAdvantageAI | [ConflictEngine] No rows pending conflict analysis.
2026-02-22 22:29:01 |     INFO | MarketingAdvantageAI | [conflict_detection] ✅ Run complete | processed=0 | duration=10ms
2026-02-22 22:29:02 |     INFO | MarketingAdvantageAI | [AgenticValidation] No rows pending validation.
2026-02-22 22:29:02 |     INFO | MarketingAdvantageAI | [agentic_validation] ✅ Run complete | processed=0 | duration=10ms
2026-02-22 22:30:02 |     INFO | MarketingAdvantageAI | [AgenticValidation] No rows pending validation.
2026-02-22 22:30:02 |     INFO | MarketingAdvantageAI | [agentic_validation] ✅ Run complete | processed=0 | duration=10ms
2026-02-22 22:31:00 |     INFO | MarketingAdvantageAI | [TemporalRevalidation] No rows pending temporal review.
2026-02-22 22:31:00 |     INFO | MarketingAdvantageAI | [temporal_revalidation] ✅ Run complete | processed=0 | duration=10ms
2026-02-22 22:31:01 |     INFO | MarketingAdvantageAI | [ConflictEngine] No rows pending conflict analysis.
2026-02-22 22:31:01 |     INFO | MarketingAdvantageAI | [conflict_detection] ✅ Run complete | processed=0 | duration=10ms
2026-02-22 22:31:02 |     INFO | MarketingAdvantageAI | [AgenticValidation] No rows pending validation.
2026-02-22 22:31:02 |     INFO | MarketingAdvantageAI | [agentic_validation] ✅ Run complete | processed=0 | duration=9ms
2026-02-22 22:32:02 |     INFO | MarketingAdvantageAI | [AgenticValidation] No rows pending validation.
2026-02-22 22:32:02 |     INFO | MarketingAdvantageAI | [agentic_validation] ✅ Run complete | processed=0 | duration=13ms
2026-02-22 22:33:01 |     INFO | MarketingAdvantageAI | [ConflictEngine] No rows pending conflict analysis.
2026-02-22 22:33:01 |     INFO | MarketingAdvantageAI | [conflict_detection] ✅ Run complete | processed=0 | duration=0ms
2026-02-22 22:33:02 |     INFO | MarketingAdvantageAI | [AgenticValidation] No rows pending validation.
2026-02-22 22:33:02 |     INFO | MarketingAdvantageAI | [agentic_validation] ✅ Run complete | processed=0 | duration=5ms
2026-02-22 22:34:02 |     INFO | MarketingAdvantageAI | [AgenticValidation] No rows pending validation.
2026-02-22 22:34:02 |     INFO | MarketingAdvantageAI | [agentic_validation] ✅ Run complete | processed=0 | duration=2ms
2026-02-22 22:35:01 |     INFO | MarketingAdvantageAI | [ConflictEngine] No rows pending conflict analysis.
2026-02-22 22:35:01 |     INFO | MarketingAdvantageAI | [conflict_detection] ✅ Run complete | processed=0 | duration=5ms
2026-02-22 22:35:02 |     INFO | MarketingAdvantageAI | [AgenticValidation] No rows pending validation.
2026-02-22 22:35:02 |     INFO | MarketingAdvantageAI | [agentic_validation] ✅ Run complete | processed=0 | duration=0ms
2026-02-22 22:36:00 |     INFO | MarketingAdvantageAI | [TemporalRevalidation] No rows pending temporal review.
2026-02-22 22:36:00 |     INFO | MarketingAdvantageAI | [temporal_revalidation] ✅ Run complete | processed=0 | duration=13ms
2026-02-22 22:36:02 |     INFO | MarketingAdvantageAI | [AgenticValidation] No rows pending validation.
2026-02-22 22:36:02 |     INFO | MarketingAdvantageAI | [agentic_validation] ✅ Run complete | processed=0 | duration=3ms
2026-02-22 22:37:01 |     INFO | MarketingAdvantageAI | [ConflictEngine] No rows pending conflict analysis.
2026-02-22 22:37:01 |     INFO | MarketingAdvantageAI | [conflict_detection] ✅ Run complete | processed=0 | duration=9ms
2026-02-22 22:37:02 |     INFO | MarketingAdvantageAI | [AgenticValidation] No rows pending validation.
2026-02-22 22:37:02 |     INFO | MarketingAdvantageAI | [agentic_validation] ✅ Run complete | processed=0 | duration=5ms
2026-02-22 22:38:02 |     INFO | MarketingAdvantageAI | [AgenticValidation] No rows pending validation.
2026-02-22 22:38:02 |     INFO | MarketingAdvantageAI | [agentic_validation] ✅ Run complete | processed=0 | duration=14ms
2026-02-22 22:39:01 |     INFO | MarketingAdvantageAI | [ConflictEngine] No rows pending conflict analysis.
2026-02-22 22:39:01 |     INFO | MarketingAdvantageAI | [conflict_detection] ✅ Run complete | processed=0 | duration=9ms
2026-02-22 22:39:02 |     INFO | MarketingAdvantageAI | [AgenticValidation] No rows pending validation.
2026-02-22 22:39:02 |     INFO | MarketingAdvantageAI | [agentic_validation] ✅ Run complete | processed=0 | duration=2ms
2026-02-22 22:40:02 |     INFO | MarketingAdvantageAI | [AgenticValidation] No rows pending validation.
2026-02-22 22:40:02 |     INFO | MarketingAdvantageAI | [agentic_validation] ✅ Run complete | processed=0 | duration=4ms
2026-02-23 00:36:04 |  WARNING | MarketingAdvantageAI | [HealthMonitor] Unhealthy workers detected: agentic_validation (stalled, 6962s since last run), conflict_detection (stalled, 7023s since last run), temporal_revalidation (stalled, 7204s since last run)
2026-02-23 00:36:05 |     INFO | MarketingAdvantageAI | [ConflictEngine] No rows pending conflict analysis.
2026-02-23 00:36:06 |     INFO | MarketingAdvantageAI | [TemporalRevalidation] No rows pending temporal review.
2026-02-23 00:36:06 |     INFO | MarketingAdvantageAI | [AgenticValidation] No rows pending validation.
2026-02-23 00:36:06 |     INFO | MarketingAdvantageAI | [conflict_detection] ✅ Run complete | processed=0 | duration=1270ms
2026-02-23 00:36:06 |     INFO | MarketingAdvantageAI | [temporal_revalidation] ✅ Run complete | processed=0 | duration=1611ms
2026-02-23 00:36:06 |     INFO | MarketingAdvantageAI | [agentic_validation] ✅ Run complete | processed=0 | duration=1223ms
2026-02-23 00:39:45 |  WARNING | MarketingAdvantageAI | [HealthMonitor] Unhealthy workers detected: agentic_validation (stalled, 220s since last run)
2026-02-23 00:39:45 |     INFO | MarketingAdvantageAI | [AgenticValidation] No rows pending validation.
2026-02-23 00:39:45 |     INFO | MarketingAdvantageAI | [ConflictEngine] No rows pending conflict analysis.
2026-02-23 00:39:45 |     INFO | MarketingAdvantageAI | [agentic_validation] ✅ Run complete | processed=0 | duration=200ms
2026-02-23 00:39:45 |     INFO | MarketingAdvantageAI | [conflict_detection] ✅ Run complete | processed=0 | duration=199ms
2026-02-23 00:40:45 |     INFO | MarketingAdvantageAI | [AgenticValidation] No rows pending validation.
2026-02-23 00:40:45 |     INFO | MarketingAdvantageAI | [agentic_validation] ✅ Run complete | processed=0 | duration=7ms
2026-02-23 00:41:06 |     INFO | MarketingAdvantageAI | [TemporalRevalidation] No rows pending temporal review.
2026-02-23 00:41:06 |     INFO | MarketingAdvantageAI | [temporal_revalidation] ✅ Run complete | processed=0 | duration=12ms
2026-02-23 00:41:45 |     INFO | MarketingAdvantageAI | [AgenticValidation] No rows pending validation.
2026-02-23 00:41:45 |     INFO | MarketingAdvantageAI | [agentic_validation] ✅ Run complete | processed=0 | duration=9ms
2026-02-23 00:41:45 |     INFO | MarketingAdvantageAI | [ConflictEngine] No rows pending conflict analysis.
2026-02-23 00:41:45 |     INFO | MarketingAdvantageAI | [conflict_detection] ✅ Run complete | processed=0 | duration=9ms
2026-02-23 00:42:45 |     INFO | MarketingAdvantageAI | [AgenticValidation] No rows pending validation.
2026-02-23 00:42:45 |     INFO | MarketingAdvantageAI | [agentic_validation] ✅ Run complete | processed=0 | duration=12ms
2026-02-23 00:43:45 |     INFO | MarketingAdvantageAI | [AgenticValidation] No rows pending validation.
2026-02-23 00:43:45 |     INFO | MarketingAdvantageAI | [agentic_validation] ✅ Run complete | processed=0 | duration=9ms
2026-02-23 00:43:45 |     INFO | MarketingAdvantageAI | [ConflictEngine] No rows pending conflict analysis.
2026-02-23 00:43:45 |     INFO | MarketingAdvantageAI | [conflict_detection] ✅ Run complete | processed=0 | duration=10ms
2026-02-23 00:44:45 |     INFO | MarketingAdvantageAI | [AgenticValidation] No rows pending validation.
2026-02-23 00:44:45 |     INFO | MarketingAdvantageAI | [agentic_validation] ✅ Run complete | processed=0 | duration=10ms
2026-02-23 00:45:45 |     INFO | MarketingAdvantageAI | [AgenticValidation] No rows pending validation.
2026-02-23 00:45:45 |     INFO | MarketingAdvantageAI | [agentic_validation] ✅ Run complete | processed=0 | duration=1ms
2026-02-23 00:45:45 |     INFO | MarketingAdvantageAI | [ConflictEngine] No rows pending conflict analysis.
2026-02-23 00:45:45 |     INFO | MarketingAdvantageAI | [conflict_detection] ✅ Run complete | processed=0 | duration=11ms
2026-02-23 00:46:06 |     INFO | MarketingAdvantageAI | [TemporalRevalidation] No rows pending temporal review.
2026-02-23 00:46:06 |     INFO | MarketingAdvantageAI | [temporal_revalidation] ✅ Run complete | processed=0 | duration=9ms
2026-02-23 00:46:45 |     INFO | MarketingAdvantageAI | [AgenticValidation] No rows pending validation.
2026-02-23 00:46:45 |     INFO | MarketingAdvantageAI | [agentic_validation] ✅ Run complete | processed=0 | duration=4ms
2026-02-23 00:47:45 |     INFO | MarketingAdvantageAI | [AgenticValidation] No rows pending validation.
2026-02-23 00:47:45 |     INFO | MarketingAdvantageAI | [agentic_validation] ✅ Run complete | processed=0 | duration=9ms
2026-02-23 00:47:45 |     INFO | MarketingAdvantageAI | [ConflictEngine] No rows pending conflict analysis.
2026-02-23 00:47:45 |     INFO | MarketingAdvantageAI | [conflict_detection] ✅ Run complete | processed=0 | duration=9ms
2026-02-23 00:48:45 |     INFO | MarketingAdvantageAI | [AgenticValidation] No rows pending validation.
2026-02-23 00:48:45 |     INFO | MarketingAdvantageAI | [agentic_validation] ✅ Run complete | processed=0 | duration=9ms
2026-02-23 00:49:45 |     INFO | MarketingAdvantageAI | [AgenticValidation] No rows pending validation.
2026-02-23 00:49:45 |     INFO | MarketingAdvantageAI | [agentic_validation] ✅ Run complete | processed=0 | duration=10ms
2026-02-23 00:49:45 |     INFO | MarketingAdvantageAI | [ConflictEngine] No rows pending conflict analysis.
2026-02-23 00:49:45 |     INFO | MarketingAdvantageAI | [conflict_detection] ✅ Run complete | processed=0 | duration=10ms
2026-02-23 00:50:45 |     INFO | MarketingAdvantageAI | [AgenticValidation] No rows pending validation.
2026-02-23 00:50:45 |     INFO | MarketingAdvantageAI | [agentic_validation] ✅ Run complete | processed=0 | duration=8ms
2026-02-23 00:51:06 |     INFO | MarketingAdvantageAI | [TemporalRevalidation] No rows pending temporal review.
2026-02-23 00:51:06 |     INFO | MarketingAdvantageAI | [temporal_revalidation] ✅ Run complete | processed=0 | duration=9ms
2026-02-23 00:51:45 |     INFO | MarketingAdvantageAI | [AgenticValidation] No rows pending validation.
2026-02-23 00:51:45 |     INFO | MarketingAdvantageAI | [agentic_validation] ✅ Run complete | processed=0 | duration=3ms
2026-02-23 00:51:45 |     INFO | MarketingAdvantageAI | [ConflictEngine] No rows pending conflict analysis.
2026-02-23 00:51:45 |     INFO | MarketingAdvantageAI | [conflict_detection] ✅ Run complete | processed=0 | duration=8ms
2026-02-23 00:52:45 |     INFO | MarketingAdvantageAI | [AgenticValidation] No rows pending validation.
2026-02-23 00:52:45 |     INFO | MarketingAdvantageAI | [agentic_validation] ✅ Run complete | processed=0 | duration=10ms
2026-02-23 00:53:45 |     INFO | MarketingAdvantageAI | [AgenticValidation] No rows pending validation.
2026-02-23 00:53:45 |     INFO | MarketingAdvantageAI | [agentic_validation] ✅ Run complete | processed=0 | duration=3ms
2026-02-23 00:53:45 |     INFO | MarketingAdvantageAI | [ConflictEngine] No rows pending conflict analysis.
2026-02-23 00:53:45 |     INFO | MarketingAdvantageAI | [conflict_detection] ✅ Run complete | processed=0 | duration=11ms
2026-02-23 00:54:45 |     INFO | MarketingAdvantageAI | [AgenticValidation] No rows pending validation.
2026-02-23 00:54:45 |     INFO | MarketingAdvantageAI | [agentic_validation] ✅ Run complete | processed=0 | duration=7ms
2026-02-23 00:55:45 |     INFO | MarketingAdvantageAI | [AgenticValidation] No rows pending validation.
2026-02-23 00:55:45 |     INFO | MarketingAdvantageAI | [agentic_validation] ✅ Run complete | processed=0 | duration=11ms
2026-02-23 00:55:45 |     INFO | MarketingAdvantageAI | [ConflictEngine] No rows pending conflict analysis.
2026-02-23 00:55:45 |     INFO | MarketingAdvantageAI | [conflict_detection] ✅ Run complete | processed=0 | duration=11ms
2026-02-23 00:56:06 |     INFO | MarketingAdvantageAI | [TemporalRevalidation] No rows pending temporal review.
2026-02-23 00:56:06 |     INFO | MarketingAdvantageAI | [temporal_revalidation] ✅ Run complete | processed=0 | duration=9ms
2026-02-23 00:56:45 |     INFO | MarketingAdvantageAI | [AgenticValidation] No rows pending validation.
2026-02-23 00:56:45 |     INFO | MarketingAdvantageAI | [agentic_validation] ✅ Run complete | processed=0 | duration=7ms
2026-02-23 00:57:45 |     INFO | MarketingAdvantageAI | [AgenticValidation] No rows pending validation.
2026-02-23 00:57:45 |     INFO | MarketingAdvantageAI | [agentic_validation] ✅ Run complete | processed=0 | duration=7ms
2026-02-23 00:57:45 |     INFO | MarketingAdvantageAI | [ConflictEngine] No rows pending conflict analysis.
2026-02-23 00:57:45 |     INFO | MarketingAdvantageAI | [conflict_detection] ✅ Run complete | processed=0 | duration=10ms
2026-02-23 00:59:55 |     INFO | MarketingAdvantageAI | [ConflictEngine] No rows pending conflict analysis.
2026-02-23 00:59:55 |     INFO | MarketingAdvantageAI | [AgenticValidation] No rows pending validation.
2026-02-23 00:59:55 |     INFO | MarketingAdvantageAI | [conflict_detection] ✅ Run complete | processed=0 | duration=56ms
2026-02-23 00:59:55 |     INFO | MarketingAdvantageAI | [agentic_validation] ✅ Run complete | processed=0 | duration=106ms
2026-02-23 01:00:55 |     INFO | MarketingAdvantageAI | [AgenticValidation] No rows pending validation.
2026-02-23 01:00:55 |     INFO | MarketingAdvantageAI | [agentic_validation] ✅ Run complete | processed=0 | duration=1ms
2026-02-23 01:01:06 |     INFO | MarketingAdvantageAI | [TemporalRevalidation] No rows pending temporal review.
2026-02-23 01:01:06 |     INFO | MarketingAdvantageAI | [temporal_revalidation] ✅ Run complete | processed=0 | duration=7ms
2026-02-23 01:01:55 |     INFO | MarketingAdvantageAI | [ConflictEngine] No rows pending conflict analysis.
2026-02-23 01:01:55 |     INFO | MarketingAdvantageAI | [AgenticValidation] No rows pending validation.
2026-02-23 01:01:55 |     INFO | MarketingAdvantageAI | [conflict_detection] ✅ Run complete | processed=0 | duration=17ms
2026-02-23 01:01:55 |     INFO | MarketingAdvantageAI | [agentic_validation] ✅ Run complete | processed=0 | duration=16ms
2026-02-23 01:02:55 |     INFO | MarketingAdvantageAI | [AgenticValidation] No rows pending validation.
2026-02-23 01:02:55 |     INFO | MarketingAdvantageAI | [agentic_validation] ✅ Run complete | processed=0 | duration=11ms
2026-02-23 01:03:55 |     INFO | MarketingAdvantageAI | [ConflictEngine] No rows pending conflict analysis.
2026-02-23 01:03:55 |     INFO | MarketingAdvantageAI | [conflict_detection] ✅ Run complete | processed=0 | duration=14ms
2026-02-23 01:03:55 |     INFO | MarketingAdvantageAI | [AgenticValidation] No rows pending validation.
2026-02-23 01:03:55 |     INFO | MarketingAdvantageAI | [agentic_validation] ✅ Run complete | processed=0 | duration=5ms
2026-02-23 01:04:55 |     INFO | MarketingAdvantageAI | [AgenticValidation] No rows pending validation.
2026-02-23 01:04:55 |     INFO | MarketingAdvantageAI | [agentic_validation] ✅ Run complete | processed=0 | duration=4ms
2026-02-23 01:05:55 |     INFO | MarketingAdvantageAI | [ConflictEngine] No rows pending conflict analysis.
2026-02-23 01:05:55 |     INFO | MarketingAdvantageAI | [conflict_detection] ✅ Run complete | processed=0 | duration=8ms
2026-02-23 01:05:55 |     INFO | MarketingAdvantageAI | [AgenticValidation] No rows pending validation.
2026-02-23 01:05:55 |     INFO | MarketingAdvantageAI | [agentic_validation] ✅ Run complete | processed=0 | duration=9ms
2026-02-23 01:06:06 |     INFO | MarketingAdvantageAI | [TemporalRevalidation] No rows pending temporal review.
2026-02-23 01:06:06 |     INFO | MarketingAdvantageAI | [temporal_revalidation] ✅ Run complete | processed=0 | duration=89ms
2026-02-23 01:06:55 |     INFO | MarketingAdvantageAI | [AgenticValidation] No rows pending validation.
2026-02-23 01:06:55 |     INFO | MarketingAdvantageAI | [agentic_validation] ✅ Run complete | processed=0 | duration=96ms
2026-02-23 01:07:55 |     INFO | MarketingAdvantageAI | [AgenticValidation] No rows pending validation.
2026-02-23 01:07:55 |     INFO | MarketingAdvantageAI | [agentic_validation] ✅ Run complete | processed=0 | duration=10ms
2026-02-23 01:07:55 |     INFO | MarketingAdvantageAI | [ConflictEngine] No rows pending conflict analysis.
2026-02-23 01:07:55 |     INFO | MarketingAdvantageAI | [conflict_detection] ✅ Run complete | processed=0 | duration=100ms
2026-02-23 01:19:40 |  WARNING | MarketingAdvantageAI | [HealthMonitor] Unhealthy workers detected: agentic_validation (stalled, 705s since last run), conflict_detection (stalled, 705s since last run)
2026-02-23 01:19:40 |     INFO | MarketingAdvantageAI | [TemporalRevalidation] No rows pending temporal review.
2026-02-23 01:19:40 |     INFO | MarketingAdvantageAI | [AgenticValidation] No rows pending validation.
2026-02-23 01:19:40 |     INFO | MarketingAdvantageAI | [ConflictEngine] No rows pending conflict analysis.
2026-02-23 01:19:40 |     INFO | MarketingAdvantageAI | [temporal_revalidation] ✅ Run complete | processed=0 | duration=94ms
2026-02-23 01:19:40 |     INFO | MarketingAdvantageAI | [agentic_validation] ✅ Run complete | processed=0 | duration=124ms
2026-02-23 01:19:40 |     INFO | MarketingAdvantageAI | [conflict_detection] ✅ Run complete | processed=0 | duration=117ms
2026-02-23 01:20:40 |     INFO | MarketingAdvantageAI | [AgenticValidation] No rows pending validation.
2026-02-23 01:20:40 |     INFO | MarketingAdvantageAI | [agentic_validation] ✅ Run complete | processed=0 | duration=4ms
2026-02-23 01:21:40 |     INFO | MarketingAdvantageAI | [ConflictEngine] No rows pending conflict analysis.
2026-02-23 01:21:40 |     INFO | MarketingAdvantageAI | [AgenticValidation] No rows pending validation.
2026-02-23 01:21:40 |     INFO | MarketingAdvantageAI | [conflict_detection] ✅ Run complete | processed=0 | duration=13ms
2026-02-23 01:21:40 |     INFO | MarketingAdvantageAI | [agentic_validation] ✅ Run complete | processed=0 | duration=14ms
2026-02-23 01:22:40 |     INFO | MarketingAdvantageAI | [AgenticValidation] No rows pending validation.
2026-02-23 01:22:40 |     INFO | MarketingAdvantageAI | [agentic_validation] ✅ Run complete | processed=0 | duration=2ms
2026-02-23 01:23:40 |     INFO | MarketingAdvantageAI | [ConflictEngine] No rows pending conflict analysis.
2026-02-23 01:23:40 |     INFO | MarketingAdvantageAI | [conflict_detection] ✅ Run complete | processed=0 | duration=4ms
2026-02-23 01:23:40 |     INFO | MarketingAdvantageAI | [AgenticValidation] No rows pending validation.
2026-02-23 01:23:40 |     INFO | MarketingAdvantageAI | [agentic_validation] ✅ Run complete | processed=0 | duration=12ms
2026-02-23 01:24:40 |     INFO | MarketingAdvantageAI | [TemporalRevalidation] No rows pending temporal review.
2026-02-23 01:24:40 |     INFO | MarketingAdvantageAI | [AgenticValidation] No rows pending validation.
2026-02-23 01:24:40 |     INFO | MarketingAdvantageAI | [temporal_revalidation] ✅ Run complete | processed=0 | duration=11ms
2026-02-23 01:24:40 |     INFO | MarketingAdvantageAI | [agentic_validation] ✅ Run complete | processed=0 | duration=10ms
2026-02-23 03:43:36 |  WARNING | MarketingAdvantageAI | [HealthMonitor] Unhealthy workers detected: agentic_validation (stalled, 8336s since last run), conflict_detection (stalled, 8396s since last run), temporal_revalidation (stalled, 8336s since last run)
2026-02-23 03:43:37 |     INFO | MarketingAdvantageAI | [ConflictEngine] No rows pending conflict analysis.
2026-02-23 03:43:37 |     INFO | MarketingAdvantageAI | [AgenticValidation] No rows pending validation.
2026-02-23 03:43:37 |     INFO | MarketingAdvantageAI | [TemporalRevalidation] No rows pending temporal review.
2026-02-23 03:43:37 |     INFO | MarketingAdvantageAI | [conflict_detection] ✅ Run complete | processed=0 | duration=694ms
2026-02-23 03:43:37 |     INFO | MarketingAdvantageAI | [agentic_validation] ✅ Run complete | processed=0 | duration=634ms
2026-02-23 03:43:37 |     INFO | MarketingAdvantageAI | [temporal_revalidation] ✅ Run complete | processed=0 | duration=630ms
2026-02-23 06:16:19 |  WARNING | MarketingAdvantageAI | [HealthMonitor] Unhealthy workers detected: agentic_validation (stalled, 9163s since last run), conflict_detection (stalled, 9163s since last run), temporal_revalidation (stalled, 9163s since last run)
2026-02-23 06:16:20 |     INFO | MarketingAdvantageAI | [TemporalRevalidation] No rows pending temporal review.
2026-02-23 06:16:20 |     INFO | MarketingAdvantageAI | [AgenticValidation] No rows pending validation.
2026-02-23 06:16:20 |     INFO | MarketingAdvantageAI | [ConflictEngine] No rows pending conflict analysis.
2026-02-23 06:16:20 |     INFO | MarketingAdvantageAI | [temporal_revalidation] ✅ Run complete | processed=0 | duration=413ms
2026-02-23 06:16:20 |     INFO | MarketingAdvantageAI | [agentic_validation] ✅ Run complete | processed=0 | duration=573ms
2026-02-23 06:16:20 |     INFO | MarketingAdvantageAI | [conflict_detection] ✅ Run complete | processed=0 | duration=483ms
2026-02-23 07:15:56 |  WARNING | MarketingAdvantageAI | [HealthMonitor] Unhealthy workers detected: agentic_validation (stalled, 3577s since last run), conflict_detection (stalled, 3577s since last run), temporal_revalidation (stalled, 3577s since last run)
2026-02-23 07:15:57 |     INFO | MarketingAdvantageAI | [TemporalRevalidation] No rows pending temporal review.
2026-02-23 07:15:57 |     INFO | MarketingAdvantageAI | [AgenticValidation] No rows pending validation.
2026-02-23 07:15:57 |     INFO | MarketingAdvantageAI | [ConflictEngine] No rows pending conflict analysis.
2026-02-23 07:15:57 |     INFO | MarketingAdvantageAI | [temporal_revalidation] ✅ Run complete | processed=0 | duration=719ms
2026-02-23 07:15:57 |     INFO | MarketingAdvantageAI | [agentic_validation] ✅ Run complete | processed=0 | duration=791ms
2026-02-23 07:15:57 |     INFO | MarketingAdvantageAI | [conflict_detection] ✅ Run complete | processed=0 | duration=762ms
2026-02-23 10:14:27 |  WARNING | MarketingAdvantageAI | [HealthMonitor] Unhealthy workers detected: agentic_validation (stalled, 10711s since last run), conflict_detection (stalled, 10711s since last run), temporal_revalidation (stalled, 10711s since last run)
2026-02-23 10:14:27 |     INFO | MarketingAdvantageAI | [TemporalRevalidation] No rows pending temporal review.
2026-02-23 10:14:27 |     INFO | MarketingAdvantageAI | [AgenticValidation] No rows pending validation.
2026-02-23 10:14:27 |     INFO | MarketingAdvantageAI | [ConflictEngine] No rows pending conflict analysis.
2026-02-23 10:14:27 |     INFO | MarketingAdvantageAI | [temporal_revalidation] ✅ Run complete | processed=0 | duration=433ms
2026-02-23 10:14:27 |     INFO | MarketingAdvantageAI | [agentic_validation] ✅ Run complete | processed=0 | duration=531ms
2026-02-23 10:14:27 |     INFO | MarketingAdvantageAI | [conflict_detection] ✅ Run complete | processed=0 | duration=464ms
2026-02-23 10:15:26 |     INFO | MarketingAdvantageAI | [AgenticValidation] No rows pending validation.
2026-02-23 10:15:26 |     INFO | MarketingAdvantageAI | [agentic_validation] ✅ Run complete | processed=0 | duration=12ms
2026-02-23 10:16:26 |     INFO | MarketingAdvantageAI | [ConflictEngine] No rows pending conflict analysis.
2026-02-23 10:16:26 |     INFO | MarketingAdvantageAI | [AgenticValidation] No rows pending validation.
2026-02-23 10:16:26 |     INFO | MarketingAdvantageAI | [conflict_detection] ✅ Run complete | processed=0 | duration=14ms
2026-02-23 10:16:26 |     INFO | MarketingAdvantageAI | [agentic_validation] ✅ Run complete | processed=0 | duration=16ms
2026-02-23 10:17:26 |     INFO | MarketingAdvantageAI | [AgenticValidation] No rows pending validation.
2026-02-23 10:17:26 |     INFO | MarketingAdvantageAI | [agentic_validation] ✅ Run complete | processed=0 | duration=11ms
2026-02-23 10:18:26 |     INFO | MarketingAdvantageAI | [ConflictEngine] No rows pending conflict analysis.
2026-02-23 10:18:26 |     INFO | MarketingAdvantageAI | [conflict_detection] ✅ Run complete | processed=0 | duration=0ms
2026-02-23 10:18:26 |     INFO | MarketingAdvantageAI | [AgenticValidation] No rows pending validation.
2026-02-23 10:18:26 |     INFO | MarketingAdvantageAI | [agentic_validation] ✅ Run complete | processed=0 | duration=0ms
2026-02-23 10:52:29 |  WARNING | MarketingAdvantageAI | [HealthMonitor] Unhealthy workers detected: agentic_validation (stalled, 2043s since last run), conflict_detection (stalled, 2043s since last run), temporal_revalidation (stalled, 2282s since last run)
2026-02-23 10:52:30 |     INFO | MarketingAdvantageAI | [AgenticValidation] No rows pending validation.
2026-02-23 10:52:30 |     INFO | MarketingAdvantageAI | [TemporalRevalidation] No rows pending temporal review.
2026-02-23 10:52:30 |     INFO | MarketingAdvantageAI | [ConflictEngine] No rows pending conflict analysis.
2026-02-23 10:52:30 |     INFO | MarketingAdvantageAI | [agentic_validation] ✅ Run complete | processed=0 | duration=715ms
2026-02-23 10:52:30 |     INFO | MarketingAdvantageAI | [temporal_revalidation] ✅ Run complete | processed=0 | duration=758ms
2026-02-23 10:52:30 |     INFO | MarketingAdvantageAI | [conflict_detection] ✅ Run complete | processed=0 | duration=648ms
2026-02-23 11:19:00 |  WARNING | MarketingAdvantageAI | [HealthMonitor] Unhealthy workers detected: agentic_validation (stalled, 1591s since last run), conflict_detection (stalled, 1591s since last run), temporal_revalidation (stalled, 1591s since last run)
2026-02-23 11:19:00 |     INFO | MarketingAdvantageAI | [TemporalRevalidation] No rows pending temporal review.
2026-02-23 11:19:00 |     INFO | MarketingAdvantageAI | [ConflictEngine] No rows pending conflict analysis.
2026-02-23 11:19:00 |     INFO | MarketingAdvantageAI | [AgenticValidation] No rows pending validation.
2026-02-23 11:19:00 |     INFO | MarketingAdvantageAI | [temporal_revalidation] ✅ Run complete | processed=0 | duration=46ms
2026-02-23 11:19:00 |     INFO | MarketingAdvantageAI | [conflict_detection] ✅ Run complete | processed=0 | duration=76ms
2026-02-23 11:19:00 |     INFO | MarketingAdvantageAI | [agentic_validation] ✅ Run complete | processed=0 | duration=144ms
2026-02-23 11:21:26 |     INFO | MarketingAdvantageAI | [ConflictEngine] No rows pending conflict analysis.
2026-02-23 11:21:26 |     INFO | MarketingAdvantageAI | [AgenticValidation] No rows pending validation.
2026-02-23 11:21:26 |     INFO | MarketingAdvantageAI | [conflict_detection] ✅ Run complete | processed=0 | duration=102ms
2026-02-23 11:21:26 |     INFO | MarketingAdvantageAI | [agentic_validation] ✅ Run complete | processed=0 | duration=136ms
2026-02-23 13:14:18 |  WARNING | MarketingAdvantageAI | [HealthMonitor] Unhealthy workers detected: agentic_validation (stalled, 6773s since last run), conflict_detection (stalled, 6773s since last run), temporal_revalidation (stalled, 6918s since last run)
2026-02-23 13:14:19 |     INFO | MarketingAdvantageAI | [ConflictEngine] No rows pending conflict analysis.
2026-02-23 13:14:19 |     INFO | MarketingAdvantageAI | [AgenticValidation] No rows pending validation.
2026-02-23 13:14:19 |     INFO | MarketingAdvantageAI | [TemporalRevalidation] No rows pending temporal review.
2026-02-23 13:14:19 |     INFO | MarketingAdvantageAI | [conflict_detection] ✅ Run complete | processed=0 | duration=558ms
2026-02-23 13:14:19 |     INFO | MarketingAdvantageAI | [agentic_validation] ✅ Run complete | processed=0 | duration=630ms
2026-02-23 13:14:19 |     INFO | MarketingAdvantageAI | [temporal_revalidation] ✅ Run complete | processed=0 | duration=525ms
2026-02-23 13:15:29 |     INFO | MarketingAdvantageAI | [AgenticValidation] No rows pending validation.
2026-02-23 13:15:29 |     INFO | MarketingAdvantageAI | [agentic_validation] ✅ Run complete | processed=0 | duration=65ms
2026-02-23 16:02:01 |  WARNING | MarketingAdvantageAI | [HealthMonitor] Unhealthy workers detected: agentic_validation (stalled, 9992s since last run), conflict_detection (stalled, 10062s since last run), temporal_revalidation (stalled, 10062s since last run)
2026-02-23 16:02:01 |     INFO | MarketingAdvantageAI | [ConflictEngine] No rows pending conflict analysis.
2026-02-23 16:02:01 |     INFO | MarketingAdvantageAI | [TemporalRevalidation] No rows pending temporal review.
2026-02-23 16:02:01 |     INFO | MarketingAdvantageAI | [AgenticValidation] No rows pending validation.
2026-02-23 16:02:01 |     INFO | MarketingAdvantageAI | [conflict_detection] ✅ Run complete | processed=0 | duration=767ms
2026-02-23 16:02:01 |     INFO | MarketingAdvantageAI | [temporal_revalidation] ✅ Run complete | processed=0 | duration=447ms
2026-02-23 16:02:01 |     INFO | MarketingAdvantageAI | [agentic_validation] ✅ Run complete | processed=0 | duration=488ms
2026-02-23 16:03:01 |     INFO | MarketingAdvantageAI | [AgenticValidation] No rows pending validation.
2026-02-23 16:03:01 |     INFO | MarketingAdvantageAI | [agentic_validation] ✅ Run complete | processed=0 | duration=10ms
2026-02-23 16:04:01 |     INFO | MarketingAdvantageAI | [ConflictEngine] No rows pending conflict analysis.
2026-02-23 16:04:01 |     INFO | MarketingAdvantageAI | [conflict_detection] ✅ Run complete | processed=0 | duration=16ms
2026-02-23 16:04:01 |     INFO | MarketingAdvantageAI | [AgenticValidation] No rows pending validation.
2026-02-23 16:04:01 |     INFO | MarketingAdvantageAI | [agentic_validation] ✅ Run complete | processed=0 | duration=16ms
2026-02-23 16:05:01 |     INFO | MarketingAdvantageAI | [AgenticValidation] No rows pending validation.
2026-02-23 16:05:01 |     INFO | MarketingAdvantageAI | [agentic_validation] ✅ Run complete | processed=0 | duration=0ms
2026-02-23 16:30:29 |  WARNING | MarketingAdvantageAI | [HealthMonitor] Unhealthy workers detected: agentic_validation (stalled, 1528s since last run), conflict_detection (stalled, 1588s since last run), temporal_revalidation (stalled, 1709s since last run)
2026-02-23 16:30:30 |     INFO | MarketingAdvantageAI | [AgenticValidation] No rows pending validation.
2026-02-23 16:30:30 |     INFO | MarketingAdvantageAI | [TemporalRevalidation] No rows pending temporal review.
2026-02-23 16:30:30 |     INFO | MarketingAdvantageAI | [ConflictEngine] No rows pending conflict analysis.
2026-02-23 16:30:30 |     INFO | MarketingAdvantageAI | [agentic_validation] ✅ Run complete | processed=0 | duration=186ms
2026-02-23 16:30:30 |     INFO | MarketingAdvantageAI | [temporal_revalidation] ✅ Run complete | processed=0 | duration=111ms
2026-02-23 16:30:30 |     INFO | MarketingAdvantageAI | [conflict_detection] ✅ Run complete | processed=0 | duration=159ms
2026-02-23 16:32:50 |     INFO | MarketingAdvantageAI | [ConflictEngine] No rows pending conflict analysis.
2026-02-23 16:32:50 |     INFO | MarketingAdvantageAI | [conflict_detection] ✅ Run complete | processed=0 | duration=417ms
2026-02-23 16:32:50 |     INFO | MarketingAdvantageAI | [AgenticValidation] No rows pending validation.
2026-02-23 16:32:50 |     INFO | MarketingAdvantageAI | [agentic_validation] ✅ Run complete | processed=0 | duration=440ms
2026-02-23 16:33:50 |     INFO | MarketingAdvantageAI | [AgenticValidation] No rows pending validation.
2026-02-23 16:33:50 |     INFO | MarketingAdvantageAI | [agentic_validation] ✅ Run complete | processed=0 | duration=226ms
2026-02-23 16:41:58 |  WARNING | MarketingAdvantageAI | [HealthMonitor] Unhealthy workers detected: agentic_validation (stalled, 488s since last run), conflict_detection (stalled, 549s since last run)
2026-02-23 16:41:59 |     INFO | MarketingAdvantageAI | [AgenticValidation] No rows pending validation.
2026-02-23 16:41:59 |     INFO | MarketingAdvantageAI | [TemporalRevalidation] No rows pending temporal review.
2026-02-23 16:41:59 |     INFO | MarketingAdvantageAI | [ConflictEngine] No rows pending conflict analysis.
2026-02-23 16:41:59 |     INFO | MarketingAdvantageAI | [agentic_validation] ✅ Run complete | processed=0 | duration=47ms
2026-02-23 16:41:59 |     INFO | MarketingAdvantageAI | [temporal_revalidation] ✅ Run complete | processed=0 | duration=37ms
2026-02-23 16:41:59 |     INFO | MarketingAdvantageAI | [conflict_detection] ✅ Run complete | processed=0 | duration=99ms
2026-02-23 16:45:43 |  WARNING | MarketingAdvantageAI | [HealthMonitor] Unhealthy workers detected: agentic_validation (stalled, 224s since last run)
2026-02-23 16:45:43 |     INFO | MarketingAdvantageAI | [AgenticValidation] No rows pending validation.
2026-02-23 16:45:43 |     INFO | MarketingAdvantageAI | [ConflictEngine] No rows pending conflict analysis.
2026-02-23 16:45:43 |     INFO | MarketingAdvantageAI | [agentic_validation] ✅ Run complete | processed=0 | duration=61ms
2026-02-23 16:45:43 |     INFO | MarketingAdvantageAI | [conflict_detection] ✅ Run complete | processed=0 | duration=58ms
2026-02-23 16:46:43 |     INFO | MarketingAdvantageAI | [AgenticValidation] No rows pending validation.
2026-02-23 16:46:43 |     INFO | MarketingAdvantageAI | [agentic_validation] ✅ Run complete | processed=0 | duration=13ms
2026-02-23 16:46:59 |     INFO | MarketingAdvantageAI | [TemporalRevalidation] No rows pending temporal review.
2026-02-23 16:46:59 |     INFO | MarketingAdvantageAI | [temporal_revalidation] ✅ Run complete | processed=0 | duration=12ms
2026-02-23 16:47:43 |     INFO | MarketingAdvantageAI | [ConflictEngine] No rows pending conflict analysis.
2026-02-23 16:47:43 |     INFO | MarketingAdvantageAI | [conflict_detection] ✅ Run complete | processed=0 | duration=6ms
2026-02-23 16:47:43 |     INFO | MarketingAdvantageAI | [AgenticValidation] No rows pending validation.
2026-02-23 16:47:43 |     INFO | MarketingAdvantageAI | [agentic_validation] ✅ Run complete | processed=0 | duration=5ms
2026-02-23 16:48:43 |     INFO | MarketingAdvantageAI | [AgenticValidation] No rows pending validation.
2026-02-23 16:48:43 |     INFO | MarketingAdvantageAI | [agentic_validation] ✅ Run complete | processed=0 | duration=5ms
2026-02-23 16:49:43 |     INFO | MarketingAdvantageAI | [ConflictEngine] No rows pending conflict analysis.
2026-02-23 16:49:43 |     INFO | MarketingAdvantageAI | [conflict_detection] ✅ Run complete | processed=0 | duration=5ms
2026-02-23 16:49:43 |     INFO | MarketingAdvantageAI | [AgenticValidation] No rows pending validation.
2026-02-23 16:49:43 |     INFO | MarketingAdvantageAI | [agentic_validation] ✅ Run complete | processed=0 | duration=2ms
2026-02-23 16:52:26 |     INFO | MarketingAdvantageAI | [ConflictEngine] No rows pending conflict analysis.
2026-02-23 16:52:26 |     INFO | MarketingAdvantageAI | [TemporalRevalidation] No rows pending temporal review.
2026-02-23 16:52:26 |     INFO | MarketingAdvantageAI | [AgenticValidation] No rows pending validation.
2026-02-23 16:52:26 |     INFO | MarketingAdvantageAI | [conflict_detection] ✅ Run complete | processed=0 | duration=83ms
2026-02-23 16:52:26 |     INFO | MarketingAdvantageAI | [temporal_revalidation] ✅ Run complete | processed=0 | duration=79ms
2026-02-23 16:52:26 |     INFO | MarketingAdvantageAI | [agentic_validation] ✅ Run complete | processed=0 | duration=101ms
2026-02-23 16:54:08 |     INFO | MarketingAdvantageAI | [AgenticValidation] No rows pending validation.
2026-02-23 16:54:08 |     INFO | MarketingAdvantageAI | [agentic_validation] ✅ Run complete | processed=0 | duration=70ms
2026-02-23 16:54:34 |     INFO | MarketingAdvantageAI | [ConflictEngine] No rows pending conflict analysis.
2026-02-23 16:54:34 |     INFO | MarketingAdvantageAI | [conflict_detection] ✅ Run complete | processed=0 | duration=140ms
2026-02-23 18:00:00 |  WARNING | MarketingAdvantageAI | [HealthMonitor] Unhealthy workers detected: agentic_validation (stalled, 3952s since last run), conflict_detection (stalled, 3926s since last run), temporal_revalidation (stalled, 4054s since last run)
2026-02-23 18:00:01 |     INFO | MarketingAdvantageAI | [AgenticValidation] No rows pending validation.
2026-02-23 18:00:01 |     INFO | MarketingAdvantageAI | [TemporalRevalidation] No rows pending temporal review.
2026-02-23 18:00:01 |     INFO | MarketingAdvantageAI | [ConflictEngine] No rows pending conflict analysis.
2026-02-23 18:00:01 |     INFO | MarketingAdvantageAI | [agentic_validation] ✅ Run complete | processed=0 | duration=810ms
2026-02-23 18:00:01 |     INFO | MarketingAdvantageAI | [temporal_revalidation] ✅ Run complete | processed=0 | duration=661ms
2026-02-23 18:00:01 |     INFO | MarketingAdvantageAI | [conflict_detection] ✅ Run complete | processed=0 | duration=672ms
2026-02-23 18:10:38 |  WARNING | MarketingAdvantageAI | [HealthMonitor] Unhealthy workers detected: agentic_validation (stalled, 638s since last run), conflict_detection (stalled, 638s since last run)
2026-02-23 18:10:38 |     INFO | MarketingAdvantageAI | [AgenticValidation] No rows pending validation.
2026-02-23 18:10:38 |     INFO | MarketingAdvantageAI | [TemporalRevalidation] No rows pending temporal review.
2026-02-23 18:10:38 |     INFO | MarketingAdvantageAI | [ConflictEngine] No rows pending conflict analysis.
2026-02-23 18:10:38 |     INFO | MarketingAdvantageAI | [agentic_validation] ✅ Run complete | processed=0 | duration=142ms
2026-02-23 18:10:38 |     INFO | MarketingAdvantageAI | [temporal_revalidation] ✅ Run complete | processed=0 | duration=55ms
2026-02-23 18:10:38 |     INFO | MarketingAdvantageAI | [conflict_detection] ✅ Run complete | processed=0 | duration=104ms
2026-02-23 19:46:03 |  WARNING | MarketingAdvantageAI | [HealthMonitor] Unhealthy workers detected: agentic_validation (stalled, 5725s since last run), conflict_detection (stalled, 5725s since last run), temporal_revalidation (stalled, 5725s since last run)
2026-02-23 19:46:04 |     INFO | MarketingAdvantageAI | [ConflictEngine] No rows pending conflict analysis.
2026-02-23 19:46:04 |     INFO | MarketingAdvantageAI | [TemporalRevalidation] No rows pending temporal review.
2026-02-23 19:46:04 |     INFO | MarketingAdvantageAI | [AgenticValidation] No rows pending validation.
2026-02-23 19:46:04 |     INFO | MarketingAdvantageAI | [conflict_detection] ✅ Run complete | processed=0 | duration=646ms
2026-02-23 19:46:04 |     INFO | MarketingAdvantageAI | [temporal_revalidation] ✅ Run complete | processed=0 | duration=628ms
2026-02-23 19:46:04 |     INFO | MarketingAdvantageAI | [agentic_validation] ✅ Run complete | processed=0 | duration=713ms
2026-02-23 21:47:55 |  WARNING | MarketingAdvantageAI | [HealthMonitor] Unhealthy workers detected: agentic_validation (stalled, 7312s since last run), conflict_detection (stalled, 7312s since last run), temporal_revalidation (stalled, 7312s since last run)
2026-02-23 21:47:56 |     INFO | MarketingAdvantageAI | [TemporalRevalidation] No rows pending temporal review.
2026-02-23 21:47:56 |     INFO | MarketingAdvantageAI | [AgenticValidation] No rows pending validation.
2026-02-23 21:47:56 |     INFO | MarketingAdvantageAI | [ConflictEngine] No rows pending conflict analysis.
2026-02-23 21:47:56 |     INFO | MarketingAdvantageAI | [temporal_revalidation] ✅ Run complete | processed=0 | duration=639ms
2026-02-23 21:47:56 |     INFO | MarketingAdvantageAI | [agentic_validation] ✅ Run complete | processed=0 | duration=786ms
2026-02-23 21:47:56 |     INFO | MarketingAdvantageAI | [conflict_detection] ✅ Run complete | processed=0 | duration=737ms
2026-02-23 23:10:28 |  WARNING | MarketingAdvantageAI | [HealthMonitor] Unhealthy workers detected: agentic_validation (stalled, 4953s since last run), conflict_detection (stalled, 4953s since last run), temporal_revalidation (stalled, 4953s since last run)
2026-02-23 23:10:29 |     INFO | MarketingAdvantageAI | [ConflictEngine] No rows pending conflict analysis.
2026-02-23 23:10:29 |     INFO | MarketingAdvantageAI | [AgenticValidation] No rows pending validation.
2026-02-23 23:10:29 |     INFO | MarketingAdvantageAI | [TemporalRevalidation] No rows pending temporal review.
2026-02-23 23:10:29 |     INFO | MarketingAdvantageAI | [conflict_detection] ✅ Run complete | processed=0 | duration=504ms
2026-02-23 23:10:29 |     INFO | MarketingAdvantageAI | [agentic_validation] ✅ Run complete | processed=0 | duration=572ms
2026-02-23 23:10:29 |     INFO | MarketingAdvantageAI | [temporal_revalidation] ✅ Run complete | processed=0 | duration=472ms
2026-02-23 23:11:28 |     INFO | MarketingAdvantageAI | [AgenticValidation] No rows pending validation.
2026-02-23 23:11:28 |     INFO | MarketingAdvantageAI | [agentic_validation] ✅ Run complete | processed=0 | duration=11ms
2026-02-23 23:12:28 |     INFO | MarketingAdvantageAI | [AgenticValidation] No rows pending validation.
2026-02-23 23:12:28 |     INFO | MarketingAdvantageAI | [ConflictEngine] No rows pending conflict analysis.
2026-02-23 23:12:28 |     INFO | MarketingAdvantageAI | [agentic_validation] ✅ Run complete | processed=0 | duration=16ms
2026-02-23 23:12:28 |     INFO | MarketingAdvantageAI | [conflict_detection] ✅ Run complete | processed=0 | duration=19ms
2026-02-23 23:13:28 |     INFO | MarketingAdvantageAI | [AgenticValidation] No rows pending validation.
2026-02-23 23:13:28 |     INFO | MarketingAdvantageAI | [agentic_validation] ✅ Run complete | processed=0 | duration=14ms
2026-02-23 23:16:43 |  WARNING | MarketingAdvantageAI | [HealthMonitor] Unhealthy workers detected: agentic_validation (stalled, 196s since last run)
2026-02-23 23:16:43 |     INFO | MarketingAdvantageAI | [AgenticValidation] No rows pending validation.
2026-02-23 23:16:43 |     INFO | MarketingAdvantageAI | [ConflictEngine] No rows pending conflict analysis.
2026-02-23 23:16:43 |     INFO | MarketingAdvantageAI | [TemporalRevalidation] No rows pending temporal review.
2026-02-23 23:16:43 |     INFO | MarketingAdvantageAI | [agentic_validation] ✅ Run complete | processed=0 | duration=187ms
2026-02-23 23:16:43 |     INFO | MarketingAdvantageAI | [conflict_detection] ✅ Run complete | processed=0 | duration=228ms
2026-02-23 23:16:43 |     INFO | MarketingAdvantageAI | [temporal_revalidation] ✅ Run complete | processed=0 | duration=103ms
2026-02-23 23:17:44 |     INFO | MarketingAdvantageAI | [AgenticValidation] No rows pending validation.
2026-02-23 23:17:44 |     INFO | MarketingAdvantageAI | [agentic_validation] ✅ Run complete | processed=0 | duration=10ms
2026-02-23 23:18:44 |     INFO | MarketingAdvantageAI | [ConflictEngine] No rows pending conflict analysis.
2026-02-23 23:18:44 |     INFO | MarketingAdvantageAI | [AgenticValidation] No rows pending validation.
2026-02-23 23:18:44 |     INFO | MarketingAdvantageAI | [conflict_detection] ✅ Run complete | processed=0 | duration=22ms
2026-02-23 23:18:44 |     INFO | MarketingAdvantageAI | [agentic_validation] ✅ Run complete | processed=0 | duration=22ms
2026-02-23 23:19:44 |     INFO | MarketingAdvantageAI | [AgenticValidation] No rows pending validation.
2026-02-23 23:19:44 |     INFO | MarketingAdvantageAI | [agentic_validation] ✅ Run complete | processed=0 | duration=2ms
2026-02-23 23:20:44 |     INFO | MarketingAdvantageAI | [ConflictEngine] No rows pending conflict analysis.
2026-02-23 23:20:44 |     INFO | MarketingAdvantageAI | [conflict_detection] ✅ Run complete | processed=0 | duration=16ms
2026-02-23 23:20:44 |     INFO | MarketingAdvantageAI | [AgenticValidation] No rows pending validation.
2026-02-23 23:20:44 |     INFO | MarketingAdvantageAI | [agentic_validation] ✅ Run complete | processed=0 | duration=9ms
2026-02-23 23:21:44 |     INFO | MarketingAdvantageAI | [TemporalRevalidation] No rows pending temporal review.
2026-02-23 23:21:44 |     INFO | MarketingAdvantageAI | [temporal_revalidation] ✅ Run complete | processed=0 | duration=20ms
2026-02-23 23:21:44 |     INFO | MarketingAdvantageAI | [AgenticValidation] No rows pending validation.
2026-02-23 23:21:44 |     INFO | MarketingAdvantageAI | [agentic_validation] ✅ Run complete | processed=0 | duration=12ms
2026-02-23 23:22:44 |     INFO | MarketingAdvantageAI | [ConflictEngine] No rows pending conflict analysis.
2026-02-23 23:22:44 |     INFO | MarketingAdvantageAI | [conflict_detection] ✅ Run complete | processed=0 | duration=16ms
2026-02-23 23:22:44 |     INFO | MarketingAdvantageAI | [AgenticValidation] No rows pending validation.
2026-02-23 23:22:44 |     INFO | MarketingAdvantageAI | [agentic_validation] ✅ Run complete | processed=0 | duration=14ms
2026-02-23 23:23:44 |     INFO | MarketingAdvantageAI | [AgenticValidation] No rows pending validation.
2026-02-23 23:23:44 |     INFO | MarketingAdvantageAI | [agentic_validation] ✅ Run complete | processed=0 | duration=10ms
2026-02-23 23:24:44 |     INFO | MarketingAdvantageAI | [AgenticValidation] No rows pending validation.
2026-02-23 23:24:44 |     INFO | MarketingAdvantageAI | [ConflictEngine] No rows pending conflict analysis.
2026-02-23 23:24:44 |     INFO | MarketingAdvantageAI | [agentic_validation] ✅ Run complete | processed=0 | duration=17ms
2026-02-23 23:24:44 |     INFO | MarketingAdvantageAI | [conflict_detection] ✅ Run complete | processed=0 | duration=20ms
2026-02-23 23:25:44 |     INFO | MarketingAdvantageAI | [AgenticValidation] No rows pending validation.
2026-02-23 23:25:44 |     INFO | MarketingAdvantageAI | [agentic_validation] ✅ Run complete | processed=0 | duration=14ms
2026-02-23 23:26:44 |     INFO | MarketingAdvantageAI | [TemporalRevalidation] No rows pending temporal review.
2026-02-23 23:26:44 |     INFO | MarketingAdvantageAI | [temporal_revalidation] ✅ Run complete | processed=0 | duration=16ms
2026-02-23 23:26:44 |     INFO | MarketingAdvantageAI | [ConflictEngine] No rows pending conflict analysis.
2026-02-23 23:26:44 |     INFO | MarketingAdvantageAI | [conflict_detection] ✅ Run complete | processed=0 | duration=16ms
2026-02-23 23:26:44 |     INFO | MarketingAdvantageAI | [AgenticValidation] No rows pending validation.
2026-02-23 23:26:44 |     INFO | MarketingAdvantageAI | [agentic_validation] ✅ Run complete | processed=0 | duration=15ms
2026-02-23 23:27:44 |     INFO | MarketingAdvantageAI | [AgenticValidation] No rows pending validation.
2026-02-23 23:27:44 |     INFO | MarketingAdvantageAI | [agentic_validation] ✅ Run complete | processed=0 | duration=12ms
2026-02-23 23:28:44 |     INFO | MarketingAdvantageAI | [ConflictEngine] No rows pending conflict analysis.
2026-02-23 23:28:44 |     INFO | MarketingAdvantageAI | [conflict_detection] ✅ Run complete | processed=0 | duration=20ms
2026-02-23 23:28:44 |     INFO | MarketingAdvantageAI | [AgenticValidation] No rows pending validation.
2026-02-23 23:28:44 |     INFO | MarketingAdvantageAI | [agentic_validation] ✅ Run complete | processed=0 | duration=17ms
2026-02-23 23:29:44 |     INFO | MarketingAdvantageAI | [AgenticValidation] No rows pending validation.
2026-02-23 23:29:44 |     INFO | MarketingAdvantageAI | [agentic_validation] ✅ Run complete | processed=0 | duration=15ms
2026-02-23 23:30:44 |     INFO | MarketingAdvantageAI | [ConflictEngine] No rows pending conflict analysis.
2026-02-23 23:30:44 |     INFO | MarketingAdvantageAI | [conflict_detection] ✅ Run complete | processed=0 | duration=0ms
2026-02-23 23:30:44 |     INFO | MarketingAdvantageAI | [AgenticValidation] No rows pending validation.
2026-02-23 23:30:44 |     INFO | MarketingAdvantageAI | [agentic_validation] ✅ Run complete | processed=0 | duration=9ms
2026-02-23 23:31:44 |     INFO | MarketingAdvantageAI | [TemporalRevalidation] No rows pending temporal review.
2026-02-23 23:31:44 |     INFO | MarketingAdvantageAI | [temporal_revalidation] ✅ Run complete | processed=0 | duration=9ms
2026-02-23 23:31:44 |     INFO | MarketingAdvantageAI | [AgenticValidation] No rows pending validation.
2026-02-23 23:31:44 |     INFO | MarketingAdvantageAI | [agentic_validation] ✅ Run complete | processed=0 | duration=12ms
2026-02-23 23:32:44 |     INFO | MarketingAdvantageAI | [ConflictEngine] No rows pending conflict analysis.
2026-02-23 23:32:44 |     INFO | MarketingAdvantageAI | [conflict_detection] ✅ Run complete | processed=0 | duration=23ms
2026-02-23 23:32:44 |     INFO | MarketingAdvantageAI | [AgenticValidation] No rows pending validation.
2026-02-23 23:32:44 |     INFO | MarketingAdvantageAI | [agentic_validation] ✅ Run complete | processed=0 | duration=19ms
2026-02-23 23:33:44 |     INFO | MarketingAdvantageAI | [AgenticValidation] No rows pending validation.
2026-02-23 23:33:44 |     INFO | MarketingAdvantageAI | [agentic_validation] ✅ Run complete | processed=0 | duration=16ms
2026-02-23 23:34:44 |     INFO | MarketingAdvantageAI | [ConflictEngine] No rows pending conflict analysis.
2026-02-23 23:34:44 |     INFO | MarketingAdvantageAI | [conflict_detection] ✅ Run complete | processed=0 | duration=10ms
2026-02-23 23:34:44 |     INFO | MarketingAdvantageAI | [AgenticValidation] No rows pending validation.
2026-02-23 23:34:44 |     INFO | MarketingAdvantageAI | [agentic_validation] ✅ Run complete | processed=0 | duration=17ms
2026-02-23 23:35:44 |     INFO | MarketingAdvantageAI | [AgenticValidation] No rows pending validation.
2026-02-23 23:35:44 |     INFO | MarketingAdvantageAI | [agentic_validation] ✅ Run complete | processed=0 | duration=6ms
2026-02-23 23:36:44 |     INFO | MarketingAdvantageAI | [TemporalRevalidation] No rows pending temporal review.
2026-02-23 23:36:44 |     INFO | MarketingAdvantageAI | [temporal_revalidation] ✅ Run complete | processed=0 | duration=17ms
2026-02-23 23:36:44 |     INFO | MarketingAdvantageAI | [ConflictEngine] No rows pending conflict analysis.
2026-02-23 23:36:44 |     INFO | MarketingAdvantageAI | [conflict_detection] ✅ Run complete | processed=0 | duration=12ms
2026-02-23 23:36:44 |     INFO | MarketingAdvantageAI | [AgenticValidation] No rows pending validation.
2026-02-23 23:36:44 |     INFO | MarketingAdvantageAI | [agentic_validation] ✅ Run complete | processed=0 | duration=13ms
2026-02-23 23:37:44 |     INFO | MarketingAdvantageAI | [AgenticValidation] No rows pending validation.
2026-02-23 23:37:44 |     INFO | MarketingAdvantageAI | [agentic_validation] ✅ Run complete | processed=0 | duration=16ms
2026-02-23 23:38:44 |     INFO | MarketingAdvantageAI | [ConflictEngine] No rows pending conflict analysis.
2026-02-23 23:38:44 |     INFO | MarketingAdvantageAI | [conflict_detection] ✅ Run complete | processed=0 | duration=14ms
2026-02-23 23:38:44 |     INFO | MarketingAdvantageAI | [AgenticValidation] No rows pending validation.
2026-02-23 23:38:44 |     INFO | MarketingAdvantageAI | [agentic_validation] ✅ Run complete | processed=0 | duration=13ms
2026-02-23 23:39:44 |     INFO | MarketingAdvantageAI | [AgenticValidation] No rows pending validation.
2026-02-23 23:39:44 |     INFO | MarketingAdvantageAI | [agentic_validation] ✅ Run complete | processed=0 | duration=13ms
2026-02-23 23:40:44 |     INFO | MarketingAdvantageAI | [ConflictEngine] No rows pending conflict analysis.
2026-02-23 23:40:44 |     INFO | MarketingAdvantageAI | [conflict_detection] ✅ Run complete | processed=0 | duration=162ms
2026-02-23 23:40:44 |     INFO | MarketingAdvantageAI | [AgenticValidation] No rows pending validation.
2026-02-23 23:40:44 |     INFO | MarketingAdvantageAI | [agentic_validation] ✅ Run complete | processed=0 | duration=135ms
2026-02-23 23:41:44 |     INFO | MarketingAdvantageAI | [TemporalRevalidation] No rows pending temporal review.
2026-02-23 23:41:44 |     INFO | MarketingAdvantageAI | [temporal_revalidation] ✅ Run complete | processed=0 | duration=134ms
2026-02-23 23:41:44 |     INFO | MarketingAdvantageAI | [AgenticValidation] No rows pending validation.
2026-02-23 23:41:44 |     INFO | MarketingAdvantageAI | [agentic_validation] ✅ Run complete | processed=0 | duration=9ms
2026-02-23 23:42:44 |     INFO | MarketingAdvantageAI | [ConflictEngine] No rows pending conflict analysis.
2026-02-23 23:42:44 |     INFO | MarketingAdvantageAI | [conflict_detection] ✅ Run complete | processed=0 | duration=15ms
2026-02-23 23:42:44 |     INFO | MarketingAdvantageAI | [AgenticValidation] No rows pending validation.
2026-02-23 23:42:44 |     INFO | MarketingAdvantageAI | [agentic_validation] ✅ Run complete | processed=0 | duration=13ms
2026-02-23 23:43:44 |     INFO | MarketingAdvantageAI | [AgenticValidation] No rows pending validation.
2026-02-23 23:43:44 |     INFO | MarketingAdvantageAI | [agentic_validation] ✅ Run complete | processed=0 | duration=13ms
2026-02-23 23:44:44 |     INFO | MarketingAdvantageAI | [ConflictEngine] No rows pending conflict analysis.
2026-02-23 23:44:44 |     INFO | MarketingAdvantageAI | [conflict_detection] ✅ Run complete | processed=0 | duration=19ms
2026-02-23 23:44:44 |     INFO | MarketingAdvantageAI | [AgenticValidation] No rows pending validation.
2026-02-23 23:44:44 |     INFO | MarketingAdvantageAI | [agentic_validation] ✅ Run complete | processed=0 | duration=14ms
2026-02-23 23:45:44 |     INFO | MarketingAdvantageAI | [AgenticValidation] No rows pending validation.
2026-02-23 23:45:44 |     INFO | MarketingAdvantageAI | [agentic_validation] ✅ Run complete | processed=0 | duration=17ms
2026-02-23 23:46:44 |     INFO | MarketingAdvantageAI | [TemporalRevalidation] No rows pending temporal review.
2026-02-23 23:46:44 |     INFO | MarketingAdvantageAI | [temporal_revalidation] ✅ Run complete | processed=0 | duration=18ms
2026-02-23 23:46:44 |     INFO | MarketingAdvantageAI | [ConflictEngine] No rows pending conflict analysis.
2026-02-23 23:46:44 |     INFO | MarketingAdvantageAI | [conflict_detection] ✅ Run complete | processed=0 | duration=14ms
2026-02-23 23:46:44 |     INFO | MarketingAdvantageAI | [AgenticValidation] No rows pending validation.
2026-02-23 23:46:44 |     INFO | MarketingAdvantageAI | [agentic_validation] ✅ Run complete | processed=0 | duration=16ms
2026-02-23 23:47:44 |     INFO | MarketingAdvantageAI | [AgenticValidation] No rows pending validation.
2026-02-23 23:47:44 |     INFO | MarketingAdvantageAI | [agentic_validation] ✅ Run complete | processed=0 | duration=22ms
2026-02-23 23:48:44 |     INFO | MarketingAdvantageAI | [ConflictEngine] No rows pending conflict analysis.
2026-02-23 23:48:44 |     INFO | MarketingAdvantageAI | [conflict_detection] ✅ Run complete | processed=0 | duration=13ms
2026-02-23 23:48:44 |     INFO | MarketingAdvantageAI | [AgenticValidation] No rows pending validation.
2026-02-23 23:48:44 |     INFO | MarketingAdvantageAI | [agentic_validation] ✅ Run complete | processed=0 | duration=33ms
2026-02-23 23:49:44 |     INFO | MarketingAdvantageAI | [AgenticValidation] No rows pending validation.
2026-02-23 23:49:44 |     INFO | MarketingAdvantageAI | [agentic_validation] ✅ Run complete | processed=0 | duration=16ms
2026-02-23 23:50:44 |     INFO | MarketingAdvantageAI | [ConflictEngine] No rows pending conflict analysis.
2026-02-23 23:50:44 |     INFO | MarketingAdvantageAI | [conflict_detection] ✅ Run complete | processed=0 | duration=0ms
2026-02-23 23:50:44 |     INFO | MarketingAdvantageAI | [AgenticValidation] No rows pending validation.
2026-02-23 23:50:44 |     INFO | MarketingAdvantageAI | [agentic_validation] ✅ Run complete | processed=0 | duration=17ms
2026-02-23 23:51:44 |     INFO | MarketingAdvantageAI | [TemporalRevalidation] No rows pending temporal review.
2026-02-23 23:51:44 |     INFO | MarketingAdvantageAI | [temporal_revalidation] ✅ Run complete | processed=0 | duration=19ms
2026-02-23 23:51:44 |     INFO | MarketingAdvantageAI | [AgenticValidation] No rows pending validation.
2026-02-23 23:51:44 |     INFO | MarketingAdvantageAI | [agentic_validation] ✅ Run complete | processed=0 | duration=10ms
2026-02-23 23:52:44 |     INFO | MarketingAdvantageAI | [ConflictEngine] No rows pending conflict analysis.
2026-02-23 23:52:44 |     INFO | MarketingAdvantageAI | [conflict_detection] ✅ Run complete | processed=0 | duration=18ms
2026-02-23 23:52:44 |     INFO | MarketingAdvantageAI | [AgenticValidation] No rows pending validation.
2026-02-23 23:52:44 |     INFO | MarketingAdvantageAI | [agentic_validation] ✅ Run complete | processed=0 | duration=4ms
2026-02-23 23:53:44 |     INFO | MarketingAdvantageAI | [AgenticValidation] No rows pending validation.
2026-02-23 23:53:44 |     INFO | MarketingAdvantageAI | [agentic_validation] ✅ Run complete | processed=0 | duration=16ms
2026-02-23 23:54:44 |     INFO | MarketingAdvantageAI | [ConflictEngine] No rows pending conflict analysis.
2026-02-23 23:54:44 |     INFO | MarketingAdvantageAI | [conflict_detection] ✅ Run complete | processed=0 | duration=14ms
2026-02-23 23:54:44 |     INFO | MarketingAdvantageAI | [AgenticValidation] No rows pending validation.
2026-02-23 23:54:44 |     INFO | MarketingAdvantageAI | [agentic_validation] ✅ Run complete | processed=0 | duration=14ms
2026-02-23 23:55:44 |     INFO | MarketingAdvantageAI | [AgenticValidation] No rows pending validation.
2026-02-23 23:55:44 |     INFO | MarketingAdvantageAI | [agentic_validation] ✅ Run complete | processed=0 | duration=7ms
2026-02-23 23:56:44 |     INFO | MarketingAdvantageAI | [TemporalRevalidation] No rows pending temporal review.
2026-02-23 23:56:44 |     INFO | MarketingAdvantageAI | [temporal_revalidation] ✅ Run complete | processed=0 | duration=16ms
2026-02-23 23:56:44 |     INFO | MarketingAdvantageAI | [ConflictEngine] No rows pending conflict analysis.
2026-02-23 23:56:44 |     INFO | MarketingAdvantageAI | [conflict_detection] ✅ Run complete | processed=0 | duration=12ms
2026-02-23 23:56:44 |     INFO | MarketingAdvantageAI | [AgenticValidation] No rows pending validation.
2026-02-23 23:56:44 |     INFO | MarketingAdvantageAI | [agentic_validation] ✅ Run complete | processed=0 | duration=16ms
2026-02-23 23:57:44 |     INFO | MarketingAdvantageAI | [AgenticValidation] No rows pending validation.
2026-02-23 23:57:44 |     INFO | MarketingAdvantageAI | [agentic_validation] ✅ Run complete | processed=0 | duration=12ms
2026-02-23 23:58:44 |     INFO | MarketingAdvantageAI | [ConflictEngine] No rows pending conflict analysis.
2026-02-23 23:58:44 |     INFO | MarketingAdvantageAI | [conflict_detection] ✅ Run complete | processed=0 | duration=16ms
2026-02-23 23:58:44 |     INFO | MarketingAdvantageAI | [AgenticValidation] No rows pending validation.
2026-02-23 23:58:44 |     INFO | MarketingAdvantageAI | [agentic_validation] ✅ Run complete | processed=0 | duration=9ms
2026-02-23 23:59:44 |     INFO | MarketingAdvantageAI | [AgenticValidation] No rows pending validation.
2026-02-23 23:59:44 |     INFO | MarketingAdvantageAI | [agentic_validation] ✅ Run complete | processed=0 | duration=3ms
2026-02-24 00:00:44 |     INFO | MarketingAdvantageAI | [ConflictEngine] No rows pending conflict analysis.
2026-02-24 00:00:44 |     INFO | MarketingAdvantageAI | [conflict_detection] ✅ Run complete | processed=0 | duration=10ms
2026-02-24 00:00:44 |     INFO | MarketingAdvantageAI | [AgenticValidation] No rows pending validation.
2026-02-24 00:00:44 |     INFO | MarketingAdvantageAI | [agentic_validation] ✅ Run complete | processed=0 | duration=9ms
2026-02-24 00:01:44 |     INFO | MarketingAdvantageAI | [TemporalRevalidation] No rows pending temporal review.
2026-02-24 00:01:44 |     INFO | MarketingAdvantageAI | [temporal_revalidation] ✅ Run complete | processed=0 | duration=12ms
2026-02-24 00:01:44 |     INFO | MarketingAdvantageAI | [AgenticValidation] No rows pending validation.
2026-02-24 00:01:44 |     INFO | MarketingAdvantageAI | [agentic_validation] ✅ Run complete | processed=0 | duration=16ms
2026-02-24 00:02:44 |     INFO | MarketingAdvantageAI | [ConflictEngine] No rows pending conflict analysis.
2026-02-24 00:02:44 |     INFO | MarketingAdvantageAI | [conflict_detection] ✅ Run complete | processed=0 | duration=9ms
2026-02-24 00:02:44 |     INFO | MarketingAdvantageAI | [AgenticValidation] No rows pending validation.
2026-02-24 00:02:44 |     INFO | MarketingAdvantageAI | [agentic_validation] ✅ Run complete | processed=0 | duration=16ms
2026-02-24 00:03:44 |     INFO | MarketingAdvantageAI | [AgenticValidation] No rows pending validation.
2026-02-24 00:03:44 |     INFO | MarketingAdvantageAI | [agentic_validation] ✅ Run complete | processed=0 | duration=3ms
2026-02-24 00:04:44 |     INFO | MarketingAdvantageAI | [ConflictEngine] No rows pending conflict analysis.
2026-02-24 00:04:44 |     INFO | MarketingAdvantageAI | [conflict_detection] ✅ Run complete | processed=0 | duration=15ms
2026-02-24 00:04:44 |     INFO | MarketingAdvantageAI | [AgenticValidation] No rows pending validation.
2026-02-24 00:04:44 |     INFO | MarketingAdvantageAI | [agentic_validation] ✅ Run complete | processed=0 | duration=12ms
2026-02-24 00:05:44 |     INFO | MarketingAdvantageAI | [AgenticValidation] No rows pending validation.
2026-02-24 00:05:44 |     INFO | MarketingAdvantageAI | [agentic_validation] ✅ Run complete | processed=0 | duration=14ms
2026-02-24 00:06:44 |     INFO | MarketingAdvantageAI | [TemporalRevalidation] No rows pending temporal review.
2026-02-24 00:06:44 |     INFO | MarketingAdvantageAI | [temporal_revalidation] ✅ Run complete | processed=0 | duration=16ms
2026-02-24 00:06:44 |     INFO | MarketingAdvantageAI | [ConflictEngine] No rows pending conflict analysis.
2026-02-24 00:06:44 |     INFO | MarketingAdvantageAI | [conflict_detection] ✅ Run complete | processed=0 | duration=20ms
2026-02-24 00:06:44 |     INFO | MarketingAdvantageAI | [AgenticValidation] No rows pending validation.
2026-02-24 00:06:44 |     INFO | MarketingAdvantageAI | [agentic_validation] ✅ Run complete | processed=0 | duration=5ms
2026-02-24 00:07:44 |     INFO | MarketingAdvantageAI | [AgenticValidation] No rows pending validation.
2026-02-24 00:07:44 |     INFO | MarketingAdvantageAI | [agentic_validation] ✅ Run complete | processed=0 | duration=10ms
2026-02-24 00:08:44 |     INFO | MarketingAdvantageAI | [ConflictEngine] No rows pending conflict analysis.
2026-02-24 00:08:44 |     INFO | MarketingAdvantageAI | [conflict_detection] ✅ Run complete | processed=0 | duration=7ms
2026-02-24 00:08:44 |     INFO | MarketingAdvantageAI | [AgenticValidation] No rows pending validation.
2026-02-24 00:08:44 |     INFO | MarketingAdvantageAI | [agentic_validation] ✅ Run complete | processed=0 | duration=6ms
2026-02-24 00:09:44 |     INFO | MarketingAdvantageAI | [AgenticValidation] No rows pending validation.
2026-02-24 00:09:44 |     INFO | MarketingAdvantageAI | [agentic_validation] ✅ Run complete | processed=0 | duration=7ms
2026-02-24 00:10:44 |     INFO | MarketingAdvantageAI | [ConflictEngine] No rows pending conflict analysis.
2026-02-24 00:10:44 |     INFO | MarketingAdvantageAI | [conflict_detection] ✅ Run complete | processed=0 | duration=67ms
2026-02-24 00:10:45 |     INFO | MarketingAdvantageAI | [AgenticValidation] No rows pending validation.
2026-02-24 00:10:45 |     INFO | MarketingAdvantageAI | [agentic_validation] ✅ Run complete | processed=0 | duration=63ms
2026-02-24 00:11:44 |     INFO | MarketingAdvantageAI | [TemporalRevalidation] No rows pending temporal review.
2026-02-24 00:11:44 |     INFO | MarketingAdvantageAI | [temporal_revalidation] ✅ Run complete | processed=0 | duration=63ms
2026-02-24 00:11:45 |     INFO | MarketingAdvantageAI | [AgenticValidation] No rows pending validation.
2026-02-24 00:11:45 |     INFO | MarketingAdvantageAI | [agentic_validation] ✅ Run complete | processed=0 | duration=10ms
2026-02-24 00:12:44 |     INFO | MarketingAdvantageAI | [ConflictEngine] No rows pending conflict analysis.
2026-02-24 00:12:44 |     INFO | MarketingAdvantageAI | [conflict_detection] ✅ Run complete | processed=0 | duration=11ms
2026-02-24 00:12:45 |     INFO | MarketingAdvantageAI | [AgenticValidation] No rows pending validation.
2026-02-24 00:12:45 |     INFO | MarketingAdvantageAI | [agentic_validation] ✅ Run complete | processed=0 | duration=10ms
2026-02-24 00:13:45 |     INFO | MarketingAdvantageAI | [AgenticValidation] No rows pending validation.
2026-02-24 00:13:45 |     INFO | MarketingAdvantageAI | [agentic_validation] ✅ Run complete | processed=0 | duration=9ms
2026-02-24 00:14:44 |     INFO | MarketingAdvantageAI | [ConflictEngine] No rows pending conflict analysis.
2026-02-24 00:14:44 |     INFO | MarketingAdvantageAI | [conflict_detection] ✅ Run complete | processed=0 | duration=9ms
2026-02-24 00:14:45 |     INFO | MarketingAdvantageAI | [AgenticValidation] No rows pending validation.
2026-02-24 00:14:45 |     INFO | MarketingAdvantageAI | [agentic_validation] ✅ Run complete | processed=0 | duration=10ms
2026-02-24 00:15:45 |     INFO | MarketingAdvantageAI | [AgenticValidation] No rows pending validation.
2026-02-24 00:15:45 |     INFO | MarketingAdvantageAI | [agentic_validation] ✅ Run complete | processed=0 | duration=9ms
2026-02-24 00:16:44 |     INFO | MarketingAdvantageAI | [TemporalRevalidation] No rows pending temporal review.
2026-02-24 00:16:44 |     INFO | MarketingAdvantageAI | [temporal_revalidation] ✅ Run complete | processed=0 | duration=10ms
2026-02-24 00:16:44 |     INFO | MarketingAdvantageAI | [ConflictEngine] No rows pending conflict analysis.
2026-02-24 00:16:44 |     INFO | MarketingAdvantageAI | [conflict_detection] ✅ Run complete | processed=0 | duration=9ms
2026-02-24 00:16:45 |     INFO | MarketingAdvantageAI | [AgenticValidation] No rows pending validation.
2026-02-24 00:16:45 |     INFO | MarketingAdvantageAI | [agentic_validation] ✅ Run complete | processed=0 | duration=11ms
2026-02-24 00:17:45 |     INFO | MarketingAdvantageAI | [AgenticValidation] No rows pending validation.
2026-02-24 00:17:45 |     INFO | MarketingAdvantageAI | [agentic_validation] ✅ Run complete | processed=0 | duration=9ms
2026-02-24 00:18:44 |     INFO | MarketingAdvantageAI | [ConflictEngine] No rows pending conflict analysis.
2026-02-24 00:18:44 |     INFO | MarketingAdvantageAI | [conflict_detection] ✅ Run complete | processed=0 | duration=9ms
2026-02-24 00:18:45 |     INFO | MarketingAdvantageAI | [AgenticValidation] No rows pending validation.
2026-02-24 00:18:45 |     INFO | MarketingAdvantageAI | [agentic_validation] ✅ Run complete | processed=0 | duration=9ms
2026-02-24 00:19:45 |     INFO | MarketingAdvantageAI | [AgenticValidation] No rows pending validation.
2026-02-24 00:19:45 |     INFO | MarketingAdvantageAI | [agentic_validation] ✅ Run complete | processed=0 | duration=9ms
2026-02-24 00:20:44 |     INFO | MarketingAdvantageAI | [ConflictEngine] No rows pending conflict analysis.
2026-02-24 00:20:44 |     INFO | MarketingAdvantageAI | [conflict_detection] ✅ Run complete | processed=0 | duration=9ms
2026-02-24 00:20:45 |     INFO | MarketingAdvantageAI | [AgenticValidation] No rows pending validation.
2026-02-24 00:20:45 |     INFO | MarketingAdvantageAI | [agentic_validation] ✅ Run complete | processed=0 | duration=10ms
2026-02-24 00:21:44 |     INFO | MarketingAdvantageAI | [TemporalRevalidation] No rows pending temporal review.
2026-02-24 00:21:44 |     INFO | MarketingAdvantageAI | [temporal_revalidation] ✅ Run complete | processed=0 | duration=10ms
2026-02-24 00:21:45 |     INFO | MarketingAdvantageAI | [AgenticValidation] No rows pending validation.
2026-02-24 00:21:45 |     INFO | MarketingAdvantageAI | [agentic_validation] ✅ Run complete | processed=0 | duration=9ms
2026-02-24 00:22:44 |     INFO | MarketingAdvantageAI | [ConflictEngine] No rows pending conflict analysis.
2026-02-24 00:22:44 |     INFO | MarketingAdvantageAI | [conflict_detection] ✅ Run complete | processed=0 | duration=9ms
2026-02-24 00:22:45 |     INFO | MarketingAdvantageAI | [AgenticValidation] No rows pending validation.
2026-02-24 00:22:45 |     INFO | MarketingAdvantageAI | [agentic_validation] ✅ Run complete | processed=0 | duration=8ms
2026-02-24 00:23:45 |     INFO | MarketingAdvantageAI | [AgenticValidation] No rows pending validation.
2026-02-24 00:23:45 |     INFO | MarketingAdvantageAI | [agentic_validation] ✅ Run complete | processed=0 | duration=10ms
2026-02-24 00:24:44 |     INFO | MarketingAdvantageAI | [ConflictEngine] No rows pending conflict analysis.
2026-02-24 00:24:44 |     INFO | MarketingAdvantageAI | [conflict_detection] ✅ Run complete | processed=0 | duration=9ms
2026-02-24 00:24:45 |     INFO | MarketingAdvantageAI | [AgenticValidation] No rows pending validation.
2026-02-24 00:24:45 |     INFO | MarketingAdvantageAI | [agentic_validation] ✅ Run complete | processed=0 | duration=9ms
2026-02-24 00:25:45 |     INFO | MarketingAdvantageAI | [AgenticValidation] No rows pending validation.
2026-02-24 00:25:45 |     INFO | MarketingAdvantageAI | [agentic_validation] ✅ Run complete | processed=0 | duration=11ms
2026-02-24 00:26:44 |     INFO | MarketingAdvantageAI | [TemporalRevalidation] No rows pending temporal review.
2026-02-24 00:26:44 |     INFO | MarketingAdvantageAI | [temporal_revalidation] ✅ Run complete | processed=0 | duration=10ms
2026-02-24 00:26:44 |     INFO | MarketingAdvantageAI | [ConflictEngine] No rows pending conflict analysis.
2026-02-24 00:26:44 |     INFO | MarketingAdvantageAI | [conflict_detection] ✅ Run complete | processed=0 | duration=9ms
2026-02-24 00:26:45 |     INFO | MarketingAdvantageAI | [AgenticValidation] No rows pending validation.
2026-02-24 00:26:45 |     INFO | MarketingAdvantageAI | [agentic_validation] ✅ Run complete | processed=0 | duration=10ms
2026-02-24 00:27:45 |     INFO | MarketingAdvantageAI | [AgenticValidation] No rows pending validation.
2026-02-24 00:27:45 |     INFO | MarketingAdvantageAI | [agentic_validation] ✅ Run complete | processed=0 | duration=9ms
2026-02-24 00:28:44 |     INFO | MarketingAdvantageAI | [ConflictEngine] No rows pending conflict analysis.
2026-02-24 00:28:44 |     INFO | MarketingAdvantageAI | [conflict_detection] ✅ Run complete | processed=0 | duration=11ms
2026-02-24 00:28:45 |     INFO | MarketingAdvantageAI | [AgenticValidation] No rows pending validation.
2026-02-24 00:28:45 |     INFO | MarketingAdvantageAI | [agentic_validation] ✅ Run complete | processed=0 | duration=8ms
2026-02-24 00:29:45 |     INFO | MarketingAdvantageAI | [AgenticValidation] No rows pending validation.
2026-02-24 00:29:45 |     INFO | MarketingAdvantageAI | [agentic_validation] ✅ Run complete | processed=0 | duration=10ms
2026-02-24 00:30:44 |     INFO | MarketingAdvantageAI | [ConflictEngine] No rows pending conflict analysis.
2026-02-24 00:30:44 |     INFO | MarketingAdvantageAI | [conflict_detection] ✅ Run complete | processed=0 | duration=10ms
2026-02-24 00:30:45 |     INFO | MarketingAdvantageAI | [AgenticValidation] No rows pending validation.
2026-02-24 00:30:45 |     INFO | MarketingAdvantageAI | [agentic_validation] ✅ Run complete | processed=0 | duration=9ms
2026-02-24 00:31:44 |     INFO | MarketingAdvantageAI | [TemporalRevalidation] No rows pending temporal review.
2026-02-24 00:31:44 |     INFO | MarketingAdvantageAI | [temporal_revalidation] ✅ Run complete | processed=0 | duration=10ms
2026-02-24 00:31:45 |     INFO | MarketingAdvantageAI | [AgenticValidation] No rows pending validation.
2026-02-24 00:31:45 |     INFO | MarketingAdvantageAI | [agentic_validation] ✅ Run complete | processed=0 | duration=9ms
2026-02-24 00:32:44 |     INFO | MarketingAdvantageAI | [ConflictEngine] No rows pending conflict analysis.
2026-02-24 00:32:44 |     INFO | MarketingAdvantageAI | [conflict_detection] ✅ Run complete | processed=0 | duration=10ms
2026-02-24 00:32:45 |     INFO | MarketingAdvantageAI | [AgenticValidation] No rows pending validation.
2026-02-24 00:32:45 |     INFO | MarketingAdvantageAI | [agentic_validation] ✅ Run complete | processed=0 | duration=9ms
2026-02-24 00:33:45 |     INFO | MarketingAdvantageAI | [AgenticValidation] No rows pending validation.
2026-02-24 00:33:45 |     INFO | MarketingAdvantageAI | [agentic_validation] ✅ Run complete | processed=0 | duration=11ms
2026-02-24 00:34:44 |     INFO | MarketingAdvantageAI | [ConflictEngine] No rows pending conflict analysis.
2026-02-24 00:34:44 |     INFO | MarketingAdvantageAI | [conflict_detection] ✅ Run complete | processed=0 | duration=9ms
2026-02-24 00:34:45 |     INFO | MarketingAdvantageAI | [AgenticValidation] No rows pending validation.
2026-02-24 00:34:45 |     INFO | MarketingAdvantageAI | [agentic_validation] ✅ Run complete | processed=0 | duration=9ms
2026-02-24 00:35:45 |     INFO | MarketingAdvantageAI | [AgenticValidation] No rows pending validation.
2026-02-24 00:35:45 |     INFO | MarketingAdvantageAI | [agentic_validation] ✅ Run complete | processed=0 | duration=9ms
2026-02-24 00:36:44 |     INFO | MarketingAdvantageAI | [TemporalRevalidation] No rows pending temporal review.
2026-02-24 00:36:44 |     INFO | MarketingAdvantageAI | [temporal_revalidation] ✅ Run complete | processed=0 | duration=10ms
2026-02-24 00:36:44 |     INFO | MarketingAdvantageAI | [ConflictEngine] No rows pending conflict analysis.
2026-02-24 00:36:44 |     INFO | MarketingAdvantageAI | [conflict_detection] ✅ Run complete | processed=0 | duration=10ms
2026-02-24 00:36:45 |     INFO | MarketingAdvantageAI | [AgenticValidation] No rows pending validation.
2026-02-24 00:36:45 |     INFO | MarketingAdvantageAI | [agentic_validation] ✅ Run complete | processed=0 | duration=10ms
2026-02-24 00:37:45 |     INFO | MarketingAdvantageAI | [AgenticValidation] No rows pending validation.
2026-02-24 00:37:45 |     INFO | MarketingAdvantageAI | [agentic_validation] ✅ Run complete | processed=0 | duration=9ms
2026-02-24 00:38:44 |     INFO | MarketingAdvantageAI | [ConflictEngine] No rows pending conflict analysis.
2026-02-24 00:38:44 |     INFO | MarketingAdvantageAI | [conflict_detection] ✅ Run complete | processed=0 | duration=9ms
2026-02-24 00:38:45 |     INFO | MarketingAdvantageAI | [AgenticValidation] No rows pending validation.
2026-02-24 00:38:45 |     INFO | MarketingAdvantageAI | [agentic_validation] ✅ Run complete | processed=0 | duration=11ms
2026-02-24 00:39:45 |     INFO | MarketingAdvantageAI | [AgenticValidation] No rows pending validation.
2026-02-24 00:39:45 |     INFO | MarketingAdvantageAI | [agentic_validation] ✅ Run complete | processed=0 | duration=10ms
2026-02-24 00:40:45 |     INFO | MarketingAdvantageAI | [ConflictEngine] No rows pending conflict analysis.
2026-02-24 00:40:45 |     INFO | MarketingAdvantageAI | [conflict_detection] ✅ Run complete | processed=0 | duration=64ms
2026-02-24 00:40:45 |     INFO | MarketingAdvantageAI | [AgenticValidation] No rows pending validation.
2026-02-24 00:40:45 |     INFO | MarketingAdvantageAI | [agentic_validation] ✅ Run complete | processed=0 | duration=64ms
2026-02-24 00:41:44 |     INFO | MarketingAdvantageAI | [TemporalRevalidation] No rows pending temporal review.
2026-02-24 00:41:44 |     INFO | MarketingAdvantageAI | [temporal_revalidation] ✅ Run complete | processed=0 | duration=66ms
2026-02-24 00:41:45 |     INFO | MarketingAdvantageAI | [AgenticValidation] No rows pending validation.
2026-02-24 00:41:45 |     INFO | MarketingAdvantageAI | [agentic_validation] ✅ Run complete | processed=0 | duration=11ms
2026-02-24 00:42:45 |     INFO | MarketingAdvantageAI | [ConflictEngine] No rows pending conflict analysis.
2026-02-24 00:42:45 |     INFO | MarketingAdvantageAI | [conflict_detection] ✅ Run complete | processed=0 | duration=10ms
2026-02-24 00:42:45 |     INFO | MarketingAdvantageAI | [AgenticValidation] No rows pending validation.
2026-02-24 00:42:45 |     INFO | MarketingAdvantageAI | [agentic_validation] ✅ Run complete | processed=0 | duration=13ms
2026-02-24 00:43:45 |     INFO | MarketingAdvantageAI | [AgenticValidation] No rows pending validation.
2026-02-24 00:43:45 |     INFO | MarketingAdvantageAI | [agentic_validation] ✅ Run complete | processed=0 | duration=8ms
2026-02-24 00:44:45 |     INFO | MarketingAdvantageAI | [ConflictEngine] No rows pending conflict analysis.
2026-02-24 00:44:45 |     INFO | MarketingAdvantageAI | [conflict_detection] ✅ Run complete | processed=0 | duration=10ms
2026-02-24 00:44:45 |     INFO | MarketingAdvantageAI | [AgenticValidation] No rows pending validation.
2026-02-24 00:44:45 |     INFO | MarketingAdvantageAI | [agentic_validation] ✅ Run complete | processed=0 | duration=10ms
2026-02-24 00:45:45 |     INFO | MarketingAdvantageAI | [AgenticValidation] No rows pending validation.
2026-02-24 00:45:45 |     INFO | MarketingAdvantageAI | [agentic_validation] ✅ Run complete | processed=0 | duration=9ms
2026-02-24 00:46:44 |     INFO | MarketingAdvantageAI | [TemporalRevalidation] No rows pending temporal review.
2026-02-24 00:46:44 |     INFO | MarketingAdvantageAI | [temporal_revalidation] ✅ Run complete | processed=0 | duration=10ms
2026-02-24 00:46:45 |     INFO | MarketingAdvantageAI | [ConflictEngine] No rows pending conflict analysis.
2026-02-24 00:46:45 |     INFO | MarketingAdvantageAI | [conflict_detection] ✅ Run complete | processed=0 | duration=9ms
2026-02-24 00:46:45 |     INFO | MarketingAdvantageAI | [AgenticValidation] No rows pending validation.
2026-02-24 00:46:45 |     INFO | MarketingAdvantageAI | [agentic_validation] ✅ Run complete | processed=0 | duration=5ms
2026-02-24 00:47:45 |     INFO | MarketingAdvantageAI | [AgenticValidation] No rows pending validation.
2026-02-24 00:47:45 |     INFO | MarketingAdvantageAI | [agentic_validation] ✅ Run complete | processed=0 | duration=10ms
2026-02-24 00:48:45 |     INFO | MarketingAdvantageAI | [ConflictEngine] No rows pending conflict analysis.
2026-02-24 00:48:45 |     INFO | MarketingAdvantageAI | [conflict_detection] ✅ Run complete | processed=0 | duration=10ms
2026-02-24 00:48:45 |     INFO | MarketingAdvantageAI | [AgenticValidation] No rows pending validation.
2026-02-24 00:48:45 |     INFO | MarketingAdvantageAI | [agentic_validation] ✅ Run complete | processed=0 | duration=10ms
2026-02-24 00:49:45 |     INFO | MarketingAdvantageAI | [AgenticValidation] No rows pending validation.
2026-02-24 00:49:45 |     INFO | MarketingAdvantageAI | [agentic_validation] ✅ Run complete | processed=0 | duration=9ms
2026-02-24 00:50:45 |     INFO | MarketingAdvantageAI | [ConflictEngine] No rows pending conflict analysis.
2026-02-24 00:50:45 |     INFO | MarketingAdvantageAI | [conflict_detection] ✅ Run complete | processed=0 | duration=13ms
2026-02-24 00:50:45 |     INFO | MarketingAdvantageAI | [AgenticValidation] No rows pending validation.
2026-02-24 00:50:45 |     INFO | MarketingAdvantageAI | [agentic_validation] ✅ Run complete | processed=0 | duration=11ms
2026-02-24 00:51:44 |     INFO | MarketingAdvantageAI | [TemporalRevalidation] No rows pending temporal review.
2026-02-24 00:51:44 |     INFO | MarketingAdvantageAI | [temporal_revalidation] ✅ Run complete | processed=0 | duration=9ms
2026-02-24 00:51:45 |     INFO | MarketingAdvantageAI | [AgenticValidation] No rows pending validation.
2026-02-24 00:51:45 |     INFO | MarketingAdvantageAI | [agentic_validation] ✅ Run complete | processed=0 | duration=10ms
2026-02-24 00:52:45 |     INFO | MarketingAdvantageAI | [ConflictEngine] No rows pending conflict analysis.
2026-02-24 00:52:45 |     INFO | MarketingAdvantageAI | [conflict_detection] ✅ Run complete | processed=0 | duration=9ms
2026-02-24 00:52:45 |     INFO | MarketingAdvantageAI | [AgenticValidation] No rows pending validation.
2026-02-24 00:52:45 |     INFO | MarketingAdvantageAI | [agentic_validation] ✅ Run complete | processed=0 | duration=10ms
2026-02-24 00:53:45 |     INFO | MarketingAdvantageAI | [AgenticValidation] No rows pending validation.
2026-02-24 00:53:45 |     INFO | MarketingAdvantageAI | [agentic_validation] ✅ Run complete | processed=0 | duration=13ms
2026-02-24 00:54:45 |     INFO | MarketingAdvantageAI | [ConflictEngine] No rows pending conflict analysis.
2026-02-24 00:54:45 |     INFO | MarketingAdvantageAI | [conflict_detection] ✅ Run complete | processed=0 | duration=9ms
2026-02-24 00:54:45 |     INFO | MarketingAdvantageAI | [AgenticValidation] No rows pending validation.
2026-02-24 00:54:45 |     INFO | MarketingAdvantageAI | [agentic_validation] ✅ Run complete | processed=0 | duration=8ms
2026-02-24 00:55:45 |     INFO | MarketingAdvantageAI | [AgenticValidation] No rows pending validation.
2026-02-24 00:55:45 |     INFO | MarketingAdvantageAI | [agentic_validation] ✅ Run complete | processed=0 | duration=9ms
2026-02-24 00:56:44 |     INFO | MarketingAdvantageAI | [TemporalRevalidation] No rows pending temporal review.
2026-02-24 00:56:44 |     INFO | MarketingAdvantageAI | [temporal_revalidation] ✅ Run complete | processed=0 | duration=9ms
2026-02-24 00:56:45 |     INFO | MarketingAdvantageAI | [ConflictEngine] No rows pending conflict analysis.
2026-02-24 00:56:45 |     INFO | MarketingAdvantageAI | [conflict_detection] ✅ Run complete | processed=0 | duration=10ms
2026-02-24 00:56:45 |     INFO | MarketingAdvantageAI | [AgenticValidation] No rows pending validation.
2026-02-24 00:56:45 |     INFO | MarketingAdvantageAI | [agentic_validation] ✅ Run complete | processed=0 | duration=10ms
2026-02-24 00:57:45 |     INFO | MarketingAdvantageAI | [AgenticValidation] No rows pending validation.
2026-02-24 00:57:45 |     INFO | MarketingAdvantageAI | [agentic_validation] ✅ Run complete | processed=0 | duration=9ms
2026-02-24 00:58:45 |     INFO | MarketingAdvantageAI | [ConflictEngine] No rows pending conflict analysis.
2026-02-24 00:58:45 |     INFO | MarketingAdvantageAI | [conflict_detection] ✅ Run complete | processed=0 | duration=10ms
2026-02-24 00:58:45 |     INFO | MarketingAdvantageAI | [AgenticValidation] No rows pending validation.
2026-02-24 00:58:45 |     INFO | MarketingAdvantageAI | [agentic_validation] ✅ Run complete | processed=0 | duration=9ms
2026-02-24 00:59:45 |     INFO | MarketingAdvantageAI | [AgenticValidation] No rows pending validation.
2026-02-24 00:59:45 |     INFO | MarketingAdvantageAI | [agentic_validation] ✅ Run complete | processed=0 | duration=8ms
2026-02-24 01:00:45 |     INFO | MarketingAdvantageAI | [ConflictEngine] No rows pending conflict analysis.
2026-02-24 01:00:45 |     INFO | MarketingAdvantageAI | [conflict_detection] ✅ Run complete | processed=0 | duration=9ms
2026-02-24 01:00:45 |     INFO | MarketingAdvantageAI | [AgenticValidation] No rows pending validation.
2026-02-24 01:00:45 |     INFO | MarketingAdvantageAI | [agentic_validation] ✅ Run complete | processed=0 | duration=9ms
2026-02-24 01:01:44 |     INFO | MarketingAdvantageAI | [TemporalRevalidation] No rows pending temporal review.
2026-02-24 01:01:44 |     INFO | MarketingAdvantageAI | [temporal_revalidation] ✅ Run complete | processed=0 | duration=10ms
2026-02-24 01:01:45 |     INFO | MarketingAdvantageAI | [AgenticValidation] No rows pending validation.
2026-02-24 01:01:45 |     INFO | MarketingAdvantageAI | [agentic_validation] ✅ Run complete | processed=0 | duration=10ms
2026-02-24 01:02:45 |     INFO | MarketingAdvantageAI | [ConflictEngine] No rows pending conflict analysis.
2026-02-24 01:02:45 |     INFO | MarketingAdvantageAI | [conflict_detection] ✅ Run complete | processed=0 | duration=10ms
2026-02-24 01:02:45 |     INFO | MarketingAdvantageAI | [AgenticValidation] No rows pending validation.
2026-02-24 01:02:45 |     INFO | MarketingAdvantageAI | [agentic_validation] ✅ Run complete | processed=0 | duration=10ms
2026-02-24 01:03:45 |     INFO | MarketingAdvantageAI | [AgenticValidation] No rows pending validation.
2026-02-24 01:03:45 |     INFO | MarketingAdvantageAI | [agentic_validation] ✅ Run complete | processed=0 | duration=9ms
2026-02-24 01:04:45 |     INFO | MarketingAdvantageAI | [ConflictEngine] No rows pending conflict analysis.
2026-02-24 01:04:45 |     INFO | MarketingAdvantageAI | [conflict_detection] ✅ Run complete | processed=0 | duration=10ms
2026-02-24 01:04:45 |     INFO | MarketingAdvantageAI | [AgenticValidation] No rows pending validation.
2026-02-24 01:04:45 |     INFO | MarketingAdvantageAI | [agentic_validation] ✅ Run complete | processed=0 | duration=9ms
2026-02-24 01:05:45 |     INFO | MarketingAdvantageAI | [AgenticValidation] No rows pending validation.
2026-02-24 01:05:45 |     INFO | MarketingAdvantageAI | [agentic_validation] ✅ Run complete | processed=0 | duration=9ms
2026-02-24 01:06:44 |     INFO | MarketingAdvantageAI | [TemporalRevalidation] No rows pending temporal review.
2026-02-24 01:06:44 |     INFO | MarketingAdvantageAI | [temporal_revalidation] ✅ Run complete | processed=0 | duration=10ms
2026-02-24 01:06:45 |     INFO | MarketingAdvantageAI | [ConflictEngine] No rows pending conflict analysis.
2026-02-24 01:06:45 |     INFO | MarketingAdvantageAI | [conflict_detection] ✅ Run complete | processed=0 | duration=10ms
2026-02-24 01:06:46 |     INFO | MarketingAdvantageAI | [AgenticValidation] No rows pending validation.
2026-02-24 01:06:46 |     INFO | MarketingAdvantageAI | [agentic_validation] ✅ Run complete | processed=0 | duration=11ms
2026-02-24 01:07:46 |     INFO | MarketingAdvantageAI | [AgenticValidation] No rows pending validation.
2026-02-24 01:07:46 |     INFO | MarketingAdvantageAI | [agentic_validation] ✅ Run complete | processed=0 | duration=9ms
2026-02-24 01:08:45 |     INFO | MarketingAdvantageAI | [ConflictEngine] No rows pending conflict analysis.
2026-02-24 01:08:45 |     INFO | MarketingAdvantageAI | [conflict_detection] ✅ Run complete | processed=0 | duration=11ms
2026-02-24 01:08:46 |     INFO | MarketingAdvantageAI | [AgenticValidation] No rows pending validation.
2026-02-24 01:08:46 |     INFO | MarketingAdvantageAI | [agentic_validation] ✅ Run complete | processed=0 | duration=11ms
2026-02-24 01:09:46 |     INFO | MarketingAdvantageAI | [AgenticValidation] No rows pending validation.
2026-02-24 01:09:46 |     INFO | MarketingAdvantageAI | [agentic_validation] ✅ Run complete | processed=0 | duration=10ms
2026-02-24 01:10:45 |     INFO | MarketingAdvantageAI | [ConflictEngine] No rows pending conflict analysis.
2026-02-24 01:10:45 |     INFO | MarketingAdvantageAI | [conflict_detection] ✅ Run complete | processed=0 | duration=70ms
2026-02-24 01:10:46 |     INFO | MarketingAdvantageAI | [AgenticValidation] No rows pending validation.
2026-02-24 01:10:46 |     INFO | MarketingAdvantageAI | [agentic_validation] ✅ Run complete | processed=0 | duration=64ms
2026-02-24 01:11:44 |     INFO | MarketingAdvantageAI | [TemporalRevalidation] No rows pending temporal review.
2026-02-24 01:11:44 |     INFO | MarketingAdvantageAI | [temporal_revalidation] ✅ Run complete | processed=0 | duration=64ms
2026-02-24 01:11:46 |     INFO | MarketingAdvantageAI | [AgenticValidation] No rows pending validation.
2026-02-24 01:11:46 |     INFO | MarketingAdvantageAI | [agentic_validation] ✅ Run complete | processed=0 | duration=0ms
2026-02-24 01:12:45 |     INFO | MarketingAdvantageAI | [ConflictEngine] No rows pending conflict analysis.
2026-02-24 01:12:45 |     INFO | MarketingAdvantageAI | [conflict_detection] ✅ Run complete | processed=0 | duration=10ms
2026-02-24 01:12:46 |     INFO | MarketingAdvantageAI | [AgenticValidation] No rows pending validation.
2026-02-24 01:12:46 |     INFO | MarketingAdvantageAI | [agentic_validation] ✅ Run complete | processed=0 | duration=9ms
2026-02-24 01:13:46 |     INFO | MarketingAdvantageAI | [AgenticValidation] No rows pending validation.
2026-02-24 01:13:46 |     INFO | MarketingAdvantageAI | [agentic_validation] ✅ Run complete | processed=0 | duration=10ms
2026-02-24 01:14:45 |     INFO | MarketingAdvantageAI | [ConflictEngine] No rows pending conflict analysis.
2026-02-24 01:14:45 |     INFO | MarketingAdvantageAI | [conflict_detection] ✅ Run complete | processed=0 | duration=8ms
2026-02-24 01:14:46 |     INFO | MarketingAdvantageAI | [AgenticValidation] No rows pending validation.
2026-02-24 01:14:46 |     INFO | MarketingAdvantageAI | [agentic_validation] ✅ Run complete | processed=0 | duration=10ms
2026-02-24 01:15:46 |     INFO | MarketingAdvantageAI | [AgenticValidation] No rows pending validation.
2026-02-24 01:15:46 |     INFO | MarketingAdvantageAI | [agentic_validation] ✅ Run complete | processed=0 | duration=9ms
2026-02-24 01:16:44 |     INFO | MarketingAdvantageAI | [TemporalRevalidation] No rows pending temporal review.
2026-02-24 01:16:44 |     INFO | MarketingAdvantageAI | [temporal_revalidation] ✅ Run complete | processed=0 | duration=7ms
2026-02-24 01:16:45 |     INFO | MarketingAdvantageAI | [ConflictEngine] No rows pending conflict analysis.
2026-02-24 01:16:45 |     INFO | MarketingAdvantageAI | [conflict_detection] ✅ Run complete | processed=0 | duration=0ms
2026-02-24 01:16:46 |     INFO | MarketingAdvantageAI | [AgenticValidation] No rows pending validation.
2026-02-24 01:16:46 |     INFO | MarketingAdvantageAI | [agentic_validation] ✅ Run complete | processed=0 | duration=10ms
2026-02-24 01:17:46 |     INFO | MarketingAdvantageAI | [AgenticValidation] No rows pending validation.
2026-02-24 01:17:46 |     INFO | MarketingAdvantageAI | [agentic_validation] ✅ Run complete | processed=0 | duration=10ms
2026-02-24 01:18:45 |     INFO | MarketingAdvantageAI | [ConflictEngine] No rows pending conflict analysis.
2026-02-24 01:18:45 |     INFO | MarketingAdvantageAI | [conflict_detection] ✅ Run complete | processed=0 | duration=12ms
2026-02-24 01:18:46 |     INFO | MarketingAdvantageAI | [AgenticValidation] No rows pending validation.
2026-02-24 01:18:46 |     INFO | MarketingAdvantageAI | [agentic_validation] ✅ Run complete | processed=0 | duration=11ms
2026-02-24 01:19:46 |     INFO | MarketingAdvantageAI | [AgenticValidation] No rows pending validation.
2026-02-24 01:19:46 |     INFO | MarketingAdvantageAI | [agentic_validation] ✅ Run complete | processed=0 | duration=13ms
2026-02-24 01:20:45 |     INFO | MarketingAdvantageAI | [ConflictEngine] No rows pending conflict analysis.
2026-02-24 01:20:45 |     INFO | MarketingAdvantageAI | [conflict_detection] ✅ Run complete | processed=0 | duration=9ms
2026-02-24 01:20:46 |     INFO | MarketingAdvantageAI | [AgenticValidation] No rows pending validation.
2026-02-24 01:20:46 |     INFO | MarketingAdvantageAI | [agentic_validation] ✅ Run complete | processed=0 | duration=9ms
2026-02-24 01:21:44 |     INFO | MarketingAdvantageAI | [TemporalRevalidation] No rows pending temporal review.
2026-02-24 01:21:44 |     INFO | MarketingAdvantageAI | [temporal_revalidation] ✅ Run complete | processed=0 | duration=9ms
2026-02-24 01:21:46 |     INFO | MarketingAdvantageAI | [AgenticValidation] No rows pending validation.
2026-02-24 01:21:46 |     INFO | MarketingAdvantageAI | [agentic_validation] ✅ Run complete | processed=0 | duration=11ms
2026-02-24 01:22:45 |     INFO | MarketingAdvantageAI | [ConflictEngine] No rows pending conflict analysis.
2026-02-24 01:22:45 |     INFO | MarketingAdvantageAI | [conflict_detection] ✅ Run complete | processed=0 | duration=9ms
2026-02-24 01:22:46 |     INFO | MarketingAdvantageAI | [AgenticValidation] No rows pending validation.
2026-02-24 01:22:46 |     INFO | MarketingAdvantageAI | [agentic_validation] ✅ Run complete | processed=0 | duration=8ms
2026-02-24 01:23:46 |     INFO | MarketingAdvantageAI | [AgenticValidation] No rows pending validation.
2026-02-24 01:23:46 |     INFO | MarketingAdvantageAI | [agentic_validation] ✅ Run complete | processed=0 | duration=10ms
2026-02-24 01:24:45 |     INFO | MarketingAdvantageAI | [ConflictEngine] No rows pending conflict analysis.
2026-02-24 01:24:45 |     INFO | MarketingAdvantageAI | [conflict_detection] ✅ Run complete | processed=0 | duration=9ms
2026-02-24 01:24:46 |     INFO | MarketingAdvantageAI | [AgenticValidation] No rows pending validation.
2026-02-24 01:24:46 |     INFO | MarketingAdvantageAI | [agentic_validation] ✅ Run complete | processed=0 | duration=11ms
2026-02-24 01:25:46 |     INFO | MarketingAdvantageAI | [AgenticValidation] No rows pending validation.
2026-02-24 01:25:46 |     INFO | MarketingAdvantageAI | [agentic_validation] ✅ Run complete | processed=0 | duration=0ms
2026-02-24 01:26:44 |     INFO | MarketingAdvantageAI | [TemporalRevalidation] No rows pending temporal review.
2026-02-24 01:26:44 |     INFO | MarketingAdvantageAI | [temporal_revalidation] ✅ Run complete | processed=0 | duration=9ms
2026-02-24 01:26:45 |     INFO | MarketingAdvantageAI | [ConflictEngine] No rows pending conflict analysis.
2026-02-24 01:26:45 |     INFO | MarketingAdvantageAI | [conflict_detection] ✅ Run complete | processed=0 | duration=9ms
2026-02-24 01:26:46 |     INFO | MarketingAdvantageAI | [AgenticValidation] No rows pending validation.
2026-02-24 01:26:46 |     INFO | MarketingAdvantageAI | [agentic_validation] ✅ Run complete | processed=0 | duration=10ms
2026-02-24 01:27:46 |     INFO | MarketingAdvantageAI | [AgenticValidation] No rows pending validation.
2026-02-24 01:27:46 |     INFO | MarketingAdvantageAI | [agentic_validation] ✅ Run complete | processed=0 | duration=10ms
2026-02-24 01:28:45 |     INFO | MarketingAdvantageAI | [ConflictEngine] No rows pending conflict analysis.
2026-02-24 01:28:45 |     INFO | MarketingAdvantageAI | [conflict_detection] ✅ Run complete | processed=0 | duration=8ms
2026-02-24 01:28:46 |     INFO | MarketingAdvantageAI | [AgenticValidation] No rows pending validation.
2026-02-24 01:28:46 |     INFO | MarketingAdvantageAI | [agentic_validation] ✅ Run complete | processed=0 | duration=10ms
2026-02-24 01:29:46 |     INFO | MarketingAdvantageAI | [AgenticValidation] No rows pending validation.
2026-02-24 01:29:46 |     INFO | MarketingAdvantageAI | [agentic_validation] ✅ Run complete | processed=0 | duration=9ms
2026-02-24 01:30:45 |     INFO | MarketingAdvantageAI | [ConflictEngine] No rows pending conflict analysis.
2026-02-24 01:30:45 |     INFO | MarketingAdvantageAI | [conflict_detection] ✅ Run complete | processed=0 | duration=12ms
2026-02-24 01:30:46 |     INFO | MarketingAdvantageAI | [AgenticValidation] No rows pending validation.
2026-02-24 01:30:46 |     INFO | MarketingAdvantageAI | [agentic_validation] ✅ Run complete | processed=0 | duration=10ms
2026-02-24 01:31:44 |     INFO | MarketingAdvantageAI | [TemporalRevalidation] No rows pending temporal review.
2026-02-24 01:31:44 |     INFO | MarketingAdvantageAI | [temporal_revalidation] ✅ Run complete | processed=0 | duration=9ms
2026-02-24 01:31:46 |     INFO | MarketingAdvantageAI | [AgenticValidation] No rows pending validation.
2026-02-24 01:31:46 |     INFO | MarketingAdvantageAI | [agentic_validation] ✅ Run complete | processed=0 | duration=11ms
2026-02-24 01:32:45 |     INFO | MarketingAdvantageAI | [ConflictEngine] No rows pending conflict analysis.
2026-02-24 01:32:45 |     INFO | MarketingAdvantageAI | [conflict_detection] ✅ Run complete | processed=0 | duration=8ms
2026-02-24 01:32:46 |     INFO | MarketingAdvantageAI | [AgenticValidation] No rows pending validation.
2026-02-24 01:32:46 |     INFO | MarketingAdvantageAI | [agentic_validation] ✅ Run complete | processed=0 | duration=7ms
2026-02-24 01:33:46 |     INFO | MarketingAdvantageAI | [AgenticValidation] No rows pending validation.
2026-02-24 01:33:46 |     INFO | MarketingAdvantageAI | [agentic_validation] ✅ Run complete | processed=0 | duration=4ms
2026-02-24 01:34:45 |     INFO | MarketingAdvantageAI | [ConflictEngine] No rows pending conflict analysis.
2026-02-24 01:34:45 |     INFO | MarketingAdvantageAI | [conflict_detection] ✅ Run complete | processed=0 | duration=11ms
2026-02-24 01:34:46 |     INFO | MarketingAdvantageAI | [AgenticValidation] No rows pending validation.
2026-02-24 01:34:46 |     INFO | MarketingAdvantageAI | [agentic_validation] ✅ Run complete | processed=0 | duration=0ms
2026-02-24 01:35:46 |     INFO | MarketingAdvantageAI | [AgenticValidation] No rows pending validation.
2026-02-24 01:35:46 |     INFO | MarketingAdvantageAI | [agentic_validation] ✅ Run complete | processed=0 | duration=2ms
2026-02-24 04:14:42 |  WARNING | MarketingAdvantageAI | [HealthMonitor] Unhealthy workers detected: agentic_validation (stalled, 9536s since last run), conflict_detection (stalled, 9597s since last run), temporal_revalidation (stalled, 9777s since last run)
2026-02-24 04:14:43 |     INFO | MarketingAdvantageAI | [TemporalRevalidation] No rows pending temporal review.
2026-02-24 04:14:43 |     INFO | MarketingAdvantageAI | [temporal_revalidation] ✅ Run complete | processed=0 | duration=957ms
2026-02-24 04:14:43 |     INFO | MarketingAdvantageAI | [ConflictEngine] No rows pending conflict analysis.
2026-02-24 04:14:43 |     INFO | MarketingAdvantageAI | [AgenticValidation] No rows pending validation.
2026-02-24 04:14:43 |     INFO | MarketingAdvantageAI | [conflict_detection] ✅ Run complete | processed=0 | duration=767ms
2026-02-24 04:14:43 |     INFO | MarketingAdvantageAI | [agentic_validation] ✅ Run complete | processed=0 | duration=703ms
2026-02-24 06:14:42 |  WARNING | MarketingAdvantageAI | [HealthMonitor] Unhealthy workers detected: agentic_validation (stalled, 7200s since last run), conflict_detection (stalled, 7200s since last run), temporal_revalidation (stalled, 7200s since last run)
2026-02-24 06:14:42 |     INFO | MarketingAdvantageAI | [ConflictEngine] No rows pending conflict analysis.
2026-02-24 06:14:42 |     INFO | MarketingAdvantageAI | [AgenticValidation] No rows pending validation.
2026-02-24 06:14:42 |     INFO | MarketingAdvantageAI | [conflict_detection] ✅ Run complete | processed=0 | duration=493ms
2026-02-24 06:14:42 |     INFO | MarketingAdvantageAI | [agentic_validation] ✅ Run complete | processed=0 | duration=527ms
2026-02-24 06:14:42 |     INFO | MarketingAdvantageAI | [TemporalRevalidation] No rows pending temporal review.
2026-02-24 06:14:42 |     INFO | MarketingAdvantageAI | [temporal_revalidation] ✅ Run complete | processed=0 | duration=478ms
2026-02-24 06:45:28 |  WARNING | MarketingAdvantageAI | [HealthMonitor] Unhealthy workers detected: agentic_validation (stalled, 1846s since last run), conflict_detection (stalled, 1846s since last run), temporal_revalidation (stalled, 1846s since last run)
2026-02-24 06:45:28 |     INFO | MarketingAdvantageAI | [AgenticValidation] No rows pending validation.
2026-02-24 06:45:28 |     INFO | MarketingAdvantageAI | [ConflictEngine] No rows pending conflict analysis.
2026-02-24 06:45:28 |     INFO | MarketingAdvantageAI | [TemporalRevalidation] No rows pending temporal review.
2026-02-24 06:45:28 |     INFO | MarketingAdvantageAI | [agentic_validation] ✅ Run complete | processed=0 | duration=500ms
2026-02-24 06:45:28 |     INFO | MarketingAdvantageAI | [conflict_detection] ✅ Run complete | processed=0 | duration=462ms
2026-02-24 06:45:28 |     INFO | MarketingAdvantageAI | [temporal_revalidation] ✅ Run complete | processed=0 | duration=441ms
2026-02-24 06:46:28 |     INFO | MarketingAdvantageAI | [AgenticValidation] No rows pending validation.
2026-02-24 06:46:28 |     INFO | MarketingAdvantageAI | [agentic_validation] ✅ Run complete | processed=0 | duration=7ms
2026-02-24 06:47:28 |     INFO | MarketingAdvantageAI | [ConflictEngine] No rows pending conflict analysis.
2026-02-24 06:47:28 |     INFO | MarketingAdvantageAI | [conflict_detection] ✅ Run complete | processed=0 | duration=16ms
2026-02-24 06:47:28 |     INFO | MarketingAdvantageAI | [AgenticValidation] No rows pending validation.
2026-02-24 06:47:28 |     INFO | MarketingAdvantageAI | [agentic_validation] ✅ Run complete | processed=0 | duration=0ms
2026-02-24 06:48:28 |     INFO | MarketingAdvantageAI | [AgenticValidation] No rows pending validation.
2026-02-24 06:48:28 |     INFO | MarketingAdvantageAI | [agentic_validation] ✅ Run complete | processed=0 | duration=18ms
2026-02-24 08:29:14 |  WARNING | MarketingAdvantageAI | [HealthMonitor] Unhealthy workers detected: agentic_validation (stalled, 6046s since last run), conflict_detection (stalled, 6106s since last run), temporal_revalidation (stalled, 6226s since last run)
2026-02-24 08:29:15 |     INFO | MarketingAdvantageAI | [ConflictEngine] No rows pending conflict analysis.
2026-02-24 08:29:15 |     INFO | MarketingAdvantageAI | [AgenticValidation] No rows pending validation.
2026-02-24 08:29:15 |     INFO | MarketingAdvantageAI | [TemporalRevalidation] No rows pending temporal review.
2026-02-24 08:29:15 |     INFO | MarketingAdvantageAI | [conflict_detection] ✅ Run complete | processed=0 | duration=705ms
2026-02-24 08:29:15 |     INFO | MarketingAdvantageAI | [agentic_validation] ✅ Run complete | processed=0 | duration=611ms
2026-02-24 08:29:15 |     INFO | MarketingAdvantageAI | [temporal_revalidation] ✅ Run complete | processed=0 | duration=546ms
2026-02-24 11:04:44 |  WARNING | MarketingAdvantageAI | [HealthMonitor] Unhealthy workers detected: agentic_validation (stalled, 9329s since last run), conflict_detection (stalled, 9330s since last run), temporal_revalidation (stalled, 9329s since last run)
2026-02-24 11:04:45 |     INFO | MarketingAdvantageAI | [AgenticValidation] No rows pending validation.
2026-02-24 11:04:45 |     INFO | MarketingAdvantageAI | [TemporalRevalidation] No rows pending temporal review.
2026-02-24 11:04:45 |     INFO | MarketingAdvantageAI | [ConflictEngine] No rows pending conflict analysis.
2026-02-24 11:04:45 |     INFO | MarketingAdvantageAI | [agentic_validation] ✅ Run complete | processed=0 | duration=605ms
2026-02-24 11:04:45 |     INFO | MarketingAdvantageAI | [temporal_revalidation] ✅ Run complete | processed=0 | duration=509ms
2026-02-24 11:04:45 |     INFO | MarketingAdvantageAI | [conflict_detection] ✅ Run complete | processed=0 | duration=554ms
2026-02-24 11:05:45 |     INFO | MarketingAdvantageAI | [AgenticValidation] No rows pending validation.
2026-02-24 11:05:45 |     INFO | MarketingAdvantageAI | [agentic_validation] ✅ Run complete | processed=0 | duration=14ms
2026-02-24 11:06:45 |     INFO | MarketingAdvantageAI | [ConflictEngine] No rows pending conflict analysis.
2026-02-24 11:06:45 |     INFO | MarketingAdvantageAI | [conflict_detection] ✅ Run complete | processed=0 | duration=15ms
2026-02-24 11:06:45 |     INFO | MarketingAdvantageAI | [AgenticValidation] No rows pending validation.
2026-02-24 11:06:45 |     INFO | MarketingAdvantageAI | [agentic_validation] ✅ Run complete | processed=0 | duration=17ms
2026-02-24 11:07:45 |     INFO | MarketingAdvantageAI | [AgenticValidation] No rows pending validation.
2026-02-24 11:07:45 |     INFO | MarketingAdvantageAI | [agentic_validation] ✅ Run complete | processed=0 | duration=11ms
2026-02-24 11:08:45 |     INFO | MarketingAdvantageAI | [ConflictEngine] No rows pending conflict analysis.
2026-02-24 11:08:45 |     INFO | MarketingAdvantageAI | [conflict_detection] ✅ Run complete | processed=0 | duration=13ms
2026-02-24 11:08:45 |     INFO | MarketingAdvantageAI | [AgenticValidation] No rows pending validation.
2026-02-24 11:08:45 |     INFO | MarketingAdvantageAI | [agentic_validation] ✅ Run complete | processed=0 | duration=10ms
2026-02-24 13:07:06 |  WARNING | MarketingAdvantageAI | [HealthMonitor] Unhealthy workers detected: agentic_validation (stalled, 7101s since last run), conflict_detection (stalled, 7101s since last run), temporal_revalidation (stalled, 7342s since last run)
2026-02-24 13:07:07 |     INFO | MarketingAdvantageAI | [ConflictEngine] No rows pending conflict analysis.
2026-02-24 13:07:07 |     INFO | MarketingAdvantageAI | [AgenticValidation] No rows pending validation.
2026-02-24 13:07:07 |     INFO | MarketingAdvantageAI | [TemporalRevalidation] No rows pending temporal review.
2026-02-24 13:07:07 |     INFO | MarketingAdvantageAI | [conflict_detection] ✅ Run complete | processed=0 | duration=623ms
2026-02-24 13:07:07 |     INFO | MarketingAdvantageAI | [agentic_validation] ✅ Run complete | processed=0 | duration=668ms
2026-02-24 13:07:07 |     INFO | MarketingAdvantageAI | [temporal_revalidation] ✅ Run complete | processed=0 | duration=698ms
2026-02-24 17:31:15 |  WARNING | MarketingAdvantageAI | [HealthMonitor] Unhealthy workers detected: agentic_validation (stalled, 15849s since last run), conflict_detection (stalled, 15849s since last run), temporal_revalidation (stalled, 15849s since last run)
2026-02-24 17:31:16 |     INFO | MarketingAdvantageAI | [ConflictEngine] No rows pending conflict analysis.
2026-02-24 17:31:16 |     INFO | MarketingAdvantageAI | [AgenticValidation] No rows pending validation.
2026-02-24 17:31:16 |     INFO | MarketingAdvantageAI | [TemporalRevalidation] No rows pending temporal review.
2026-02-24 17:31:16 |     INFO | MarketingAdvantageAI | [conflict_detection] ✅ Run complete | processed=0 | duration=634ms
2026-02-24 17:31:16 |     INFO | MarketingAdvantageAI | [agentic_validation] ✅ Run complete | processed=0 | duration=680ms
2026-02-24 17:31:16 |     INFO | MarketingAdvantageAI | [temporal_revalidation] ✅ Run complete | processed=0 | duration=579ms
2026-02-25 21:35:59 |  WARNING | MarketingAdvantageAI | [HealthMonitor] Unhealthy workers detected: agentic_validation (stalled, 101084s since last run), conflict_detection (stalled, 101084s since last run), temporal_revalidation (stalled, 101084s since last run)
2026-02-25 21:36:00 |     INFO | MarketingAdvantageAI | [AgenticValidation] No rows pending validation.
2026-02-25 21:36:00 |     INFO | MarketingAdvantageAI | [ConflictEngine] No rows pending conflict analysis.
2026-02-25 21:36:01 |     INFO | MarketingAdvantageAI | [TemporalRevalidation] No rows pending temporal review.
2026-02-25 21:36:01 |     INFO | MarketingAdvantageAI | [agentic_validation] ✅ Run complete | processed=0 | duration=1783ms
2026-02-25 21:36:01 |     INFO | MarketingAdvantageAI | [conflict_detection] ✅ Run complete | processed=0 | duration=1827ms
2026-02-25 21:36:01 |     INFO | MarketingAdvantageAI | [temporal_revalidation] ✅ Run complete | processed=0 | duration=1846ms
2026-02-25 21:36:57 |     INFO | MarketingAdvantageAI | [AgenticValidation] No rows pending validation.
2026-02-25 21:36:57 |     INFO | MarketingAdvantageAI | [agentic_validation] ✅ Run complete | processed=0 | duration=8ms
2026-02-25 21:37:57 |     INFO | MarketingAdvantageAI | [AgenticValidation] No rows pending validation.
2026-02-25 21:37:57 |     INFO | MarketingAdvantageAI | [agentic_validation] ✅ Run complete | processed=0 | duration=16ms
2026-02-25 21:37:57 |     INFO | MarketingAdvantageAI | [ConflictEngine] No rows pending conflict analysis.
2026-02-25 21:37:57 |     INFO | MarketingAdvantageAI | [conflict_detection] ✅ Run complete | processed=0 | duration=17ms
2026-02-25 21:38:57 |     INFO | MarketingAdvantageAI | [AgenticValidation] No rows pending validation.
2026-02-25 21:38:57 |     INFO | MarketingAdvantageAI | [agentic_validation] ✅ Run complete | processed=0 | duration=16ms
2026-02-25 21:39:57 |     INFO | MarketingAdvantageAI | [AgenticValidation] No rows pending validation.
2026-02-25 21:39:57 |     INFO | MarketingAdvantageAI | [agentic_validation] ✅ Run complete | processed=0 | duration=20ms
2026-02-25 21:39:57 |     INFO | MarketingAdvantageAI | [ConflictEngine] No rows pending conflict analysis.
2026-02-25 21:39:57 |     INFO | MarketingAdvantageAI | [conflict_detection] ✅ Run complete | processed=0 | duration=31ms
2026-02-25 21:40:57 |     INFO | MarketingAdvantageAI | [AgenticValidation] No rows pending validation.
2026-02-25 21:40:57 |     INFO | MarketingAdvantageAI | [agentic_validation] ✅ Run complete | processed=0 | duration=13ms
2026-02-25 21:40:57 |     INFO | MarketingAdvantageAI | [TemporalRevalidation] No rows pending temporal review.
2026-02-25 21:40:57 |     INFO | MarketingAdvantageAI | [temporal_revalidation] ✅ Run complete | processed=0 | duration=14ms
2026-02-25 21:41:57 |     INFO | MarketingAdvantageAI | [AgenticValidation] No rows pending validation.
2026-02-25 21:41:57 |     INFO | MarketingAdvantageAI | [agentic_validation] ✅ Run complete | processed=0 | duration=18ms
2026-02-25 21:41:57 |     INFO | MarketingAdvantageAI | [ConflictEngine] No rows pending conflict analysis.
2026-02-25 21:41:57 |     INFO | MarketingAdvantageAI | [conflict_detection] ✅ Run complete | processed=0 | duration=13ms
2026-02-25 21:42:57 |     INFO | MarketingAdvantageAI | [AgenticValidation] No rows pending validation.
2026-02-25 21:42:57 |     INFO | MarketingAdvantageAI | [agentic_validation] ✅ Run complete | processed=0 | duration=13ms
2026-02-25 21:43:57 |     INFO | MarketingAdvantageAI | [AgenticValidation] No rows pending validation.
2026-02-25 21:43:57 |     INFO | MarketingAdvantageAI | [agentic_validation] ✅ Run complete | processed=0 | duration=17ms
2026-02-25 21:43:57 |     INFO | MarketingAdvantageAI | [ConflictEngine] No rows pending conflict analysis.
2026-02-25 21:43:57 |     INFO | MarketingAdvantageAI | [conflict_detection] ✅ Run complete | processed=0 | duration=11ms
2026-02-25 21:44:57 |     INFO | MarketingAdvantageAI | [AgenticValidation] No rows pending validation.
2026-02-25 21:44:57 |     INFO | MarketingAdvantageAI | [agentic_validation] ✅ Run complete | processed=0 | duration=15ms
2026-02-25 21:45:57 |     INFO | MarketingAdvantageAI | [ConflictEngine] No rows pending conflict analysis.
2026-02-25 21:45:57 |     INFO | MarketingAdvantageAI | [TemporalRevalidation] No rows pending temporal review.
2026-02-25 21:45:57 |     INFO | MarketingAdvantageAI | [AgenticValidation] No rows pending validation.
2026-02-25 21:45:57 |     INFO | MarketingAdvantageAI | [conflict_detection] ✅ Run complete | processed=0 | duration=17ms
2026-02-25 21:45:57 |     INFO | MarketingAdvantageAI | [temporal_revalidation] ✅ Run complete | processed=0 | duration=20ms
2026-02-25 21:45:57 |     INFO | MarketingAdvantageAI | [agentic_validation] ✅ Run complete | processed=0 | duration=23ms
2026-02-25 21:46:57 |     INFO | MarketingAdvantageAI | [AgenticValidation] No rows pending validation.
2026-02-25 21:46:57 |     INFO | MarketingAdvantageAI | [agentic_validation] ✅ Run complete | processed=0 | duration=16ms
2026-02-25 21:47:57 |     INFO | MarketingAdvantageAI | [ConflictEngine] No rows pending conflict analysis.
2026-02-25 21:47:57 |     INFO | MarketingAdvantageAI | [conflict_detection] ✅ Run complete | processed=0 | duration=10ms
2026-02-25 21:47:57 |     INFO | MarketingAdvantageAI | [AgenticValidation] No rows pending validation.
2026-02-25 21:47:57 |     INFO | MarketingAdvantageAI | [agentic_validation] ✅ Run complete | processed=0 | duration=11ms
2026-02-25 21:48:57 |     INFO | MarketingAdvantageAI | [AgenticValidation] No rows pending validation.
2026-02-25 21:48:57 |     INFO | MarketingAdvantageAI | [agentic_validation] ✅ Run complete | processed=0 | duration=15ms
2026-02-25 21:49:57 |     INFO | MarketingAdvantageAI | [ConflictEngine] No rows pending conflict analysis.
2026-02-25 21:49:57 |     INFO | MarketingAdvantageAI | [AgenticValidation] No rows pending validation.
2026-02-25 21:49:57 |     INFO | MarketingAdvantageAI | [conflict_detection] ✅ Run complete | processed=0 | duration=16ms
2026-02-25 21:49:57 |     INFO | MarketingAdvantageAI | [agentic_validation] ✅ Run complete | processed=0 | duration=15ms
2026-02-25 21:50:57 |     INFO | MarketingAdvantageAI | [TemporalRevalidation] No rows pending temporal review.
2026-02-25 21:50:57 |     INFO | MarketingAdvantageAI | [temporal_revalidation] ✅ Run complete | processed=0 | duration=17ms
2026-02-25 21:50:57 |     INFO | MarketingAdvantageAI | [AgenticValidation] No rows pending validation.
2026-02-25 21:50:57 |     INFO | MarketingAdvantageAI | [agentic_validation] ✅ Run complete | processed=0 | duration=18ms
2026-02-25 21:51:57 |     INFO | MarketingAdvantageAI | [ConflictEngine] No rows pending conflict analysis.
2026-02-25 21:51:57 |     INFO | MarketingAdvantageAI | [AgenticValidation] No rows pending validation.
2026-02-25 21:51:57 |     INFO | MarketingAdvantageAI | [conflict_detection] ✅ Run complete | processed=0 | duration=20ms
2026-02-25 21:51:57 |     INFO | MarketingAdvantageAI | [agentic_validation] ✅ Run complete | processed=0 | duration=20ms
2026-02-25 21:52:57 |     INFO | MarketingAdvantageAI | [AgenticValidation] No rows pending validation.
2026-02-25 21:52:57 |     INFO | MarketingAdvantageAI | [agentic_validation] ✅ Run complete | processed=0 | duration=12ms
2026-02-25 21:53:57 |     INFO | MarketingAdvantageAI | [ConflictEngine] No rows pending conflict analysis.
2026-02-25 21:53:57 |     INFO | MarketingAdvantageAI | [AgenticValidation] No rows pending validation.
2026-02-25 21:53:57 |     INFO | MarketingAdvantageAI | [conflict_detection] ✅ Run complete | processed=0 | duration=18ms
2026-02-25 21:53:57 |     INFO | MarketingAdvantageAI | [agentic_validation] ✅ Run complete | processed=0 | duration=18ms
2026-02-25 21:54:57 |     INFO | MarketingAdvantageAI | [AgenticValidation] No rows pending validation.
2026-02-25 21:54:57 |     INFO | MarketingAdvantageAI | [agentic_validation] ✅ Run complete | processed=0 | duration=12ms
2026-02-25 21:55:57 |     INFO | MarketingAdvantageAI | [TemporalRevalidation] No rows pending temporal review.
2026-02-25 21:55:57 |     INFO | MarketingAdvantageAI | [temporal_revalidation] ✅ Run complete | processed=0 | duration=14ms
2026-02-25 21:55:57 |     INFO | MarketingAdvantageAI | [ConflictEngine] No rows pending conflict analysis.
2026-02-25 21:55:57 |     INFO | MarketingAdvantageAI | [conflict_detection] ✅ Run complete | processed=0 | duration=13ms
2026-02-25 21:55:57 |     INFO | MarketingAdvantageAI | [AgenticValidation] No rows pending validation.
2026-02-25 21:55:57 |     INFO | MarketingAdvantageAI | [agentic_validation] ✅ Run complete | processed=0 | duration=15ms
2026-02-25 21:56:57 |     INFO | MarketingAdvantageAI | [AgenticValidation] No rows pending validation.
2026-02-25 21:56:57 |     INFO | MarketingAdvantageAI | [agentic_validation] ✅ Run complete | processed=0 | duration=10ms
2026-02-25 21:57:57 |     INFO | MarketingAdvantageAI | [ConflictEngine] No rows pending conflict analysis.
2026-02-25 21:57:57 |     INFO | MarketingAdvantageAI | [conflict_detection] ✅ Run complete | processed=0 | duration=16ms
2026-02-25 21:57:57 |     INFO | MarketingAdvantageAI | [AgenticValidation] No rows pending validation.
2026-02-25 21:57:57 |     INFO | MarketingAdvantageAI | [agentic_validation] ✅ Run complete | processed=0 | duration=9ms
2026-02-25 21:58:57 |     INFO | MarketingAdvantageAI | [AgenticValidation] No rows pending validation.
2026-02-25 21:58:57 |     INFO | MarketingAdvantageAI | [agentic_validation] ✅ Run complete | processed=0 | duration=12ms
2026-02-25 21:59:57 |     INFO | MarketingAdvantageAI | [ConflictEngine] No rows pending conflict analysis.
2026-02-25 21:59:57 |     INFO | MarketingAdvantageAI | [conflict_detection] ✅ Run complete | processed=0 | duration=15ms
2026-02-25 21:59:57 |     INFO | MarketingAdvantageAI | [AgenticValidation] No rows pending validation.
2026-02-25 21:59:57 |     INFO | MarketingAdvantageAI | [agentic_validation] ✅ Run complete | processed=0 | duration=14ms
2026-02-25 22:00:57 |     INFO | MarketingAdvantageAI | [TemporalRevalidation] No rows pending temporal review.
2026-02-25 22:00:57 |     INFO | MarketingAdvantageAI | [temporal_revalidation] ✅ Run complete | processed=0 | duration=11ms
2026-02-25 22:00:57 |     INFO | MarketingAdvantageAI | [AgenticValidation] No rows pending validation.
2026-02-25 22:00:57 |     INFO | MarketingAdvantageAI | [agentic_validation] ✅ Run complete | processed=0 | duration=7ms
2026-02-25 22:01:57 |     INFO | MarketingAdvantageAI | [ConflictEngine] No rows pending conflict analysis.
2026-02-25 22:01:57 |     INFO | MarketingAdvantageAI | [conflict_detection] ✅ Run complete | processed=0 | duration=13ms
2026-02-25 22:01:57 |     INFO | MarketingAdvantageAI | [AgenticValidation] No rows pending validation.
2026-02-25 22:01:57 |     INFO | MarketingAdvantageAI | [agentic_validation] ✅ Run complete | processed=0 | duration=10ms
2026-02-25 22:02:57 |     INFO | MarketingAdvantageAI | [AgenticValidation] No rows pending validation.
2026-02-25 22:02:57 |     INFO | MarketingAdvantageAI | [agentic_validation] ✅ Run complete | processed=0 | duration=17ms
2026-02-25 22:03:57 |     INFO | MarketingAdvantageAI | [ConflictEngine] No rows pending conflict analysis.
2026-02-25 22:03:57 |     INFO | MarketingAdvantageAI | [conflict_detection] ✅ Run complete | processed=0 | duration=16ms
2026-02-25 22:03:57 |     INFO | MarketingAdvantageAI | [AgenticValidation] No rows pending validation.
2026-02-25 22:03:57 |     INFO | MarketingAdvantageAI | [agentic_validation] ✅ Run complete | processed=0 | duration=8ms
2026-02-25 22:04:57 |     INFO | MarketingAdvantageAI | [AgenticValidation] No rows pending validation.
2026-02-25 22:04:57 |     INFO | MarketingAdvantageAI | [agentic_validation] ✅ Run complete | processed=0 | duration=13ms
2026-02-25 22:05:57 |     INFO | MarketingAdvantageAI | [TemporalRevalidation] No rows pending temporal review.
2026-02-25 22:05:57 |     INFO | MarketingAdvantageAI | [temporal_revalidation] ✅ Run complete | processed=0 | duration=17ms
2026-02-25 22:05:57 |     INFO | MarketingAdvantageAI | [ConflictEngine] No rows pending conflict analysis.
2026-02-25 22:05:57 |     INFO | MarketingAdvantageAI | [conflict_detection] ✅ Run complete | processed=0 | duration=13ms
2026-02-25 22:05:57 |     INFO | MarketingAdvantageAI | [AgenticValidation] No rows pending validation.
2026-02-25 22:05:57 |     INFO | MarketingAdvantageAI | [agentic_validation] ✅ Run complete | processed=0 | duration=11ms
2026-02-25 22:06:58 |     INFO | MarketingAdvantageAI | [AgenticValidation] No rows pending validation.
2026-02-25 22:06:58 |     INFO | MarketingAdvantageAI | [agentic_validation] ✅ Run complete | processed=0 | duration=138ms
2026-02-25 22:07:57 |     INFO | MarketingAdvantageAI | [ConflictEngine] No rows pending conflict analysis.
2026-02-25 22:07:57 |     INFO | MarketingAdvantageAI | [conflict_detection] ✅ Run complete | processed=0 | duration=138ms
2026-02-25 22:07:58 |     INFO | MarketingAdvantageAI | [AgenticValidation] No rows pending validation.
2026-02-25 22:07:58 |     INFO | MarketingAdvantageAI | [agentic_validation] ✅ Run complete | processed=0 | duration=113ms
2026-02-25 22:08:58 |     INFO | MarketingAdvantageAI | [AgenticValidation] No rows pending validation.
2026-02-25 22:08:58 |     INFO | MarketingAdvantageAI | [agentic_validation] ✅ Run complete | processed=0 | duration=13ms
2026-02-25 22:09:57 |     INFO | MarketingAdvantageAI | [ConflictEngine] No rows pending conflict analysis.
2026-02-25 22:09:57 |     INFO | MarketingAdvantageAI | [conflict_detection] ✅ Run complete | processed=0 | duration=14ms
2026-02-25 22:09:58 |     INFO | MarketingAdvantageAI | [AgenticValidation] No rows pending validation.
2026-02-25 22:09:58 |     INFO | MarketingAdvantageAI | [agentic_validation] ✅ Run complete | processed=0 | duration=16ms
2026-02-25 22:10:57 |     INFO | MarketingAdvantageAI | [TemporalRevalidation] No rows pending temporal review.
2026-02-25 22:10:57 |     INFO | MarketingAdvantageAI | [temporal_revalidation] ✅ Run complete | processed=0 | duration=16ms
2026-02-25 22:10:58 |     INFO | MarketingAdvantageAI | [AgenticValidation] No rows pending validation.
2026-02-25 22:10:58 |     INFO | MarketingAdvantageAI | [agentic_validation] ✅ Run complete | processed=0 | duration=14ms
2026-02-25 22:11:57 |     INFO | MarketingAdvantageAI | [ConflictEngine] No rows pending conflict analysis.
2026-02-25 22:11:57 |     INFO | MarketingAdvantageAI | [conflict_detection] ✅ Run complete | processed=0 | duration=13ms
2026-02-25 22:11:58 |     INFO | MarketingAdvantageAI | [AgenticValidation] No rows pending validation.
2026-02-25 22:11:58 |     INFO | MarketingAdvantageAI | [agentic_validation] ✅ Run complete | processed=0 | duration=13ms
2026-02-25 22:12:58 |     INFO | MarketingAdvantageAI | [AgenticValidation] No rows pending validation.
2026-02-25 22:12:58 |     INFO | MarketingAdvantageAI | [agentic_validation] ✅ Run complete | processed=0 | duration=13ms
2026-02-25 22:13:57 |     INFO | MarketingAdvantageAI | [ConflictEngine] No rows pending conflict analysis.
2026-02-25 22:13:57 |     INFO | MarketingAdvantageAI | [conflict_detection] ✅ Run complete | processed=0 | duration=12ms
2026-02-25 22:13:58 |     INFO | MarketingAdvantageAI | [AgenticValidation] No rows pending validation.
2026-02-25 22:13:58 |     INFO | MarketingAdvantageAI | [agentic_validation] ✅ Run complete | processed=0 | duration=17ms
2026-02-25 23:00:02 |     INFO | MarketingAdvantageAI | [IngestionV2] ChromaDB client initialized at ./chroma_db
2026-02-25 23:00:02 |     INFO | MarketingAdvantageAI | [IngestionV2] Found ChromaDB collections: ['ingested_content']
2026-02-25 23:00:02 |     INFO | MarketingAdvantageAI | [IngestionV2] ✅ Connected to existing collection 'ingested_content'
2026-02-25 23:00:02 |     INFO | MarketingAdvantageAI | [WatcherIngestorV2] Background watcher started with FastAPI server.
2026-02-25 23:00:02 |     INFO | MarketingAdvantageAI | [Scheduler] Starting validation scheduler | validation_interval=60s | conflict_interval=120s | temporal_interval=300s
2026-02-25 23:00:02 |     INFO | MarketingAdvantageAI | [Scheduler] Started 4 background tasks (validation: True, conflict: True, temporal: True)
2026-02-25 23:00:02 |     INFO | MarketingAdvantageAI | [WatcherIngestorV2] 👀 Watching folder: C:\ProjectK\MarketingAdvantage_AI_v1\static\uploads\manual
2026-02-25 23:00:02 |     INFO | MarketingAdvantageAI | [agentic_validation] Worker started
2026-02-25 23:00:02 |     INFO | MarketingAdvantageAI | [conflict_detection] Worker started
2026-02-25 23:00:02 |     INFO | MarketingAdvantageAI | [temporal_revalidation] Worker started
2026-02-25 23:00:02 |     INFO | MarketingAdvantageAI | [HealthMonitor] Health monitor started
2026-02-25 23:00:49 |     INFO | MarketingAdvantageAI | [Scheduler] Initiating graceful shutdown...
2026-02-25 23:00:49 |     INFO | MarketingAdvantageAI | [agentic_validation] Worker stopped
2026-02-25 23:00:49 |     INFO | MarketingAdvantageAI | [temporal_revalidation] Worker stopped
2026-02-25 23:00:49 |     INFO | MarketingAdvantageAI | [HealthMonitor] Health monitor stopped
2026-02-25 23:00:49 |     INFO | MarketingAdvantageAI | [conflict_detection] Worker stopped
2026-02-25 23:00:49 |     INFO | MarketingAdvantageAI | [Scheduler] All tasks completed gracefully
2026-02-25 23:00:49 |     INFO | MarketingAdvantageAI | [Scheduler] Scheduler stopped
2026-02-25 23:13:35 |     INFO | MarketingAdvantageAI | [IngestionV2] ChromaDB client initialized at ./chroma_db
2026-02-25 23:13:35 |     INFO | MarketingAdvantageAI | [IngestionV2] Found ChromaDB collections: ['ingested_content']
2026-02-25 23:13:35 |     INFO | MarketingAdvantageAI | [IngestionV2] ✅ Connected to existing collection 'ingested_content'
2026-02-25 23:13:35 |     INFO | MarketingAdvantageAI | [WatcherIngestorV2] Background watcher started with FastAPI server.
2026-02-25 23:13:35 |     INFO | MarketingAdvantageAI | [Scheduler] Starting validation scheduler | validation_interval=60s | conflict_interval=120s | temporal_interval=300s
2026-02-25 23:13:35 |     INFO | MarketingAdvantageAI | [Scheduler] Started 4 background tasks (validation: True, conflict: True, temporal: True)
2026-02-25 23:13:35 |     INFO | MarketingAdvantageAI | [WatcherIngestorV2] 👀 Watching folder: C:\ProjectK\MarketingAdvantage_AI_v1\static\uploads\manual
2026-02-25 23:13:35 |     INFO | MarketingAdvantageAI | [agentic_validation] Worker started
2026-02-25 23:13:35 |     INFO | MarketingAdvantageAI | [conflict_detection] Worker started
2026-02-25 23:13:35 |     INFO | MarketingAdvantageAI | [temporal_revalidation] Worker started
2026-02-25 23:13:35 |     INFO | MarketingAdvantageAI | [HealthMonitor] Health monitor started
2026-02-25 23:13:35 |     INFO | MarketingAdvantageAI | [HealthMonitor] Health monitor stopped
2026-02-25 23:13:35 |     INFO | MarketingAdvantageAI | [temporal_revalidation] Worker cancelled
2026-02-25 23:13:35 |     INFO | MarketingAdvantageAI | [temporal_revalidation] Worker stopped
2026-02-25 23:13:35 |     INFO | MarketingAdvantageAI | [agentic_validation] Worker cancelled
2026-02-25 23:13:35 |     INFO | MarketingAdvantageAI | [agentic_validation] Worker stopped
2026-02-25 23:13:53 |     INFO | MarketingAdvantageAI | [IngestionV2] ChromaDB client initialized at ./chroma_db
2026-02-25 23:13:53 |     INFO | MarketingAdvantageAI | [IngestionV2] Found ChromaDB collections: ['ingested_content']
2026-02-25 23:13:53 |     INFO | MarketingAdvantageAI | [IngestionV2] ✅ Connected to existing collection 'ingested_content'
2026-02-25 23:13:53 |     INFO | MarketingAdvantageAI | [WatcherIngestorV2] Background watcher started with FastAPI server.
2026-02-25 23:13:53 |     INFO | MarketingAdvantageAI | [Scheduler] Starting validation scheduler | validation_interval=60s | conflict_interval=120s | temporal_interval=300s
2026-02-25 23:13:53 |     INFO | MarketingAdvantageAI | [Scheduler] Started 4 background tasks (validation: True, conflict: True, temporal: True)
2026-02-25 23:13:53 |     INFO | MarketingAdvantageAI | [WatcherIngestorV2] 👀 Watching folder: C:\ProjectK\MarketingAdvantage_AI_v1\static\uploads\manual
2026-02-25 23:13:53 |     INFO | MarketingAdvantageAI | [agentic_validation] Worker started
2026-02-25 23:13:53 |     INFO | MarketingAdvantageAI | [conflict_detection] Worker started
2026-02-25 23:13:53 |     INFO | MarketingAdvantageAI | [temporal_revalidation] Worker started
2026-02-25 23:13:53 |     INFO | MarketingAdvantageAI | [HealthMonitor] Health monitor started
2026-02-25 23:14:53 |     INFO | MarketingAdvantageAI | [AgenticValidation] No rows pending validation.
2026-02-25 23:14:53 |     INFO | MarketingAdvantageAI | [agentic_validation] ✅ Run complete | processed=0 | duration=307ms
2026-02-25 23:15:53 |     INFO | MarketingAdvantageAI | [AgenticValidation] No rows pending validation.
2026-02-25 23:15:53 |     INFO | MarketingAdvantageAI | [agentic_validation] ✅ Run complete | processed=0 | duration=13ms
2026-02-25 23:16:03 |     INFO | MarketingAdvantageAI | [ConflictEngine] No rows pending conflict analysis.
2026-02-25 23:16:03 |     INFO | MarketingAdvantageAI | [conflict_detection] ✅ Run complete | processed=0 | duration=19ms
2026-02-25 23:16:53 |     INFO | MarketingAdvantageAI | [AgenticValidation] No rows pending validation.
2026-02-25 23:16:53 |     INFO | MarketingAdvantageAI | [agentic_validation] ✅ Run complete | processed=0 | duration=15ms
2026-02-25 23:17:53 |     INFO | MarketingAdvantageAI | [AgenticValidation] No rows pending validation.
2026-02-25 23:17:53 |     INFO | MarketingAdvantageAI | [agentic_validation] ✅ Run complete | processed=0 | duration=12ms
2026-02-25 23:18:03 |     INFO | MarketingAdvantageAI | [ConflictEngine] No rows pending conflict analysis.
2026-02-25 23:18:03 |     INFO | MarketingAdvantageAI | [conflict_detection] ✅ Run complete | processed=0 | duration=12ms
2026-02-25 23:18:53 |     INFO | MarketingAdvantageAI | [TemporalRevalidation] No rows pending temporal review.
2026-02-25 23:18:53 |     INFO | MarketingAdvantageAI | [temporal_revalidation] ✅ Run complete | processed=0 | duration=20ms
2026-02-25 23:18:53 |     INFO | MarketingAdvantageAI | [AgenticValidation] No rows pending validation.
2026-02-25 23:18:53 |     INFO | MarketingAdvantageAI | [agentic_validation] ✅ Run complete | processed=0 | duration=16ms
2026-02-25 23:19:53 |     INFO | MarketingAdvantageAI | [AgenticValidation] No rows pending validation.
2026-02-25 23:19:53 |     INFO | MarketingAdvantageAI | [agentic_validation] ✅ Run complete | processed=0 | duration=18ms
2026-02-25 23:20:03 |     INFO | MarketingAdvantageAI | [ConflictEngine] No rows pending conflict analysis.
2026-02-25 23:20:03 |     INFO | MarketingAdvantageAI | [conflict_detection] ✅ Run complete | processed=0 | duration=12ms
2026-02-25 23:20:53 |     INFO | MarketingAdvantageAI | [AgenticValidation] No rows pending validation.
2026-02-25 23:20:53 |     INFO | MarketingAdvantageAI | [agentic_validation] ✅ Run complete | processed=0 | duration=14ms
2026-02-25 23:21:53 |     INFO | MarketingAdvantageAI | [AgenticValidation] No rows pending validation.
2026-02-25 23:21:53 |     INFO | MarketingAdvantageAI | [agentic_validation] ✅ Run complete | processed=0 | duration=18ms
2026-02-25 23:22:03 |     INFO | MarketingAdvantageAI | [ConflictEngine] No rows pending conflict analysis.
2026-02-25 23:22:03 |     INFO | MarketingAdvantageAI | [conflict_detection] ✅ Run complete | processed=0 | duration=19ms
2026-02-25 23:22:53 |     INFO | MarketingAdvantageAI | [AgenticValidation] No rows pending validation.
2026-02-25 23:22:53 |     INFO | MarketingAdvantageAI | [agentic_validation] ✅ Run complete | processed=0 | duration=14ms
2026-02-25 23:23:53 |     INFO | MarketingAdvantageAI | [TemporalRevalidation] No rows pending temporal review.
2026-02-25 23:23:53 |     INFO | MarketingAdvantageAI | [temporal_revalidation] ✅ Run complete | processed=0 | duration=13ms
2026-02-25 23:23:53 |     INFO | MarketingAdvantageAI | [AgenticValidation] No rows pending validation.
2026-02-25 23:23:53 |     INFO | MarketingAdvantageAI | [agentic_validation] ✅ Run complete | processed=0 | duration=13ms
2026-02-25 23:24:03 |     INFO | MarketingAdvantageAI | [ConflictEngine] No rows pending conflict analysis.
2026-02-25 23:24:03 |     INFO | MarketingAdvantageAI | [conflict_detection] ✅ Run complete | processed=0 | duration=13ms
2026-02-25 23:24:53 |     INFO | MarketingAdvantageAI | [AgenticValidation] No rows pending validation.
2026-02-25 23:24:53 |     INFO | MarketingAdvantageAI | [agentic_validation] ✅ Run complete | processed=0 | duration=13ms
2026-02-25 23:25:08 |     INFO | MarketingAdvantageAI | [Scheduler] Initiating graceful shutdown...
2026-02-25 23:25:08 |     INFO | MarketingAdvantageAI | [temporal_revalidation] Worker stopped
2026-02-25 23:25:08 |     INFO | MarketingAdvantageAI | [conflict_detection] Worker stopped
2026-02-25 23:25:08 |     INFO | MarketingAdvantageAI | [HealthMonitor] Health monitor stopped
2026-02-25 23:25:08 |     INFO | MarketingAdvantageAI | [agentic_validation] Worker stopped
2026-02-25 23:25:08 |     INFO | MarketingAdvantageAI | [Scheduler] All tasks completed gracefully
2026-02-25 23:25:08 |     INFO | MarketingAdvantageAI | [Scheduler] Scheduler stopped
2026-02-25 23:25:26 |     INFO | MarketingAdvantageAI | [IngestionV2] ChromaDB client initialized at ./chroma_db
2026-02-25 23:25:26 |     INFO | MarketingAdvantageAI | [IngestionV2] Found ChromaDB collections: ['ingested_content']
2026-02-25 23:25:26 |     INFO | MarketingAdvantageAI | [IngestionV2] ✅ Connected to existing collection 'ingested_content'
2026-02-25 23:25:26 |     INFO | MarketingAdvantageAI | [WatcherIngestorV2] Background watcher started with FastAPI server.
2026-02-25 23:25:26 |     INFO | MarketingAdvantageAI | [Scheduler] Starting validation scheduler | validation_interval=60s | conflict_interval=120s | temporal_interval=300s
2026-02-25 23:25:26 |     INFO | MarketingAdvantageAI | [Scheduler] Started 4 background tasks (validation: True, conflict: True, temporal: True)
2026-02-25 23:25:26 |     INFO | MarketingAdvantageAI | [WatcherIngestorV2] 👀 Watching folder: C:\ProjectK\MarketingAdvantage_AI_v1\static\uploads\manual
2026-02-25 23:25:26 |     INFO | MarketingAdvantageAI | [agentic_validation] Worker started
2026-02-25 23:25:26 |     INFO | MarketingAdvantageAI | [conflict_detection] Worker started
2026-02-25 23:25:26 |     INFO | MarketingAdvantageAI | [temporal_revalidation] Worker started
2026-02-25 23:25:26 |     INFO | MarketingAdvantageAI | [HealthMonitor] Health monitor started
2026-02-25 23:26:26 |     INFO | MarketingAdvantageAI | [AgenticValidation] No rows pending validation.
2026-02-25 23:26:26 |     INFO | MarketingAdvantageAI | [agentic_validation] ✅ Run complete | processed=0 | duration=154ms
2026-02-25 23:27:26 |     INFO | MarketingAdvantageAI | [AgenticValidation] No rows pending validation.
2026-02-25 23:27:26 |     INFO | MarketingAdvantageAI | [agentic_validation] ✅ Run complete | processed=0 | duration=14ms
2026-02-25 23:27:36 |     INFO | MarketingAdvantageAI | [ConflictEngine] No rows pending conflict analysis.
2026-02-25 23:27:36 |     INFO | MarketingAdvantageAI | [conflict_detection] ✅ Run complete | processed=0 | duration=20ms
2026-02-25 23:28:26 |     INFO | MarketingAdvantageAI | [AgenticValidation] No rows pending validation.
2026-02-25 23:28:26 |     INFO | MarketingAdvantageAI | [agentic_validation] ✅ Run complete | processed=0 | duration=14ms
2026-02-25 23:29:26 |     INFO | MarketingAdvantageAI | [AgenticValidation] No rows pending validation.
2026-02-25 23:29:26 |     INFO | MarketingAdvantageAI | [agentic_validation] ✅ Run complete | processed=0 | duration=12ms
2026-02-25 23:29:36 |     INFO | MarketingAdvantageAI | [ConflictEngine] No rows pending conflict analysis.
2026-02-25 23:29:36 |     INFO | MarketingAdvantageAI | [conflict_detection] ✅ Run complete | processed=0 | duration=14ms
2026-02-25 23:30:26 |     INFO | MarketingAdvantageAI | [TemporalRevalidation] No rows pending temporal review.
2026-02-25 23:30:26 |     INFO | MarketingAdvantageAI | [temporal_revalidation] ✅ Run complete | processed=0 | duration=16ms
2026-02-25 23:30:26 |     INFO | MarketingAdvantageAI | [AgenticValidation] No rows pending validation.
2026-02-25 23:30:26 |     INFO | MarketingAdvantageAI | [agentic_validation] ✅ Run complete | processed=0 | duration=16ms
2026-02-25 23:31:09 |     INFO | MarketingAdvantageAI | [Scheduler] Initiating graceful shutdown...
2026-02-25 23:31:09 |     INFO | MarketingAdvantageAI | [conflict_detection] Worker stopped
2026-02-25 23:31:09 |     INFO | MarketingAdvantageAI | [temporal_revalidation] Worker stopped
2026-02-25 23:31:09 |     INFO | MarketingAdvantageAI | [HealthMonitor] Health monitor stopped
2026-02-25 23:31:09 |     INFO | MarketingAdvantageAI | [agentic_validation] Worker stopped
2026-02-25 23:31:09 |     INFO | MarketingAdvantageAI | [Scheduler] All tasks completed gracefully
2026-02-25 23:31:09 |     INFO | MarketingAdvantageAI | [Scheduler] Scheduler stopped
2026-02-25 23:31:27 |     INFO | MarketingAdvantageAI | [IngestionV2] ChromaDB client initialized at ./chroma_db
2026-02-25 23:31:27 |     INFO | MarketingAdvantageAI | [IngestionV2] Found ChromaDB collections: ['ingested_content']
2026-02-25 23:31:27 |     INFO | MarketingAdvantageAI | [IngestionV2] ✅ Connected to existing collection 'ingested_content'
2026-02-25 23:31:27 |     INFO | MarketingAdvantageAI | [WatcherIngestorV2] Background watcher started with FastAPI server.
2026-02-25 23:31:27 |     INFO | MarketingAdvantageAI | [Scheduler] Starting validation scheduler | validation_interval=60s | conflict_interval=120s | temporal_interval=300s
2026-02-25 23:31:27 |     INFO | MarketingAdvantageAI | [Scheduler] Started 4 background tasks (validation: True, conflict: True, temporal: True)
2026-02-25 23:31:27 |     INFO | MarketingAdvantageAI | [WatcherIngestorV2] 👀 Watching folder: C:\ProjectK\MarketingAdvantage_AI_v1\static\uploads\manual
2026-02-25 23:31:27 |     INFO | MarketingAdvantageAI | [agentic_validation] Worker started
2026-02-25 23:31:27 |     INFO | MarketingAdvantageAI | [conflict_detection] Worker started
2026-02-25 23:31:27 |     INFO | MarketingAdvantageAI | [temporal_revalidation] Worker started
2026-02-25 23:31:27 |     INFO | MarketingAdvantageAI | [HealthMonitor] Health monitor started
2026-02-25 23:32:28 |     INFO | MarketingAdvantageAI | [AgenticValidation] No rows pending validation.
2026-02-25 23:32:28 |     INFO | MarketingAdvantageAI | [agentic_validation] ✅ Run complete | processed=0 | duration=144ms
2026-02-25 23:33:28 |     INFO | MarketingAdvantageAI | [AgenticValidation] No rows pending validation.
2026-02-25 23:33:28 |     INFO | MarketingAdvantageAI | [agentic_validation] ✅ Run complete | processed=0 | duration=13ms
2026-02-25 23:33:37 |     INFO | MarketingAdvantageAI | [ConflictEngine] No rows pending conflict analysis.
2026-02-25 23:33:37 |     INFO | MarketingAdvantageAI | [conflict_detection] ✅ Run complete | processed=0 | duration=16ms
2026-02-25 23:34:28 |     INFO | MarketingAdvantageAI | [AgenticValidation] No rows pending validation.
2026-02-25 23:34:28 |     INFO | MarketingAdvantageAI | [agentic_validation] ✅ Run complete | processed=0 | duration=11ms
2026-02-25 23:35:28 |     INFO | MarketingAdvantageAI | [AgenticValidation] No rows pending validation.
2026-02-25 23:35:28 |     INFO | MarketingAdvantageAI | [agentic_validation] ✅ Run complete | processed=0 | duration=13ms
2026-02-25 23:35:37 |     INFO | MarketingAdvantageAI | [ConflictEngine] No rows pending conflict analysis.
2026-02-25 23:35:37 |     INFO | MarketingAdvantageAI | [conflict_detection] ✅ Run complete | processed=0 | duration=11ms
2026-02-25 23:36:27 |     INFO | MarketingAdvantageAI | [TemporalRevalidation] No rows pending temporal review.
2026-02-25 23:36:27 |     INFO | MarketingAdvantageAI | [temporal_revalidation] ✅ Run complete | processed=0 | duration=13ms
2026-02-25 23:36:28 |     INFO | MarketingAdvantageAI | [AgenticValidation] No rows pending validation.
2026-02-25 23:36:28 |     INFO | MarketingAdvantageAI | [agentic_validation] ✅ Run complete | processed=0 | duration=13ms
2026-02-25 23:37:28 |     INFO | MarketingAdvantageAI | [AgenticValidation] No rows pending validation.
2026-02-25 23:37:28 |     INFO | MarketingAdvantageAI | [agentic_validation] ✅ Run complete | processed=0 | duration=15ms
2026-02-25 23:37:37 |     INFO | MarketingAdvantageAI | [ConflictEngine] No rows pending conflict analysis.
2026-02-25 23:37:37 |     INFO | MarketingAdvantageAI | [conflict_detection] ✅ Run complete | processed=0 | duration=26ms
2026-02-25 23:38:28 |     INFO | MarketingAdvantageAI | [AgenticValidation] No rows pending validation.
2026-02-25 23:38:28 |     INFO | MarketingAdvantageAI | [agentic_validation] ✅ Run complete | processed=0 | duration=14ms
2026-02-25 23:39:28 |     INFO | MarketingAdvantageAI | [AgenticValidation] No rows pending validation.
2026-02-25 23:39:28 |     INFO | MarketingAdvantageAI | [agentic_validation] ✅ Run complete | processed=0 | duration=14ms
2026-02-25 23:39:37 |     INFO | MarketingAdvantageAI | [ConflictEngine] No rows pending conflict analysis.
2026-02-25 23:39:38 |     INFO | MarketingAdvantageAI | [conflict_detection] ✅ Run complete | processed=0 | duration=15ms
2026-02-25 23:40:28 |     INFO | MarketingAdvantageAI | [AgenticValidation] No rows pending validation.
2026-02-25 23:40:28 |     INFO | MarketingAdvantageAI | [agentic_validation] ✅ Run complete | processed=0 | duration=13ms
2026-02-25 23:41:27 |     INFO | MarketingAdvantageAI | [TemporalRevalidation] No rows pending temporal review.
2026-02-25 23:41:27 |     INFO | MarketingAdvantageAI | [temporal_revalidation] ✅ Run complete | processed=0 | duration=12ms
2026-02-25 23:41:28 |     INFO | MarketingAdvantageAI | [AgenticValidation] No rows pending validation.
2026-02-25 23:41:28 |     INFO | MarketingAdvantageAI | [agentic_validation] ✅ Run complete | processed=0 | duration=15ms
2026-02-25 23:41:38 |     INFO | MarketingAdvantageAI | [ConflictEngine] No rows pending conflict analysis.
2026-02-25 23:41:38 |     INFO | MarketingAdvantageAI | [conflict_detection] ✅ Run complete | processed=0 | duration=14ms
2026-02-25 23:42:28 |     INFO | MarketingAdvantageAI | [AgenticValidation] No rows pending validation.
2026-02-25 23:42:28 |     INFO | MarketingAdvantageAI | [agentic_validation] ✅ Run complete | processed=0 | duration=13ms
2026-02-25 23:43:07 |     INFO | MarketingAdvantageAI | [Scheduler] Initiating graceful shutdown...
2026-02-25 23:43:07 |     INFO | MarketingAdvantageAI | [temporal_revalidation] Worker stopped
2026-02-25 23:43:07 |     INFO | MarketingAdvantageAI | [conflict_detection] Worker stopped
2026-02-25 23:43:07 |     INFO | MarketingAdvantageAI | [HealthMonitor] Health monitor stopped
2026-02-25 23:43:07 |     INFO | MarketingAdvantageAI | [agentic_validation] Worker stopped
2026-02-25 23:43:07 |     INFO | MarketingAdvantageAI | [Scheduler] All tasks completed gracefully
2026-02-25 23:43:07 |     INFO | MarketingAdvantageAI | [Scheduler] Scheduler stopped
2026-02-25 23:43:24 |     INFO | MarketingAdvantageAI | [IngestionV2] ChromaDB client initialized at ./chroma_db
2026-02-25 23:43:24 |     INFO | MarketingAdvantageAI | [IngestionV2] Found ChromaDB collections: ['ingested_content']
2026-02-25 23:43:24 |     INFO | MarketingAdvantageAI | [IngestionV2] ✅ Connected to existing collection 'ingested_content'
2026-02-25 23:43:24 |     INFO | MarketingAdvantageAI | [WatcherIngestorV2] Background watcher started with FastAPI server.
2026-02-25 23:43:24 |     INFO | MarketingAdvantageAI | [Scheduler] Starting validation scheduler | validation_interval=60s | conflict_interval=120s | temporal_interval=300s
2026-02-25 23:43:24 |     INFO | MarketingAdvantageAI | [Scheduler] Started 4 background tasks (validation: True, conflict: True, temporal: True)
2026-02-25 23:43:24 |     INFO | MarketingAdvantageAI | [WatcherIngestorV2] 👀 Watching folder: C:\ProjectK\MarketingAdvantage_AI_v1\static\uploads\manual
2026-02-25 23:43:24 |     INFO | MarketingAdvantageAI | [agentic_validation] Worker started
2026-02-25 23:43:24 |     INFO | MarketingAdvantageAI | [conflict_detection] Worker started
2026-02-25 23:43:24 |     INFO | MarketingAdvantageAI | [temporal_revalidation] Worker started
2026-02-25 23:43:24 |     INFO | MarketingAdvantageAI | [HealthMonitor] Health monitor started
2026-02-25 23:43:33 |     INFO | MarketingAdvantageAI | [Scheduler] Initiating graceful shutdown...
2026-02-25 23:43:33 |     INFO | MarketingAdvantageAI | [agentic_validation] Worker stopped
2026-02-25 23:43:33 |     INFO | MarketingAdvantageAI | [temporal_revalidation] Worker stopped
2026-02-25 23:43:33 |     INFO | MarketingAdvantageAI | [HealthMonitor] Health monitor stopped
2026-02-25 23:43:34 |     INFO | MarketingAdvantageAI | [conflict_detection] Worker stopped
2026-02-25 23:43:34 |     INFO | MarketingAdvantageAI | [Scheduler] All tasks completed gracefully
2026-02-25 23:43:34 |     INFO | MarketingAdvantageAI | [Scheduler] Scheduler stopped
2026-02-25 23:43:52 |     INFO | MarketingAdvantageAI | [IngestionV2] ChromaDB client initialized at ./chroma_db
2026-02-25 23:43:52 |     INFO | MarketingAdvantageAI | [IngestionV2] Found ChromaDB collections: ['ingested_content']
2026-02-25 23:43:52 |     INFO | MarketingAdvantageAI | [IngestionV2] ✅ Connected to existing collection 'ingested_content'
2026-02-25 23:43:52 |     INFO | MarketingAdvantageAI | [WatcherIngestorV2] Background watcher started with FastAPI server.
2026-02-25 23:43:52 |     INFO | MarketingAdvantageAI | [Scheduler] Starting validation scheduler | validation_interval=60s | conflict_interval=120s | temporal_interval=300s
2026-02-25 23:43:52 |     INFO | MarketingAdvantageAI | [Scheduler] Started 4 background tasks (validation: True, conflict: True, temporal: True)
2026-02-25 23:43:52 |     INFO | MarketingAdvantageAI | [WatcherIngestorV2] 👀 Watching folder: C:\ProjectK\MarketingAdvantage_AI_v1\static\uploads\manual
2026-02-25 23:43:52 |     INFO | MarketingAdvantageAI | [agentic_validation] Worker started
2026-02-25 23:43:52 |     INFO | MarketingAdvantageAI | [conflict_detection] Worker started
2026-02-25 23:43:52 |     INFO | MarketingAdvantageAI | [temporal_revalidation] Worker started
2026-02-25 23:43:52 |     INFO | MarketingAdvantageAI | [HealthMonitor] Health monitor started
2026-02-25 23:44:52 |     INFO | MarketingAdvantageAI | [AgenticValidation] No rows pending validation.
2026-02-25 23:44:52 |     INFO | MarketingAdvantageAI | [agentic_validation] ✅ Run complete | processed=0 | duration=126ms
2026-02-25 23:45:52 |     INFO | MarketingAdvantageAI | [AgenticValidation] No rows pending validation.
2026-02-25 23:45:52 |     INFO | MarketingAdvantageAI | [agentic_validation] ✅ Run complete | processed=0 | duration=14ms
2026-02-25 23:46:02 |     INFO | MarketingAdvantageAI | [ConflictEngine] No rows pending conflict analysis.
2026-02-25 23:46:02 |     INFO | MarketingAdvantageAI | [conflict_detection] ✅ Run complete | processed=0 | duration=30ms
2026-02-25 23:46:41 |     INFO | MarketingAdvantageAI | [Scheduler] Initiating graceful shutdown...
2026-02-25 23:46:41 |     INFO | MarketingAdvantageAI | [temporal_revalidation] Worker stopped
2026-02-25 23:46:41 |     INFO | MarketingAdvantageAI | [HealthMonitor] Health monitor stopped
2026-02-25 23:46:41 |     INFO | MarketingAdvantageAI | [agentic_validation] Worker stopped
2026-02-25 23:46:41 |     INFO | MarketingAdvantageAI | [conflict_detection] Worker stopped
2026-02-25 23:46:41 |     INFO | MarketingAdvantageAI | [Scheduler] All tasks completed gracefully
2026-02-25 23:46:41 |     INFO | MarketingAdvantageAI | [Scheduler] Scheduler stopped
2026-02-25 23:46:59 |     INFO | MarketingAdvantageAI | [IngestionV2] ChromaDB client initialized at ./chroma_db
2026-02-25 23:46:59 |     INFO | MarketingAdvantageAI | [IngestionV2] Found ChromaDB collections: ['ingested_content']
2026-02-25 23:46:59 |     INFO | MarketingAdvantageAI | [IngestionV2] ✅ Connected to existing collection 'ingested_content'
2026-02-25 23:46:59 |     INFO | MarketingAdvantageAI | [WatcherIngestorV2] Background watcher started with FastAPI server.
2026-02-25 23:46:59 |     INFO | MarketingAdvantageAI | [Scheduler] Starting validation scheduler | validation_interval=60s | conflict_interval=120s | temporal_interval=300s
2026-02-25 23:46:59 |     INFO | MarketingAdvantageAI | [Scheduler] Started 4 background tasks (validation: True, conflict: True, temporal: True)
2026-02-25 23:46:59 |     INFO | MarketingAdvantageAI | [WatcherIngestorV2] 👀 Watching folder: C:\ProjectK\MarketingAdvantage_AI_v1\static\uploads\manual
2026-02-25 23:46:59 |     INFO | MarketingAdvantageAI | [agentic_validation] Worker started
2026-02-25 23:46:59 |     INFO | MarketingAdvantageAI | [conflict_detection] Worker started
2026-02-25 23:46:59 |     INFO | MarketingAdvantageAI | [temporal_revalidation] Worker started
2026-02-25 23:46:59 |     INFO | MarketingAdvantageAI | [HealthMonitor] Health monitor started
2026-02-25 23:47:59 |     INFO | MarketingAdvantageAI | [AgenticValidation] No rows pending validation.
2026-02-25 23:47:59 |     INFO | MarketingAdvantageAI | [agentic_validation] ✅ Run complete | processed=0 | duration=137ms
2026-02-25 23:48:59 |     INFO | MarketingAdvantageAI | [AgenticValidation] No rows pending validation.
2026-02-25 23:48:59 |     INFO | MarketingAdvantageAI | [agentic_validation] ✅ Run complete | processed=0 | duration=12ms
2026-02-25 23:49:09 |     INFO | MarketingAdvantageAI | [ConflictEngine] No rows pending conflict analysis.
2026-02-25 23:49:09 |     INFO | MarketingAdvantageAI | [conflict_detection] ✅ Run complete | processed=0 | duration=15ms
2026-02-25 23:49:59 |     INFO | MarketingAdvantageAI | [AgenticValidation] No rows pending validation.
2026-02-25 23:49:59 |     INFO | MarketingAdvantageAI | [agentic_validation] ✅ Run complete | processed=0 | duration=13ms
2026-02-25 23:50:59 |     INFO | MarketingAdvantageAI | [AgenticValidation] No rows pending validation.
2026-02-25 23:50:59 |     INFO | MarketingAdvantageAI | [agentic_validation] ✅ Run complete | processed=0 | duration=24ms
2026-02-25 23:51:09 |     INFO | MarketingAdvantageAI | [ConflictEngine] No rows pending conflict analysis.
2026-02-25 23:51:09 |     INFO | MarketingAdvantageAI | [conflict_detection] ✅ Run complete | processed=0 | duration=14ms
2026-02-25 23:51:59 |     INFO | MarketingAdvantageAI | [TemporalRevalidation] No rows pending temporal review.
2026-02-25 23:51:59 |     INFO | MarketingAdvantageAI | [temporal_revalidation] ✅ Run complete | processed=0 | duration=15ms
2026-02-25 23:51:59 |     INFO | MarketingAdvantageAI | [AgenticValidation] No rows pending validation.
2026-02-25 23:51:59 |     INFO | MarketingAdvantageAI | [agentic_validation] ✅ Run complete | processed=0 | duration=12ms
2026-02-25 23:52:59 |     INFO | MarketingAdvantageAI | [AgenticValidation] No rows pending validation.
2026-02-25 23:52:59 |     INFO | MarketingAdvantageAI | [agentic_validation] ✅ Run complete | processed=0 | duration=12ms
2026-02-25 23:53:09 |     INFO | MarketingAdvantageAI | [ConflictEngine] No rows pending conflict analysis.
2026-02-25 23:53:09 |     INFO | MarketingAdvantageAI | [conflict_detection] ✅ Run complete | processed=0 | duration=12ms
2026-02-25 23:53:59 |     INFO | MarketingAdvantageAI | [AgenticValidation] No rows pending validation.
2026-02-25 23:53:59 |     INFO | MarketingAdvantageAI | [agentic_validation] ✅ Run complete | processed=0 | duration=12ms
2026-02-25 23:54:59 |     INFO | MarketingAdvantageAI | [AgenticValidation] No rows pending validation.
2026-02-25 23:54:59 |     INFO | MarketingAdvantageAI | [agentic_validation] ✅ Run complete | processed=0 | duration=13ms
2026-02-25 23:55:09 |     INFO | MarketingAdvantageAI | [ConflictEngine] No rows pending conflict analysis.
2026-02-25 23:55:09 |     INFO | MarketingAdvantageAI | [conflict_detection] ✅ Run complete | processed=0 | duration=14ms
2026-02-25 23:55:59 |     INFO | MarketingAdvantageAI | [AgenticValidation] No rows pending validation.
2026-02-25 23:55:59 |     INFO | MarketingAdvantageAI | [agentic_validation] ✅ Run complete | processed=0 | duration=15ms
2026-02-25 23:56:59 |     INFO | MarketingAdvantageAI | [TemporalRevalidation] No rows pending temporal review.
2026-02-25 23:56:59 |     INFO | MarketingAdvantageAI | [temporal_revalidation] ✅ Run complete | processed=0 | duration=14ms
2026-02-25 23:56:59 |     INFO | MarketingAdvantageAI | [AgenticValidation] No rows pending validation.
2026-02-25 23:56:59 |     INFO | MarketingAdvantageAI | [agentic_validation] ✅ Run complete | processed=0 | duration=13ms
2026-02-25 23:57:09 |     INFO | MarketingAdvantageAI | [ConflictEngine] No rows pending conflict analysis.
2026-02-25 23:57:09 |     INFO | MarketingAdvantageAI | [conflict_detection] ✅ Run complete | processed=0 | duration=14ms
2026-02-25 23:57:59 |     INFO | MarketingAdvantageAI | [AgenticValidation] No rows pending validation.
2026-02-25 23:57:59 |     INFO | MarketingAdvantageAI | [agentic_validation] ✅ Run complete | processed=0 | duration=14ms
2026-02-25 23:58:59 |     INFO | MarketingAdvantageAI | [AgenticValidation] No rows pending validation.
2026-02-25 23:58:59 |     INFO | MarketingAdvantageAI | [agentic_validation] ✅ Run complete | processed=0 | duration=13ms
2026-02-25 23:59:09 |     INFO | MarketingAdvantageAI | [ConflictEngine] No rows pending conflict analysis.
2026-02-25 23:59:09 |     INFO | MarketingAdvantageAI | [conflict_detection] ✅ Run complete | processed=0 | duration=13ms
2026-02-25 23:59:59 |     INFO | MarketingAdvantageAI | [AgenticValidation] No rows pending validation.
2026-02-25 23:59:59 |     INFO | MarketingAdvantageAI | [agentic_validation] ✅ Run complete | processed=0 | duration=15ms
2026-02-26 00:00:59 |     INFO | MarketingAdvantageAI | [AgenticValidation] No rows pending validation.
2026-02-26 00:00:59 |     INFO | MarketingAdvantageAI | [agentic_validation] ✅ Run complete | processed=0 | duration=14ms
2026-02-26 00:01:09 |     INFO | MarketingAdvantageAI | [ConflictEngine] No rows pending conflict analysis.
2026-02-26 00:01:09 |     INFO | MarketingAdvantageAI | [conflict_detection] ✅ Run complete | processed=0 | duration=13ms
2026-02-26 00:01:59 |     INFO | MarketingAdvantageAI | [TemporalRevalidation] No rows pending temporal review.
2026-02-26 00:01:59 |     INFO | MarketingAdvantageAI | [temporal_revalidation] ✅ Run complete | processed=0 | duration=21ms
2026-02-26 00:01:59 |     INFO | MarketingAdvantageAI | [AgenticValidation] No rows pending validation.
2026-02-26 00:01:59 |     INFO | MarketingAdvantageAI | [agentic_validation] ✅ Run complete | processed=0 | duration=30ms
2026-02-26 00:02:59 |     INFO | MarketingAdvantageAI | [AgenticValidation] No rows pending validation.
2026-02-26 00:02:59 |     INFO | MarketingAdvantageAI | [agentic_validation] ✅ Run complete | processed=0 | duration=19ms
2026-02-26 00:03:09 |     INFO | MarketingAdvantageAI | [ConflictEngine] No rows pending conflict analysis.
2026-02-26 00:03:09 |     INFO | MarketingAdvantageAI | [conflict_detection] ✅ Run complete | processed=0 | duration=17ms
2026-02-26 00:03:59 |     INFO | MarketingAdvantageAI | [AgenticValidation] No rows pending validation.
2026-02-26 00:03:59 |     INFO | MarketingAdvantageAI | [agentic_validation] ✅ Run complete | processed=0 | duration=34ms
2026-02-26 00:04:51 |     INFO | MarketingAdvantageAI | [Scheduler] Initiating graceful shutdown...
2026-02-26 00:04:51 |     INFO | MarketingAdvantageAI | [temporal_revalidation] Worker stopped
2026-02-26 00:04:51 |     INFO | MarketingAdvantageAI | [conflict_detection] Worker stopped
2026-02-26 00:04:51 |     INFO | MarketingAdvantageAI | [HealthMonitor] Health monitor stopped
2026-02-26 00:04:51 |     INFO | MarketingAdvantageAI | [agentic_validation] Worker stopped
2026-02-26 00:04:51 |     INFO | MarketingAdvantageAI | [Scheduler] All tasks completed gracefully
2026-02-26 00:04:51 |     INFO | MarketingAdvantageAI | [Scheduler] Scheduler stopped
2026-02-26 00:05:15 |     INFO | MarketingAdvantageAI | [IngestionV2] ChromaDB client initialized at ./chroma_db
2026-02-26 00:05:15 |     INFO | MarketingAdvantageAI | [IngestionV2] Found ChromaDB collections: ['ingested_content']
2026-02-26 00:05:15 |     INFO | MarketingAdvantageAI | [IngestionV2] ✅ Connected to existing collection 'ingested_content'
2026-02-26 00:05:15 |     INFO | MarketingAdvantageAI | [WatcherIngestorV2] Background watcher started with FastAPI server.
2026-02-26 00:05:15 |     INFO | MarketingAdvantageAI | [Scheduler] Starting validation scheduler | validation_interval=60s | conflict_interval=120s | temporal_interval=300s
2026-02-26 00:05:15 |     INFO | MarketingAdvantageAI | [Scheduler] Started 4 background tasks (validation: True, conflict: True, temporal: True)
2026-02-26 00:05:15 |     INFO | MarketingAdvantageAI | [WatcherIngestorV2] 👀 Watching folder: C:\ProjectK\MarketingAdvantage_AI_v1\static\uploads\manual
2026-02-26 00:05:15 |     INFO | MarketingAdvantageAI | [agentic_validation] Worker started
2026-02-26 00:05:15 |     INFO | MarketingAdvantageAI | [conflict_detection] Worker started
2026-02-26 00:05:15 |     INFO | MarketingAdvantageAI | [temporal_revalidation] Worker started
2026-02-26 00:05:15 |     INFO | MarketingAdvantageAI | [HealthMonitor] Health monitor started
2026-02-26 00:06:08 |     INFO | MarketingAdvantageAI | [Scheduler] Initiating graceful shutdown...
2026-02-26 00:06:08 |     INFO | MarketingAdvantageAI | [agentic_validation] Worker stopped
2026-02-26 00:06:08 |     INFO | MarketingAdvantageAI | [temporal_revalidation] Worker stopped
2026-02-26 00:06:08 |     INFO | MarketingAdvantageAI | [HealthMonitor] Health monitor stopped
2026-02-26 00:06:08 |     INFO | MarketingAdvantageAI | [conflict_detection] Worker stopped
2026-02-26 00:06:08 |     INFO | MarketingAdvantageAI | [Scheduler] All tasks completed gracefully
2026-02-26 00:06:08 |     INFO | MarketingAdvantageAI | [Scheduler] Scheduler stopped
2026-02-26 00:06:31 |     INFO | MarketingAdvantageAI | [IngestionV2] ChromaDB client initialized at ./chroma_db
2026-02-26 00:06:31 |     INFO | MarketingAdvantageAI | [IngestionV2] Found ChromaDB collections: ['ingested_content']
2026-02-26 00:06:31 |     INFO | MarketingAdvantageAI | [IngestionV2] ✅ Connected to existing collection 'ingested_content'
2026-02-26 00:06:31 |     INFO | MarketingAdvantageAI | [WatcherIngestorV2] Background watcher started with FastAPI server.
2026-02-26 00:06:31 |     INFO | MarketingAdvantageAI | [Scheduler] Starting validation scheduler | validation_interval=60s | conflict_interval=120s | temporal_interval=300s
2026-02-26 00:06:31 |     INFO | MarketingAdvantageAI | [Scheduler] Started 4 background tasks (validation: True, conflict: True, temporal: True)
2026-02-26 00:06:31 |     INFO | MarketingAdvantageAI | [WatcherIngestorV2] 👀 Watching folder: C:\ProjectK\MarketingAdvantage_AI_v1\static\uploads\manual
2026-02-26 00:06:31 |     INFO | MarketingAdvantageAI | [agentic_validation] Worker started
2026-02-26 00:06:31 |     INFO | MarketingAdvantageAI | [conflict_detection] Worker started
2026-02-26 00:06:31 |     INFO | MarketingAdvantageAI | [temporal_revalidation] Worker started
2026-02-26 00:06:31 |     INFO | MarketingAdvantageAI | [HealthMonitor] Health monitor started
2026-02-26 00:07:31 |     INFO | MarketingAdvantageAI | [AgenticValidation] No rows pending validation.
2026-02-26 00:07:31 |     INFO | MarketingAdvantageAI | [agentic_validation] ✅ Run complete | processed=0 | duration=163ms
2026-02-26 00:07:55 |     INFO | MarketingAdvantageAI | [Scheduler] Initiating graceful shutdown...
2026-02-26 00:07:55 |     INFO | MarketingAdvantageAI | [temporal_revalidation] Worker stopped
2026-02-26 00:07:55 |     INFO | MarketingAdvantageAI | [conflict_detection] Worker stopped
2026-02-26 00:07:55 |     INFO | MarketingAdvantageAI | [HealthMonitor] Health monitor stopped
2026-02-26 00:07:55 |     INFO | MarketingAdvantageAI | [agentic_validation] Worker stopped
2026-02-26 00:07:55 |     INFO | MarketingAdvantageAI | [Scheduler] All tasks completed gracefully
2026-02-26 00:07:55 |     INFO | MarketingAdvantageAI | [Scheduler] Scheduler stopped
2026-02-26 00:08:19 |     INFO | MarketingAdvantageAI | [IngestionV2] ChromaDB client initialized at ./chroma_db
2026-02-26 00:08:19 |     INFO | MarketingAdvantageAI | [IngestionV2] Found ChromaDB collections: ['ingested_content']
2026-02-26 00:08:19 |     INFO | MarketingAdvantageAI | [IngestionV2] ✅ Connected to existing collection 'ingested_content'
2026-02-26 00:08:19 |     INFO | MarketingAdvantageAI | [WatcherIngestorV2] Background watcher started with FastAPI server.
2026-02-26 00:08:19 |     INFO | MarketingAdvantageAI | [Scheduler] Starting validation scheduler | validation_interval=60s | conflict_interval=120s | temporal_interval=300s
2026-02-26 00:08:19 |     INFO | MarketingAdvantageAI | [Scheduler] Started 4 background tasks (validation: True, conflict: True, temporal: True)
2026-02-26 00:08:19 |     INFO | MarketingAdvantageAI | [WatcherIngestorV2] 👀 Watching folder: C:\ProjectK\MarketingAdvantage_AI_v1\static\uploads\manual
2026-02-26 00:08:19 |     INFO | MarketingAdvantageAI | [agentic_validation] Worker started
2026-02-26 00:08:19 |     INFO | MarketingAdvantageAI | [conflict_detection] Worker started
2026-02-26 00:08:19 |     INFO | MarketingAdvantageAI | [temporal_revalidation] Worker started
2026-02-26 00:08:19 |     INFO | MarketingAdvantageAI | [HealthMonitor] Health monitor started
2026-02-26 00:09:19 |     INFO | MarketingAdvantageAI | [AgenticValidation] No rows pending validation.
2026-02-26 00:09:19 |     INFO | MarketingAdvantageAI | [agentic_validation] ✅ Run complete | processed=0 | duration=182ms
2026-02-26 00:10:19 |     INFO | MarketingAdvantageAI | [AgenticValidation] No rows pending validation.
2026-02-26 00:10:19 |     INFO | MarketingAdvantageAI | [agentic_validation] ✅ Run complete | processed=0 | duration=18ms
2026-02-26 00:10:29 |     INFO | MarketingAdvantageAI | [ConflictEngine] No rows pending conflict analysis.
2026-02-26 00:10:29 |     INFO | MarketingAdvantageAI | [conflict_detection] ✅ Run complete | processed=0 | duration=27ms
2026-02-26 00:11:19 |     INFO | MarketingAdvantageAI | [AgenticValidation] No rows pending validation.
2026-02-26 00:11:19 |     INFO | MarketingAdvantageAI | [agentic_validation] ✅ Run complete | processed=0 | duration=18ms
2026-02-26 00:12:19 |     INFO | MarketingAdvantageAI | [AgenticValidation] No rows pending validation.
2026-02-26 00:12:19 |     INFO | MarketingAdvantageAI | [agentic_validation] ✅ Run complete | processed=0 | duration=17ms
2026-02-26 02:12:31 |  WARNING | MarketingAdvantageAI | [HealthMonitor] Unhealthy workers detected: agentic_validation (stalled, 7212s since last run), conflict_detection (stalled, 7322s since last run)
2026-02-26 02:12:32 |     INFO | MarketingAdvantageAI | [AgenticValidation] No rows pending validation.
2026-02-26 02:12:32 |     INFO | MarketingAdvantageAI | [TemporalRevalidation] No rows pending temporal review.
2026-02-26 02:12:32 |     INFO | MarketingAdvantageAI | [ConflictEngine] No rows pending conflict analysis.
2026-02-26 02:12:32 |     INFO | MarketingAdvantageAI | [agentic_validation] ✅ Run complete | processed=0 | duration=628ms
2026-02-26 02:12:32 |     INFO | MarketingAdvantageAI | [temporal_revalidation] ✅ Run complete | processed=0 | duration=759ms
2026-02-26 02:12:32 |     INFO | MarketingAdvantageAI | [conflict_detection] ✅ Run complete | processed=0 | duration=1029ms
2026-02-26 06:31:37 |  WARNING | MarketingAdvantageAI | [HealthMonitor] Unhealthy workers detected: agentic_validation (stalled, 15546s since last run), conflict_detection (stalled, 15546s since last run), temporal_revalidation (stalled, 15546s since last run)
2026-02-26 06:31:37 |     INFO | MarketingAdvantageAI | [AgenticValidation] No rows pending validation.
2026-02-26 06:31:37 |     INFO | MarketingAdvantageAI | [TemporalRevalidation] No rows pending temporal review.
2026-02-26 06:31:37 |     INFO | MarketingAdvantageAI | [ConflictEngine] No rows pending conflict analysis.
2026-02-26 06:31:37 |     INFO | MarketingAdvantageAI | [agentic_validation] ✅ Run complete | processed=0 | duration=639ms
2026-02-26 06:31:37 |     INFO | MarketingAdvantageAI | [temporal_revalidation] ✅ Run complete | processed=0 | duration=556ms
2026-02-26 06:31:37 |     INFO | MarketingAdvantageAI | [conflict_detection] ✅ Run complete | processed=0 | duration=587ms
2026-02-26 09:14:10 |  WARNING | MarketingAdvantageAI | [HealthMonitor] Unhealthy workers detected: agentic_validation (stalled, 9753s since last run), conflict_detection (stalled, 9753s since last run), temporal_revalidation (stalled, 9753s since last run)
2026-02-26 09:14:11 |     INFO | MarketingAdvantageAI | [ConflictEngine] No rows pending conflict analysis.
2026-02-26 09:14:11 |     INFO | MarketingAdvantageAI | [AgenticValidation] No rows pending validation.
2026-02-26 09:14:11 |     INFO | MarketingAdvantageAI | [TemporalRevalidation] No rows pending temporal review.
2026-02-26 09:14:11 |     INFO | MarketingAdvantageAI | [conflict_detection] ✅ Run complete | processed=0 | duration=716ms
2026-02-26 09:14:11 |     INFO | MarketingAdvantageAI | [agentic_validation] ✅ Run complete | processed=0 | duration=735ms
2026-02-26 09:14:11 |     INFO | MarketingAdvantageAI | [temporal_revalidation] ✅ Run complete | processed=0 | duration=707ms
2026-02-26 09:15:11 |     INFO | MarketingAdvantageAI | [AgenticValidation] No rows pending validation.
2026-02-26 09:15:11 |     INFO | MarketingAdvantageAI | [agentic_validation] ✅ Run complete | processed=0 | duration=0ms
2026-02-26 09:16:11 |     INFO | MarketingAdvantageAI | [ConflictEngine] No rows pending conflict analysis.
2026-02-26 09:16:11 |     INFO | MarketingAdvantageAI | [AgenticValidation] No rows pending validation.
2026-02-26 09:16:11 |     INFO | MarketingAdvantageAI | [conflict_detection] ✅ Run complete | processed=0 | duration=13ms
2026-02-26 09:16:11 |     INFO | MarketingAdvantageAI | [agentic_validation] ✅ Run complete | processed=0 | duration=12ms
2026-02-26 09:17:11 |     INFO | MarketingAdvantageAI | [AgenticValidation] No rows pending validation.
2026-02-26 09:17:11 |     INFO | MarketingAdvantageAI | [agentic_validation] ✅ Run complete | processed=0 | duration=9ms
2026-02-26 09:18:11 |     INFO | MarketingAdvantageAI | [ConflictEngine] No rows pending conflict analysis.
2026-02-26 09:18:11 |     INFO | MarketingAdvantageAI | [conflict_detection] ✅ Run complete | processed=0 | duration=3ms
2026-02-26 09:18:11 |     INFO | MarketingAdvantageAI | [AgenticValidation] No rows pending validation.
2026-02-26 09:18:11 |     INFO | MarketingAdvantageAI | [agentic_validation] ✅ Run complete | processed=0 | duration=15ms
2026-02-26 09:19:11 |     INFO | MarketingAdvantageAI | [TemporalRevalidation] No rows pending temporal review.
2026-02-26 09:19:11 |     INFO | MarketingAdvantageAI | [temporal_revalidation] ✅ Run complete | processed=0 | duration=9ms
2026-02-26 09:19:11 |     INFO | MarketingAdvantageAI | [AgenticValidation] No rows pending validation.
2026-02-26 09:19:11 |     INFO | MarketingAdvantageAI | [agentic_validation] ✅ Run complete | processed=0 | duration=9ms
2026-02-26 09:20:11 |     INFO | MarketingAdvantageAI | [ConflictEngine] No rows pending conflict analysis.
2026-02-26 09:20:11 |     INFO | MarketingAdvantageAI | [conflict_detection] ✅ Run complete | processed=0 | duration=1ms
2026-02-26 09:20:11 |     INFO | MarketingAdvantageAI | [AgenticValidation] No rows pending validation.
2026-02-26 09:20:11 |     INFO | MarketingAdvantageAI | [agentic_validation] ✅ Run complete | processed=0 | duration=9ms
2026-02-26 09:21:11 |     INFO | MarketingAdvantageAI | [AgenticValidation] No rows pending validation.
2026-02-26 09:21:11 |     INFO | MarketingAdvantageAI | [agentic_validation] ✅ Run complete | processed=0 | duration=10ms
2026-02-26 09:22:11 |     INFO | MarketingAdvantageAI | [ConflictEngine] No rows pending conflict analysis.
2026-02-26 09:22:11 |     INFO | MarketingAdvantageAI | [conflict_detection] ✅ Run complete | processed=0 | duration=12ms
2026-02-26 09:22:11 |     INFO | MarketingAdvantageAI | [AgenticValidation] No rows pending validation.
2026-02-26 09:22:11 |     INFO | MarketingAdvantageAI | [agentic_validation] ✅ Run complete | processed=0 | duration=10ms
2026-02-26 09:23:11 |     INFO | MarketingAdvantageAI | [AgenticValidation] No rows pending validation.
2026-02-26 09:23:11 |     INFO | MarketingAdvantageAI | [agentic_validation] ✅ Run complete | processed=0 | duration=9ms
2026-02-26 09:24:11 |     INFO | MarketingAdvantageAI | [TemporalRevalidation] No rows pending temporal review.
2026-02-26 09:24:11 |     INFO | MarketingAdvantageAI | [temporal_revalidation] ✅ Run complete | processed=0 | duration=10ms
2026-02-26 09:24:11 |     INFO | MarketingAdvantageAI | [ConflictEngine] No rows pending conflict analysis.
2026-02-26 09:24:11 |     INFO | MarketingAdvantageAI | [conflict_detection] ✅ Run complete | processed=0 | duration=10ms
2026-02-26 09:24:11 |     INFO | MarketingAdvantageAI | [AgenticValidation] No rows pending validation.
2026-02-26 09:24:11 |     INFO | MarketingAdvantageAI | [agentic_validation] ✅ Run complete | processed=0 | duration=10ms
2026-02-26 09:25:11 |     INFO | MarketingAdvantageAI | [AgenticValidation] No rows pending validation.
2026-02-26 09:25:11 |     INFO | MarketingAdvantageAI | [agentic_validation] ✅ Run complete | processed=0 | duration=0ms
2026-02-26 09:26:11 |     INFO | MarketingAdvantageAI | [ConflictEngine] No rows pending conflict analysis.
2026-02-26 09:26:11 |     INFO | MarketingAdvantageAI | [conflict_detection] ✅ Run complete | processed=0 | duration=5ms
2026-02-26 09:26:11 |     INFO | MarketingAdvantageAI | [AgenticValidation] No rows pending validation.
2026-02-26 09:26:11 |     INFO | MarketingAdvantageAI | [agentic_validation] ✅ Run complete | processed=0 | duration=6ms
2026-02-26 09:27:11 |     INFO | MarketingAdvantageAI | [AgenticValidation] No rows pending validation.
2026-02-26 09:27:11 |     INFO | MarketingAdvantageAI | [agentic_validation] ✅ Run complete | processed=0 | duration=4ms
2026-02-26 09:27:52 |     INFO | MarketingAdvantageAI | [Scheduler] Initiating graceful shutdown...
2026-02-26 09:27:52 |     INFO | MarketingAdvantageAI | [temporal_revalidation] Worker stopped
2026-02-26 09:27:52 |     INFO | MarketingAdvantageAI | [conflict_detection] Worker stopped
2026-02-26 09:27:52 |     INFO | MarketingAdvantageAI | [HealthMonitor] Health monitor stopped
2026-02-26 09:27:52 |     INFO | MarketingAdvantageAI | [agentic_validation] Worker stopped
2026-02-26 09:27:52 |     INFO | MarketingAdvantageAI | [Scheduler] All tasks completed gracefully
2026-02-26 09:27:52 |     INFO | MarketingAdvantageAI | [Scheduler] Scheduler stopped
2026-02-26 09:28:26 |     INFO | MarketingAdvantageAI | [IngestionV2] ChromaDB client initialized at ./chroma_db
2026-02-26 09:28:26 |     INFO | MarketingAdvantageAI | [IngestionV2] Found ChromaDB collections: ['ingested_content']
2026-02-26 09:28:26 |     INFO | MarketingAdvantageAI | [IngestionV2] ✅ Connected to existing collection 'ingested_content'
2026-02-26 09:28:26 |     INFO | MarketingAdvantageAI | [WatcherIngestorV2] Background watcher started with FastAPI server.
2026-02-26 09:28:26 |     INFO | MarketingAdvantageAI | [Scheduler] Starting validation scheduler | validation_interval=60s | conflict_interval=120s | temporal_interval=300s
2026-02-26 09:28:26 |     INFO | MarketingAdvantageAI | [Scheduler] Started 4 background tasks (validation: True, conflict: True, temporal: True)
2026-02-26 09:28:26 |     INFO | MarketingAdvantageAI | [WatcherIngestorV2] 👀 Watching folder: C:\ProjectK\MarketingAdvantage_AI_v1\static\uploads\manual
2026-02-26 09:28:26 |     INFO | MarketingAdvantageAI | [agentic_validation] Worker started
2026-02-26 09:28:26 |     INFO | MarketingAdvantageAI | [conflict_detection] Worker started
2026-02-26 09:28:26 |     INFO | MarketingAdvantageAI | [temporal_revalidation] Worker started
2026-02-26 09:28:26 |     INFO | MarketingAdvantageAI | [HealthMonitor] Health monitor started
2026-02-26 09:28:26 |     INFO | MarketingAdvantageAI | [temporal_revalidation] Worker cancelled
2026-02-26 09:28:26 |     INFO | MarketingAdvantageAI | [temporal_revalidation] Worker stopped
2026-02-26 09:28:26 |     INFO | MarketingAdvantageAI | [HealthMonitor] Health monitor stopped
2026-02-26 09:28:26 |     INFO | MarketingAdvantageAI | [agentic_validation] Worker cancelled
2026-02-26 09:28:26 |     INFO | MarketingAdvantageAI | [agentic_validation] Worker stopped
2026-02-26 09:28:36 |     INFO | MarketingAdvantageAI | [IngestionV2] ChromaDB client initialized at ./chroma_db
2026-02-26 09:28:36 |     INFO | MarketingAdvantageAI | [IngestionV2] Found ChromaDB collections: ['ingested_content']
2026-02-26 09:28:36 |     INFO | MarketingAdvantageAI | [IngestionV2] ✅ Connected to existing collection 'ingested_content'
2026-02-26 09:28:36 |     INFO | MarketingAdvantageAI | [WatcherIngestorV2] Background watcher started with FastAPI server.
2026-02-26 09:28:36 |     INFO | MarketingAdvantageAI | [Scheduler] Starting validation scheduler | validation_interval=60s | conflict_interval=120s | temporal_interval=300s
2026-02-26 09:28:36 |     INFO | MarketingAdvantageAI | [Scheduler] Started 4 background tasks (validation: True, conflict: True, temporal: True)
2026-02-26 09:28:36 |     INFO | MarketingAdvantageAI | [WatcherIngestorV2] 👀 Watching folder: C:\ProjectK\MarketingAdvantage_AI_v1\static\uploads\manual
2026-02-26 09:28:36 |     INFO | MarketingAdvantageAI | [agentic_validation] Worker started
2026-02-26 09:28:36 |     INFO | MarketingAdvantageAI | [conflict_detection] Worker started
2026-02-26 09:28:36 |     INFO | MarketingAdvantageAI | [temporal_revalidation] Worker started
2026-02-26 09:28:36 |     INFO | MarketingAdvantageAI | [HealthMonitor] Health monitor started
2026-02-26 09:29:36 |     INFO | MarketingAdvantageAI | [AgenticValidation] No rows pending validation.
2026-02-26 09:29:36 |     INFO | MarketingAdvantageAI | [agentic_validation] ✅ Run complete | processed=0 | duration=76ms
2026-02-26 09:30:36 |     INFO | MarketingAdvantageAI | [AgenticValidation] No rows pending validation.
2026-02-26 09:30:36 |     INFO | MarketingAdvantageAI | [agentic_validation] ✅ Run complete | processed=0 | duration=5ms
2026-02-26 09:30:46 |     INFO | MarketingAdvantageAI | [ConflictEngine] No rows pending conflict analysis.
2026-02-26 09:30:46 |     INFO | MarketingAdvantageAI | [conflict_detection] ✅ Run complete | processed=0 | duration=0ms
2026-02-26 09:31:36 |     INFO | MarketingAdvantageAI | [AgenticValidation] No rows pending validation.
2026-02-26 09:31:36 |     INFO | MarketingAdvantageAI | [agentic_validation] ✅ Run complete | processed=0 | duration=10ms
2026-02-26 09:32:36 |     INFO | MarketingAdvantageAI | [AgenticValidation] No rows pending validation.
2026-02-26 09:32:36 |     INFO | MarketingAdvantageAI | [agentic_validation] ✅ Run complete | processed=0 | duration=10ms
2026-02-26 09:32:46 |     INFO | MarketingAdvantageAI | [ConflictEngine] No rows pending conflict analysis.
2026-02-26 09:32:46 |     INFO | MarketingAdvantageAI | [conflict_detection] ✅ Run complete | processed=0 | duration=2ms
2026-02-26 09:33:05 |     INFO | MarketingAdvantageAI | [Scheduler] Initiating graceful shutdown...
2026-02-26 09:33:05 |     INFO | MarketingAdvantageAI | [temporal_revalidation] Worker stopped
2026-02-26 09:33:05 |     INFO | MarketingAdvantageAI | [HealthMonitor] Health monitor stopped
2026-02-26 09:33:05 |     INFO | MarketingAdvantageAI | [agentic_validation] Worker stopped
2026-02-26 09:33:05 |     INFO | MarketingAdvantageAI | [conflict_detection] Worker stopped
2026-02-26 09:33:05 |     INFO | MarketingAdvantageAI | [Scheduler] All tasks completed gracefully
2026-02-26 09:33:05 |     INFO | MarketingAdvantageAI | [Scheduler] Scheduler stopped
2026-02-26 09:33:15 |     INFO | MarketingAdvantageAI | [IngestionV2] ChromaDB client initialized at ./chroma_db
2026-02-26 09:33:15 |     INFO | MarketingAdvantageAI | [IngestionV2] Found ChromaDB collections: ['ingested_content']
2026-02-26 09:33:15 |     INFO | MarketingAdvantageAI | [IngestionV2] ✅ Connected to existing collection 'ingested_content'
2026-02-26 09:33:15 |     INFO | MarketingAdvantageAI | [WatcherIngestorV2] Background watcher started with FastAPI server.
2026-02-26 09:33:15 |     INFO | MarketingAdvantageAI | [Scheduler] Starting validation scheduler | validation_interval=60s | conflict_interval=120s | temporal_interval=300s
2026-02-26 09:33:15 |     INFO | MarketingAdvantageAI | [Scheduler] Started 4 background tasks (validation: True, conflict: True, temporal: True)
2026-02-26 09:33:15 |     INFO | MarketingAdvantageAI | [WatcherIngestorV2] 👀 Watching folder: C:\ProjectK\MarketingAdvantage_AI_v1\static\uploads\manual
2026-02-26 09:33:15 |     INFO | MarketingAdvantageAI | [agentic_validation] Worker started
2026-02-26 09:33:15 |     INFO | MarketingAdvantageAI | [conflict_detection] Worker started
2026-02-26 09:33:15 |     INFO | MarketingAdvantageAI | [temporal_revalidation] Worker started
2026-02-26 09:33:15 |     INFO | MarketingAdvantageAI | [HealthMonitor] Health monitor started
2026-02-26 09:34:15 |     INFO | MarketingAdvantageAI | [AgenticValidation] No rows pending validation.
2026-02-26 09:34:15 |     INFO | MarketingAdvantageAI | [agentic_validation] ✅ Run complete | processed=0 | duration=79ms
2026-02-26 09:34:51 |     INFO | MarketingAdvantageAI | [Scheduler] Initiating graceful shutdown...
2026-02-26 09:34:51 |     INFO | MarketingAdvantageAI | [temporal_revalidation] Worker stopped
2026-02-26 09:34:51 |     INFO | MarketingAdvantageAI | [conflict_detection] Worker stopped
2026-02-26 09:34:51 |     INFO | MarketingAdvantageAI | [HealthMonitor] Health monitor stopped
2026-02-26 09:34:51 |     INFO | MarketingAdvantageAI | [agentic_validation] Worker stopped
2026-02-26 09:34:51 |     INFO | MarketingAdvantageAI | [Scheduler] All tasks completed gracefully
2026-02-26 09:34:51 |     INFO | MarketingAdvantageAI | [Scheduler] Scheduler stopped
2026-02-26 09:35:00 |     INFO | MarketingAdvantageAI | [IngestionV2] ChromaDB client initialized at ./chroma_db
2026-02-26 09:35:00 |     INFO | MarketingAdvantageAI | [IngestionV2] Found ChromaDB collections: ['ingested_content']
2026-02-26 09:35:00 |     INFO | MarketingAdvantageAI | [IngestionV2] ✅ Connected to existing collection 'ingested_content'
2026-02-26 09:35:00 |     INFO | MarketingAdvantageAI | [WatcherIngestorV2] Background watcher started with FastAPI server.
2026-02-26 09:35:00 |     INFO | MarketingAdvantageAI | [Scheduler] Starting validation scheduler | validation_interval=60s | conflict_interval=120s | temporal_interval=300s
2026-02-26 09:35:00 |     INFO | MarketingAdvantageAI | [Scheduler] Started 4 background tasks (validation: True, conflict: True, temporal: True)
2026-02-26 09:35:00 |     INFO | MarketingAdvantageAI | [WatcherIngestorV2] 👀 Watching folder: C:\ProjectK\MarketingAdvantage_AI_v1\static\uploads\manual
2026-02-26 09:35:00 |     INFO | MarketingAdvantageAI | [agentic_validation] Worker started
2026-02-26 09:35:00 |     INFO | MarketingAdvantageAI | [conflict_detection] Worker started
2026-02-26 09:35:00 |     INFO | MarketingAdvantageAI | [temporal_revalidation] Worker started
2026-02-26 09:35:00 |     INFO | MarketingAdvantageAI | [HealthMonitor] Health monitor started
2026-02-26 09:36:00 |     INFO | MarketingAdvantageAI | [AgenticValidation] No rows pending validation.
2026-02-26 09:36:00 |     INFO | MarketingAdvantageAI | [agentic_validation] ✅ Run complete | processed=0 | duration=74ms
2026-02-26 09:37:00 |     INFO | MarketingAdvantageAI | [AgenticValidation] No rows pending validation.
2026-02-26 09:37:00 |     INFO | MarketingAdvantageAI | [agentic_validation] ✅ Run complete | processed=0 | duration=0ms
2026-02-26 09:37:10 |     INFO | MarketingAdvantageAI | [ConflictEngine] No rows pending conflict analysis.
2026-02-26 09:37:10 |     INFO | MarketingAdvantageAI | [conflict_detection] ✅ Run complete | processed=0 | duration=7ms
2026-02-26 09:37:36 |     INFO | MarketingAdvantageAI | [Scheduler] Initiating graceful shutdown...
2026-02-26 09:37:36 |     INFO | MarketingAdvantageAI | [temporal_revalidation] Worker stopped
2026-02-26 09:37:36 |     INFO | MarketingAdvantageAI | [HealthMonitor] Health monitor stopped
2026-02-26 09:37:36 |     INFO | MarketingAdvantageAI | [agentic_validation] Worker stopped
2026-02-26 09:37:36 |     INFO | MarketingAdvantageAI | [conflict_detection] Worker stopped
2026-02-26 09:37:36 |     INFO | MarketingAdvantageAI | [Scheduler] All tasks completed gracefully
2026-02-26 09:37:36 |     INFO | MarketingAdvantageAI | [Scheduler] Scheduler stopped
2026-02-26 09:37:45 |     INFO | MarketingAdvantageAI | [IngestionV2] ChromaDB client initialized at ./chroma_db
2026-02-26 09:37:45 |     INFO | MarketingAdvantageAI | [IngestionV2] Found ChromaDB collections: ['ingested_content']
2026-02-26 09:37:45 |     INFO | MarketingAdvantageAI | [IngestionV2] ✅ Connected to existing collection 'ingested_content'
2026-02-26 09:37:45 |     INFO | MarketingAdvantageAI | [WatcherIngestorV2] Background watcher started with FastAPI server.
2026-02-26 09:37:45 |     INFO | MarketingAdvantageAI | [Scheduler] Starting validation scheduler | validation_interval=60s | conflict_interval=120s | temporal_interval=300s
2026-02-26 09:37:45 |     INFO | MarketingAdvantageAI | [Scheduler] Started 4 background tasks (validation: True, conflict: True, temporal: True)
2026-02-26 09:37:45 |     INFO | MarketingAdvantageAI | [WatcherIngestorV2] 👀 Watching folder: C:\ProjectK\MarketingAdvantage_AI_v1\static\uploads\manual
2026-02-26 09:37:45 |     INFO | MarketingAdvantageAI | [agentic_validation] Worker started
2026-02-26 09:37:45 |     INFO | MarketingAdvantageAI | [conflict_detection] Worker started
2026-02-26 09:37:45 |     INFO | MarketingAdvantageAI | [temporal_revalidation] Worker started
2026-02-26 09:37:45 |     INFO | MarketingAdvantageAI | [HealthMonitor] Health monitor started
2026-02-26 09:38:45 |     INFO | MarketingAdvantageAI | [AgenticValidation] No rows pending validation.
2026-02-26 09:38:45 |     INFO | MarketingAdvantageAI | [agentic_validation] ✅ Run complete | processed=0 | duration=76ms
2026-02-26 09:39:45 |     INFO | MarketingAdvantageAI | [AgenticValidation] No rows pending validation.
2026-02-26 09:39:45 |     INFO | MarketingAdvantageAI | [agentic_validation] ✅ Run complete | processed=0 | duration=5ms
2026-02-26 09:39:55 |     INFO | MarketingAdvantageAI | [ConflictEngine] No rows pending conflict analysis.
2026-02-26 09:39:55 |     INFO | MarketingAdvantageAI | [conflict_detection] ✅ Run complete | processed=0 | duration=13ms
2026-02-26 09:40:45 |     INFO | MarketingAdvantageAI | [AgenticValidation] No rows pending validation.
2026-02-26 09:40:45 |     INFO | MarketingAdvantageAI | [agentic_validation] ✅ Run complete | processed=0 | duration=8ms
2026-02-26 09:41:45 |     INFO | MarketingAdvantageAI | [AgenticValidation] No rows pending validation.
2026-02-26 09:41:45 |     INFO | MarketingAdvantageAI | [agentic_validation] ✅ Run complete | processed=0 | duration=1ms
2026-02-26 09:41:55 |     INFO | MarketingAdvantageAI | [ConflictEngine] No rows pending conflict analysis.
2026-02-26 09:41:55 |     INFO | MarketingAdvantageAI | [conflict_detection] ✅ Run complete | processed=0 | duration=8ms
2026-02-26 09:42:45 |     INFO | MarketingAdvantageAI | [TemporalRevalidation] No rows pending temporal review.
2026-02-26 09:42:45 |     INFO | MarketingAdvantageAI | [temporal_revalidation] ✅ Run complete | processed=0 | duration=14ms
2026-02-26 09:42:45 |     INFO | MarketingAdvantageAI | [AgenticValidation] No rows pending validation.
2026-02-26 09:42:45 |     INFO | MarketingAdvantageAI | [agentic_validation] ✅ Run complete | processed=0 | duration=9ms
2026-02-26 09:43:25 |     INFO | MarketingAdvantageAI | [Scheduler] Initiating graceful shutdown...
2026-02-26 09:43:25 |     INFO | MarketingAdvantageAI | [conflict_detection] Worker stopped
2026-02-26 09:43:25 |     INFO | MarketingAdvantageAI | [HealthMonitor] Health monitor stopped
2026-02-26 09:43:25 |     INFO | MarketingAdvantageAI | [temporal_revalidation] Worker stopped
2026-02-26 09:43:25 |     INFO | MarketingAdvantageAI | [agentic_validation] Worker stopped
2026-02-26 09:43:25 |     INFO | MarketingAdvantageAI | [Scheduler] All tasks completed gracefully
2026-02-26 09:43:25 |     INFO | MarketingAdvantageAI | [Scheduler] Scheduler stopped
2026-02-26 09:43:54 |     INFO | MarketingAdvantageAI | [IngestionV2] ChromaDB client initialized at ./chroma_db
2026-02-26 09:43:54 |     INFO | MarketingAdvantageAI | [IngestionV2] Found ChromaDB collections: ['ingested_content']
2026-02-26 09:43:54 |     INFO | MarketingAdvantageAI | [IngestionV2] ✅ Connected to existing collection 'ingested_content'
2026-02-26 09:43:54 |     INFO | MarketingAdvantageAI | [WatcherIngestorV2] Background watcher started with FastAPI server.
2026-02-26 09:43:54 |     INFO | MarketingAdvantageAI | [Scheduler] Starting validation scheduler | validation_interval=60s | conflict_interval=120s | temporal_interval=300s
2026-02-26 09:43:54 |     INFO | MarketingAdvantageAI | [Scheduler] Started 4 background tasks (validation: True, conflict: True, temporal: True)
2026-02-26 09:43:54 |     INFO | MarketingAdvantageAI | [WatcherIngestorV2] 👀 Watching folder: C:\ProjectK\MarketingAdvantage_AI_v1\static\uploads\manual
2026-02-26 09:43:54 |     INFO | MarketingAdvantageAI | [agentic_validation] Worker started
2026-02-26 09:43:54 |     INFO | MarketingAdvantageAI | [conflict_detection] Worker started
2026-02-26 09:43:54 |     INFO | MarketingAdvantageAI | [temporal_revalidation] Worker started
2026-02-26 09:43:54 |     INFO | MarketingAdvantageAI | [HealthMonitor] Health monitor started
2026-02-26 09:44:54 |     INFO | MarketingAdvantageAI | [AgenticValidation] No rows pending validation.
2026-02-26 09:44:54 |     INFO | MarketingAdvantageAI | [agentic_validation] ✅ Run complete | processed=0 | duration=68ms
2026-02-26 09:45:54 |     INFO | MarketingAdvantageAI | [AgenticValidation] No rows pending validation.
2026-02-26 09:45:54 |     INFO | MarketingAdvantageAI | [agentic_validation] ✅ Run complete | processed=0 | duration=2ms
2026-02-26 09:46:04 |     INFO | MarketingAdvantageAI | [ConflictEngine] No rows pending conflict analysis.
2026-02-26 09:46:04 |     INFO | MarketingAdvantageAI | [conflict_detection] ✅ Run complete | processed=0 | duration=7ms
2026-02-26 09:46:54 |     INFO | MarketingAdvantageAI | [AgenticValidation] No rows pending validation.
2026-02-26 09:46:54 |     INFO | MarketingAdvantageAI | [agentic_validation] ✅ Run complete | processed=0 | duration=13ms
2026-02-26 09:47:54 |     INFO | MarketingAdvantageAI | [AgenticValidation] No rows pending validation.
2026-02-26 09:47:54 |     INFO | MarketingAdvantageAI | [agentic_validation] ✅ Run complete | processed=0 | duration=8ms
2026-02-26 09:48:04 |     INFO | MarketingAdvantageAI | [ConflictEngine] No rows pending conflict analysis.
2026-02-26 09:48:04 |     INFO | MarketingAdvantageAI | [conflict_detection] ✅ Run complete | processed=0 | duration=10ms
2026-02-26 09:48:54 |     INFO | MarketingAdvantageAI | [TemporalRevalidation] No rows pending temporal review.
2026-02-26 09:48:54 |     INFO | MarketingAdvantageAI | [temporal_revalidation] ✅ Run complete | processed=0 | duration=4ms
2026-02-26 09:48:54 |     INFO | MarketingAdvantageAI | [AgenticValidation] No rows pending validation.
2026-02-26 09:48:54 |     INFO | MarketingAdvantageAI | [agentic_validation] ✅ Run complete | processed=0 | duration=10ms
2026-02-26 09:49:54 |     INFO | MarketingAdvantageAI | [AgenticValidation] No rows pending validation.
2026-02-26 09:49:54 |     INFO | MarketingAdvantageAI | [agentic_validation] ✅ Run complete | processed=0 | duration=8ms
2026-02-26 09:50:04 |     INFO | MarketingAdvantageAI | [ConflictEngine] No rows pending conflict analysis.
2026-02-26 09:50:04 |     INFO | MarketingAdvantageAI | [conflict_detection] ✅ Run complete | processed=0 | duration=8ms
2026-02-26 09:50:54 |     INFO | MarketingAdvantageAI | [AgenticValidation] No rows pending validation.
2026-02-26 09:50:54 |     INFO | MarketingAdvantageAI | [agentic_validation] ✅ Run complete | processed=0 | duration=12ms
2026-02-26 09:51:54 |     INFO | MarketingAdvantageAI | [AgenticValidation] No rows pending validation.
2026-02-26 09:51:54 |     INFO | MarketingAdvantageAI | [agentic_validation] ✅ Run complete | processed=0 | duration=6ms
2026-02-26 09:52:04 |     INFO | MarketingAdvantageAI | [ConflictEngine] No rows pending conflict analysis.
2026-02-26 09:52:04 |     INFO | MarketingAdvantageAI | [conflict_detection] ✅ Run complete | processed=0 | duration=12ms
2026-02-26 09:52:54 |     INFO | MarketingAdvantageAI | [AgenticValidation] No rows pending validation.
2026-02-26 09:52:54 |     INFO | MarketingAdvantageAI | [agentic_validation] ✅ Run complete | processed=0 | duration=14ms
2026-02-26 09:53:54 |     INFO | MarketingAdvantageAI | [TemporalRevalidation] No rows pending temporal review.
2026-02-26 09:53:54 |     INFO | MarketingAdvantageAI | [temporal_revalidation] ✅ Run complete | processed=0 | duration=7ms
2026-02-26 09:53:54 |     INFO | MarketingAdvantageAI | [AgenticValidation] No rows pending validation.
2026-02-26 09:53:54 |     INFO | MarketingAdvantageAI | [agentic_validation] ✅ Run complete | processed=0 | duration=6ms
2026-02-26 09:54:04 |     INFO | MarketingAdvantageAI | [ConflictEngine] No rows pending conflict analysis.
2026-02-26 09:54:04 |     INFO | MarketingAdvantageAI | [conflict_detection] ✅ Run complete | processed=0 | duration=11ms
2026-02-26 09:54:54 |     INFO | MarketingAdvantageAI | [AgenticValidation] No rows pending validation.
2026-02-26 09:54:54 |     INFO | MarketingAdvantageAI | [agentic_validation] ✅ Run complete | processed=0 | duration=5ms
2026-02-26 09:55:54 |     INFO | MarketingAdvantageAI | [AgenticValidation] No rows pending validation.
2026-02-26 09:55:54 |     INFO | MarketingAdvantageAI | [agentic_validation] ✅ Run complete | processed=0 | duration=16ms
2026-02-26 09:56:04 |     INFO | MarketingAdvantageAI | [ConflictEngine] No rows pending conflict analysis.
2026-02-26 09:56:04 |     INFO | MarketingAdvantageAI | [conflict_detection] ✅ Run complete | processed=0 | duration=6ms
2026-02-26 09:56:54 |     INFO | MarketingAdvantageAI | [AgenticValidation] No rows pending validation.
2026-02-26 09:56:54 |     INFO | MarketingAdvantageAI | [agentic_validation] ✅ Run complete | processed=0 | duration=7ms
2026-02-26 09:57:54 |     INFO | MarketingAdvantageAI | [AgenticValidation] No rows pending validation.
2026-02-26 09:57:54 |     INFO | MarketingAdvantageAI | [agentic_validation] ✅ Run complete | processed=0 | duration=14ms
2026-02-26 09:58:04 |     INFO | MarketingAdvantageAI | [ConflictEngine] No rows pending conflict analysis.
2026-02-26 09:58:04 |     INFO | MarketingAdvantageAI | [conflict_detection] ✅ Run complete | processed=0 | duration=14ms
2026-02-26 09:58:54 |     INFO | MarketingAdvantageAI | [TemporalRevalidation] No rows pending temporal review.
2026-02-26 09:58:54 |     INFO | MarketingAdvantageAI | [temporal_revalidation] ✅ Run complete | processed=0 | duration=12ms
2026-02-26 09:58:54 |     INFO | MarketingAdvantageAI | [AgenticValidation] No rows pending validation.
2026-02-26 09:58:54 |     INFO | MarketingAdvantageAI | [agentic_validation] ✅ Run complete | processed=0 | duration=7ms
2026-02-26 09:59:54 |     INFO | MarketingAdvantageAI | [AgenticValidation] No rows pending validation.
2026-02-26 09:59:54 |     INFO | MarketingAdvantageAI | [agentic_validation] ✅ Run complete | processed=0 | duration=22ms
2026-02-26 10:00:04 |     INFO | MarketingAdvantageAI | [ConflictEngine] No rows pending conflict analysis.
2026-02-26 10:00:04 |     INFO | MarketingAdvantageAI | [conflict_detection] ✅ Run complete | processed=0 | duration=16ms
2026-02-26 10:00:31 |     INFO | MarketingAdvantageAI | [WatcherIngestorV2] 📥 Detected new file → FINAL_REVIEW_APPROVED.txt
2026-02-26 10:00:31 |     INFO | MarketingAdvantageAI | [text_parser_v2] Reading text file: static\uploads\api\FINAL_REVIEW_APPROVED_083defcb983b497191475a43c7053e98.txt
2026-02-26 10:00:31 |     INFO | MarketingAdvantageAI | [text_parser_v2] LLM normalization skipped (disabled).
2026-02-26 10:00:32 |     INFO | MarketingAdvantageAI | [segmenter_v2] Added/Updated GCI entry 616ffdce...)
2026-02-26 10:00:32 |     INFO | MarketingAdvantageAI | [segmenter_v2] Added/Updated GCI entry 577e81ec...)
2026-02-26 10:00:32 |     INFO | MarketingAdvantageAI | [segmenter_v2] Added/Updated GCI entry 526c7859...)
2026-02-26 10:00:32 |     INFO | MarketingAdvantageAI | [segmenter_v2] Added/Updated GCI entry f82b35f6...)
2026-02-26 10:00:32 |     INFO | MarketingAdvantageAI | [segmenter_v2] Added/Updated GCI entry d85e8d7b...)
2026-02-26 10:00:32 |     INFO | MarketingAdvantageAI | [segmenter_v2] Added/Updated GCI entry e8373cf5...)
2026-02-26 10:00:32 |     INFO | MarketingAdvantageAI | [segmenter_v2] Added/Updated GCI entry 92d12725...)
2026-02-26 10:00:32 |     INFO | MarketingAdvantageAI | [segmenter_v2] Added/Updated GCI entry 4e136a6f...)
2026-02-26 10:00:32 |     INFO | MarketingAdvantageAI | [segmenter_v2] Added/Updated GCI entry 0cb6fd8f...)
2026-02-26 10:00:32 |     INFO | MarketingAdvantageAI | [segmenter_v2] Added/Updated GCI entry 03fc3ef3...)
2026-02-26 10:00:32 |     INFO | MarketingAdvantageAI | [segmenter_v2] Added/Updated GCI entry 7408fef8...)
2026-02-26 10:00:32 |     INFO | MarketingAdvantageAI | [segmenter_v2] Added/Updated GCI entry 7a8bea68...)
2026-02-26 10:00:32 |     INFO | MarketingAdvantageAI | [segmenter_v2] Added/Updated GCI entry 27ba20d0...)
2026-02-26 10:00:32 |     INFO | MarketingAdvantageAI | [segmenter_v2] Added/Updated GCI entry e242c427...)
2026-02-26 10:00:32 |     INFO | MarketingAdvantageAI | [segmenter_v2] Added/Updated GCI entry 0fcf5b46...)
2026-02-26 10:00:32 |     INFO | MarketingAdvantageAI | [segmenter_v2] Added/Updated GCI entry abb41d6d...)
2026-02-26 10:00:32 |     INFO | MarketingAdvantageAI | [segmenter_v2] Added/Updated GCI entry f04701c1...)
2026-02-26 10:00:32 |     INFO | MarketingAdvantageAI | [segmenter_v2] Added/Updated GCI entry 616ffdce...)
2026-02-26 10:00:32 |     INFO | MarketingAdvantageAI | [segmenter_v2] Added/Updated GCI entry 577e81ec...)
2026-02-26 10:00:32 |     INFO | MarketingAdvantageAI | [segmenter_v2] Added/Updated GCI entry f66c39b6...)
2026-02-26 10:00:32 |     INFO | MarketingAdvantageAI | [segmenter_v2] Added/Updated GCI entry 2036dc7f...)
2026-02-26 10:00:32 |     INFO | MarketingAdvantageAI | [segmenter_v2] Added/Updated GCI entry 2a3ee71f...)
2026-02-26 10:00:32 |     INFO | MarketingAdvantageAI | [segmenter_v2] Added/Updated GCI entry e148e617...)
2026-02-26 10:00:32 |     INFO | MarketingAdvantageAI | [segmenter_v2] Added/Updated GCI entry 2bc41c8a...)
2026-02-26 10:00:32 |     INFO | MarketingAdvantageAI | [segmenter_v2] Added/Updated GCI entry 526c7859...)
2026-02-26 10:00:32 |     INFO | MarketingAdvantageAI | [segmenter_v2] Added/Updated GCI entry f82b35f6...)
2026-02-26 10:00:32 |     INFO | MarketingAdvantageAI | [segmenter_v2] Added/Updated GCI entry d85e8d7b...)
2026-02-26 10:00:32 |     INFO | MarketingAdvantageAI | [segmenter_v2] Added/Updated GCI entry e8373cf5...)
2026-02-26 10:00:32 |     INFO | MarketingAdvantageAI | [segmenter_v2] Added/Updated GCI entry 92d12725...)
2026-02-26 10:00:32 |     INFO | MarketingAdvantageAI | [segmenter_v2] Added/Updated GCI entry 4e136a6f...)
2026-02-26 10:00:32 |     INFO | MarketingAdvantageAI | [segmenter_v2] Added/Updated GCI entry ae52c1b1...)
2026-02-26 10:00:32 |     INFO | MarketingAdvantageAI | [segmenter_v2] Added/Updated GCI entry ad2f0a62...)
2026-02-26 10:00:32 |     INFO | MarketingAdvantageAI | [segmenter_v2] Added/Updated GCI entry f71194b0...)
2026-02-26 10:00:32 |     INFO | MarketingAdvantageAI | [segmenter_v2] Added/Updated GCI entry dd862d21...)
2026-02-26 10:00:32 |     INFO | MarketingAdvantageAI | [segmenter_v2] Added/Updated GCI entry 6c5be893...)
2026-02-26 10:00:32 |     INFO | MarketingAdvantageAI | [segmenter_v2] Added/Updated GCI entry 4cdfd26b...)
2026-02-26 10:00:32 |     INFO | MarketingAdvantageAI | [segmenter_v2] Added/Updated GCI entry 8f5df969...)
2026-02-26 10:00:32 |     INFO | MarketingAdvantageAI | [segmenter_v2] Added/Updated GCI entry 8d372752...)
2026-02-26 10:00:32 |     INFO | MarketingAdvantageAI | [ERROR] Direct ingestion failed for ac789f74-9b32-4112-86ca-35c39e637375: An instance of Chroma already exists for ./chroma_db with different settings
2026-02-26 10:00:32 |     INFO | MarketingAdvantageAI | [file_router_v2] ✅ Ingestion complete for FINAL_REVIEW_APPROVED.txt
2026-02-26 10:00:32 |     INFO | MarketingAdvantageAI | [MediaHook] Handling media for file: static\uploads\api\FINAL_REVIEW_APPROVED_083defcb983b497191475a43c7053e98.txt
2026-02-26 10:00:32 |     INFO | MarketingAdvantageAI | [MediaHook] No media action taken
2026-02-26 10:00:32 |     INFO | MarketingAdvantageAI | [WatcherIngestorV2] ✅ Auto-ingested FINAL_REVIEW_APPROVED.txt: status=ingested
2026-02-26 10:00:54 |     INFO | MarketingAdvantageAI | [AgenticValidation] No rows pending validation.
2026-02-26 10:00:54 |     INFO | MarketingAdvantageAI | [agentic_validation] ✅ Run complete | processed=0 | duration=14ms
2026-02-26 10:01:13 |     INFO | MarketingAdvantageAI | [WatcherIngestorV2] 🎧 Detected audio file → 78f6f9a7-6076-4305-a9e0-19db511a50c8_The 9 Most Overused Therapy Words-Learn Real English Ep 839-286116.mp3
2026-02-26 10:01:13 |     INFO | MarketingAdvantageAI | [MediaHook] Handling media for file: C:\ProjectK\MarketingAdvantage_AI_v1\./static/uploads/manual\78f6f9a7-6076-4305-a9e0-19db511a50c8_The 9 Most Overused Therapy Words-Learn Real English Ep 839-286116.mp3
2026-02-26 10:01:13 |     INFO | MarketingAdvantageAI | [MediaHook] Routing standalone audio
2026-02-26 10:01:13 |     INFO | MarketingAdvantageAI | [AudioIngestorV1] 🎧 Processing audio: C:\ProjectK\MarketingAdvantage_AI_v1\./static/uploads/manual\78f6f9a7-6076-4305-a9e0-19db511a50c8_The 9 Most Overused Therapy Words-Learn Real English Ep 839-286116.mp3
2026-02-26 10:01:13 |  WARNING | MarketingAdvantageAI | [MediaHash] Chromaprint failed, using librosa fallback: fpcalc not found
2026-02-26 10:01:20 |     INFO | MarketingAdvantageAI | [MediaHash] Audio fingerprint (librosa) computed: 6de290119c62...
2026-02-26 10:01:20 |     INFO | MarketingAdvantageAI | [AudioIngestorV1] ✅ Unique audio confirmed, proceeding with ingestion
2026-02-26 10:01:20 |     INFO | MarketingAdvantageAI | [AudioIngestorV1] Loading Whisper model (singleton)
2026-02-26 10:01:54 |     INFO | MarketingAdvantageAI | [AgenticValidation] No rows pending validation.
2026-02-26 10:01:54 |     INFO | MarketingAdvantageAI | [agentic_validation] ✅ Run complete | processed=0 | duration=14ms
2026-02-26 10:02:04 |     INFO | MarketingAdvantageAI | [ConflictEngine] No rows pending conflict analysis.
2026-02-26 10:02:04 |     INFO | MarketingAdvantageAI | [conflict_detection] ✅ Run complete | processed=0 | duration=12ms
2026-02-26 10:02:42 |     INFO | MarketingAdvantageAI | [segmenter_v2] Added/Updated GCI entry 5de5287e...)
2026-02-26 10:02:42 |     INFO | MarketingAdvantageAI | [segmenter_v2] Added/Updated GCI entry 9f3b20cf...)
2026-02-26 10:02:42 |     INFO | MarketingAdvantageAI | [segmenter_v2] Added/Updated GCI entry 3785657a...)
2026-02-26 10:02:42 |     INFO | MarketingAdvantageAI | [segmenter_v2] Added/Updated GCI entry a829cc9f...)
2026-02-26 10:02:42 |     INFO | MarketingAdvantageAI | [segmenter_v2] Added/Updated GCI entry 42e6302d...)
2026-02-26 10:02:42 |     INFO | MarketingAdvantageAI | [segmenter_v2] Added/Updated GCI entry 3eb5746e...)
2026-02-26 10:02:42 |     INFO | MarketingAdvantageAI | [segmenter_v2] Added/Updated GCI entry e59e8834...)
2026-02-26 10:02:42 |     INFO | MarketingAdvantageAI | [segmenter_v2] Added/Updated GCI entry ea57ad14...)
2026-02-26 10:02:42 |     INFO | MarketingAdvantageAI | [segmenter_v2] Added/Updated GCI entry 9813e644...)
2026-02-26 10:02:42 |     INFO | MarketingAdvantageAI | [segmenter_v2] Added/Updated GCI entry 49cbe413...)
2026-02-26 10:02:42 |     INFO | MarketingAdvantageAI | [segmenter_v2] Added/Updated GCI entry ed7e98f9...)
2026-02-26 10:02:42 |     INFO | MarketingAdvantageAI | [segmenter_v2] Added/Updated GCI entry 5b210d92...)
2026-02-26 10:02:42 |     INFO | MarketingAdvantageAI | [segmenter_v2] Added/Updated GCI entry 11f5a1a8...)
2026-02-26 10:02:42 |     INFO | MarketingAdvantageAI | [segmenter_v2] Added/Updated GCI entry 41d3d358...)
2026-02-26 10:02:42 |     INFO | MarketingAdvantageAI | [segmenter_v2] Added/Updated GCI entry c947baec...)
2026-02-26 10:02:42 |     INFO | MarketingAdvantageAI | [segmenter_v2] Added/Updated GCI entry ccff1542...)
2026-02-26 10:02:42 |     INFO | MarketingAdvantageAI | [segmenter_v2] Added/Updated GCI entry 2a4f5213...)
2026-02-26 10:02:42 |     INFO | MarketingAdvantageAI | [segmenter_v2] Added/Updated GCI entry 0f613397...)
2026-02-26 10:02:42 |     INFO | MarketingAdvantageAI | [segmenter_v2] Added/Updated GCI entry ee80a5c6...)
2026-02-26 10:02:42 |     INFO | MarketingAdvantageAI | [segmenter_v2] Added/Updated GCI entry c7c120ed...)
2026-02-26 10:02:42 |     INFO | MarketingAdvantageAI | [segmenter_v2] Added/Updated GCI entry 1485c194...)
2026-02-26 10:02:42 |  WARNING | MarketingAdvantageAI | [WatcherIngestorV2] ❌ Audio ingestion exception → 78f6f9a7-6076-4305-a9e0-19db511a50c8_The 9 Most Overused Therapy Words-Learn Real English Ep 839-286116.mp3: An instance of Chroma already exists for ./chroma_db with different settings
2026-02-26 10:02:54 |     INFO | MarketingAdvantageAI | [AgenticValidation] No rows pending validation.
2026-02-26 10:02:54 |     INFO | MarketingAdvantageAI | [agentic_validation] ✅ Run complete | processed=0 | duration=11ms
2026-02-26 10:03:54 |     INFO | MarketingAdvantageAI | [TemporalRevalidation] No rows pending temporal review.
2026-02-26 10:03:54 |     INFO | MarketingAdvantageAI | [temporal_revalidation] ✅ Run complete | processed=0 | duration=14ms
2026-02-26 10:03:54 |     INFO | MarketingAdvantageAI | [AgenticValidation] No rows pending validation.
2026-02-26 10:03:54 |     INFO | MarketingAdvantageAI | [agentic_validation] ✅ Run complete | processed=0 | duration=11ms
2026-02-26 10:04:04 |     INFO | MarketingAdvantageAI | [ConflictEngine] No rows pending conflict analysis.
2026-02-26 10:04:04 |     INFO | MarketingAdvantageAI | [conflict_detection] ✅ Run complete | processed=0 | duration=12ms
2026-02-26 10:04:54 |     INFO | MarketingAdvantageAI | [AgenticValidation] No rows pending validation.
2026-02-26 10:04:54 |     INFO | MarketingAdvantageAI | [agentic_validation] ✅ Run complete | processed=0 | duration=21ms
2026-02-26 10:06:09 |     INFO | MarketingAdvantageAI | [AgenticValidation] No rows pending validation.
2026-02-26 10:06:09 |     INFO | MarketingAdvantageAI | [agentic_validation] ✅ Run complete | processed=0 | duration=131ms
2026-02-26 10:06:10 |     INFO | MarketingAdvantageAI | [ConflictEngine] No rows pending conflict analysis.
2026-02-26 10:06:10 |     INFO | MarketingAdvantageAI | [conflict_detection] ✅ Run complete | processed=0 | duration=316ms
2026-02-26 10:07:09 |     INFO | MarketingAdvantageAI | [AgenticValidation] No rows pending validation.
2026-02-26 10:07:09 |     INFO | MarketingAdvantageAI | [agentic_validation] ✅ Run complete | processed=0 | duration=14ms
2026-02-26 10:08:09 |     INFO | MarketingAdvantageAI | [AgenticValidation] No rows pending validation.
2026-02-26 10:08:09 |     INFO | MarketingAdvantageAI | [agentic_validation] ✅ Run complete | processed=0 | duration=16ms
2026-02-26 10:08:10 |     INFO | MarketingAdvantageAI | [ConflictEngine] No rows pending conflict analysis.
2026-02-26 10:08:10 |     INFO | MarketingAdvantageAI | [conflict_detection] ✅ Run complete | processed=0 | duration=16ms
2026-02-26 10:08:54 |     INFO | MarketingAdvantageAI | [TemporalRevalidation] No rows pending temporal review.
2026-02-26 10:08:54 |     INFO | MarketingAdvantageAI | [temporal_revalidation] ✅ Run complete | processed=0 | duration=3ms
2026-02-26 10:09:09 |     INFO | MarketingAdvantageAI | [AgenticValidation] No rows pending validation.
2026-02-26 10:09:09 |     INFO | MarketingAdvantageAI | [agentic_validation] ✅ Run complete | processed=0 | duration=14ms
2026-02-26 10:10:09 |     INFO | MarketingAdvantageAI | [AgenticValidation] No rows pending validation.
2026-02-26 10:10:09 |     INFO | MarketingAdvantageAI | [agentic_validation] ✅ Run complete | processed=0 | duration=16ms
2026-02-26 10:10:10 |     INFO | MarketingAdvantageAI | [ConflictEngine] No rows pending conflict analysis.
2026-02-26 10:10:10 |     INFO | MarketingAdvantageAI | [conflict_detection] ✅ Run complete | processed=0 | duration=0ms
2026-02-26 12:07:01 |  WARNING | MarketingAdvantageAI | [HealthMonitor] Unhealthy workers detected: agentic_validation (stalled, 7011s since last run), conflict_detection (stalled, 7011s since last run), temporal_revalidation (stalled, 7087s since last run)
2026-02-26 12:07:02 |     INFO | MarketingAdvantageAI | [TemporalRevalidation] No rows pending temporal review.
2026-02-26 12:07:02 |     INFO | MarketingAdvantageAI | [AgenticValidation] No rows pending validation.
2026-02-26 12:07:02 |     INFO | MarketingAdvantageAI | [ConflictEngine] No rows pending conflict analysis.
2026-02-26 12:07:02 |     INFO | MarketingAdvantageAI | [temporal_revalidation] ✅ Run complete | processed=0 | duration=548ms
2026-02-26 12:07:02 |     INFO | MarketingAdvantageAI | [agentic_validation] ✅ Run complete | processed=0 | duration=840ms
2026-02-26 12:07:02 |     INFO | MarketingAdvantageAI | [conflict_detection] ✅ Run complete | processed=0 | duration=639ms
2026-02-26 14:07:03 |  WARNING | MarketingAdvantageAI | [HealthMonitor] Unhealthy workers detected: agentic_validation (stalled, 7202s since last run), conflict_detection (stalled, 7202s since last run), temporal_revalidation (stalled, 7202s since last run)
2026-02-26 14:07:04 |     INFO | MarketingAdvantageAI | [ConflictEngine] No rows pending conflict analysis.
2026-02-26 14:07:04 |     INFO | MarketingAdvantageAI | [AgenticValidation] No rows pending validation.
2026-02-26 14:07:04 |     INFO | MarketingAdvantageAI | [TemporalRevalidation] No rows pending temporal review.
2026-02-26 14:07:04 |     INFO | MarketingAdvantageAI | [conflict_detection] ✅ Run complete | processed=0 | duration=585ms
2026-02-26 14:07:04 |     INFO | MarketingAdvantageAI | [agentic_validation] ✅ Run complete | processed=0 | duration=663ms
2026-02-26 14:07:04 |     INFO | MarketingAdvantageAI | [temporal_revalidation] ✅ Run complete | processed=0 | duration=564ms
2026-02-26 16:17:17 |  WARNING | MarketingAdvantageAI | [HealthMonitor] Unhealthy workers detected: agentic_validation (stalled, 7814s since last run), conflict_detection (stalled, 7813s since last run), temporal_revalidation (stalled, 7813s since last run)
2026-02-26 16:17:18 |     INFO | MarketingAdvantageAI | [AgenticValidation] No rows pending validation.
2026-02-26 16:17:18 |     INFO | MarketingAdvantageAI | [TemporalRevalidation] No rows pending temporal review.
2026-02-26 16:17:18 |     INFO | MarketingAdvantageAI | [ConflictEngine] No rows pending conflict analysis.
2026-02-26 16:17:18 |     INFO | MarketingAdvantageAI | [agentic_validation] ✅ Run complete | processed=0 | duration=1124ms
2026-02-26 16:17:18 |     INFO | MarketingAdvantageAI | [temporal_revalidation] ✅ Run complete | processed=0 | duration=1114ms
2026-02-26 16:17:18 |     INFO | MarketingAdvantageAI | [conflict_detection] ✅ Run complete | processed=0 | duration=1118ms
2026-02-26 16:18:18 |     INFO | MarketingAdvantageAI | [AgenticValidation] No rows pending validation.
2026-02-26 16:18:18 |     INFO | MarketingAdvantageAI | [agentic_validation] ✅ Run complete | processed=0 | duration=14ms
2026-02-26 16:19:18 |     INFO | MarketingAdvantageAI | [ConflictEngine] No rows pending conflict analysis.
2026-02-26 16:19:18 |     INFO | MarketingAdvantageAI | [AgenticValidation] No rows pending validation.
2026-02-26 16:19:18 |     INFO | MarketingAdvantageAI | [conflict_detection] ✅ Run complete | processed=0 | duration=19ms
2026-02-26 16:19:18 |     INFO | MarketingAdvantageAI | [agentic_validation] ✅ Run complete | processed=0 | duration=16ms
2026-02-26 16:20:18 |     INFO | MarketingAdvantageAI | [AgenticValidation] No rows pending validation.
2026-02-26 16:20:18 |     INFO | MarketingAdvantageAI | [agentic_validation] ✅ Run complete | processed=0 | duration=13ms
2026-02-26 16:21:18 |     INFO | MarketingAdvantageAI | [AgenticValidation] No rows pending validation.
2026-02-26 16:21:18 |     INFO | MarketingAdvantageAI | [ConflictEngine] No rows pending conflict analysis.
2026-02-26 16:21:18 |     INFO | MarketingAdvantageAI | [agentic_validation] ✅ Run complete | processed=0 | duration=15ms
2026-02-26 16:21:18 |     INFO | MarketingAdvantageAI | [conflict_detection] ✅ Run complete | processed=0 | duration=17ms
2026-02-26 16:22:18 |     INFO | MarketingAdvantageAI | [TemporalRevalidation] No rows pending temporal review.
2026-02-26 16:22:18 |     INFO | MarketingAdvantageAI | [temporal_revalidation] ✅ Run complete | processed=0 | duration=31ms
2026-02-26 16:22:18 |     INFO | MarketingAdvantageAI | [AgenticValidation] No rows pending validation.
2026-02-26 16:22:18 |     INFO | MarketingAdvantageAI | [agentic_validation] ✅ Run complete | processed=0 | duration=17ms
2026-02-26 16:23:18 |     INFO | MarketingAdvantageAI | [ConflictEngine] No rows pending conflict analysis.
2026-02-26 16:23:18 |     INFO | MarketingAdvantageAI | [conflict_detection] ✅ Run complete | processed=0 | duration=19ms
2026-02-26 16:23:18 |     INFO | MarketingAdvantageAI | [AgenticValidation] No rows pending validation.
2026-02-26 16:23:18 |     INFO | MarketingAdvantageAI | [agentic_validation] ✅ Run complete | processed=0 | duration=20ms
2026-02-26 16:24:18 |     INFO | MarketingAdvantageAI | [AgenticValidation] No rows pending validation.
2026-02-26 16:24:18 |     INFO | MarketingAdvantageAI | [agentic_validation] ✅ Run complete | processed=0 | duration=18ms
2026-02-26 16:25:18 |     INFO | MarketingAdvantageAI | [ConflictEngine] No rows pending conflict analysis.
2026-02-26 16:25:18 |     INFO | MarketingAdvantageAI | [conflict_detection] ✅ Run complete | processed=0 | duration=19ms
2026-02-26 16:25:18 |     INFO | MarketingAdvantageAI | [AgenticValidation] No rows pending validation.
2026-02-26 16:25:18 |     INFO | MarketingAdvantageAI | [agentic_validation] ✅ Run complete | processed=0 | duration=22ms
2026-02-26 16:26:18 |     INFO | MarketingAdvantageAI | [AgenticValidation] No rows pending validation.
2026-02-26 16:26:18 |     INFO | MarketingAdvantageAI | [agentic_validation] ✅ Run complete | processed=0 | duration=19ms
2026-02-26 16:27:18 |     INFO | MarketingAdvantageAI | [TemporalRevalidation] No rows pending temporal review.
2026-02-26 16:27:18 |     INFO | MarketingAdvantageAI | [temporal_revalidation] ✅ Run complete | processed=0 | duration=14ms
2026-02-26 16:27:18 |     INFO | MarketingAdvantageAI | [ConflictEngine] No rows pending conflict analysis.
2026-02-26 16:27:18 |     INFO | MarketingAdvantageAI | [conflict_detection] ✅ Run complete | processed=0 | duration=14ms
2026-02-26 16:27:18 |     INFO | MarketingAdvantageAI | [AgenticValidation] No rows pending validation.
2026-02-26 16:27:18 |     INFO | MarketingAdvantageAI | [agentic_validation] ✅ Run complete | processed=0 | duration=13ms
2026-02-26 16:28:18 |     INFO | MarketingAdvantageAI | [AgenticValidation] No rows pending validation.
2026-02-26 16:28:18 |     INFO | MarketingAdvantageAI | [agentic_validation] ✅ Run complete | processed=0 | duration=13ms
2026-02-26 16:28:24 |     INFO | MarketingAdvantageAI | [ChromaCleanup] Starting full ChromaDB cleanup...
2026-02-26 16:28:24 |     INFO | MarketingAdvantageAI | [ChromaCleanup] Connecting to Chroma at ./chroma_db...
2026-02-26 16:28:25 |     INFO | MarketingAdvantageAI | [ChromaCleanup] Found collection 'ingested_content'. Deleting...
2026-02-26 16:28:26 |     INFO | MarketingAdvantageAI | [ChromaCleanup] ✅ Deleted collection 'ingested_content'.
2026-02-26 16:28:26 |     INFO | MarketingAdvantageAI | [ChromaCleanup] ✅ Recreated empty 'ingested_content' collection.
2026-02-26 16:28:26 |     INFO | MarketingAdvantageAI | [ChromaCleanup] ✅ Cleanup complete.
2026-02-26 16:29:18 |     INFO | MarketingAdvantageAI | [ConflictEngine] No rows pending conflict analysis.
2026-02-26 16:29:18 |     INFO | MarketingAdvantageAI | [conflict_detection] ✅ Run complete | processed=0 | duration=14ms
2026-02-26 16:29:18 |     INFO | MarketingAdvantageAI | [AgenticValidation] No rows pending validation.
2026-02-26 16:29:18 |     INFO | MarketingAdvantageAI | [agentic_validation] ✅ Run complete | processed=0 | duration=14ms
2026-02-26 16:30:18 |     INFO | MarketingAdvantageAI | [AgenticValidation] No rows pending validation.
2026-02-26 16:30:18 |     INFO | MarketingAdvantageAI | [agentic_validation] ✅ Run complete | processed=0 | duration=9ms
2026-02-26 16:31:18 |     INFO | MarketingAdvantageAI | [ConflictEngine] No rows pending conflict analysis.
2026-02-26 16:31:18 |     INFO | MarketingAdvantageAI | [conflict_detection] ✅ Run complete | processed=0 | duration=6ms
2026-02-26 16:31:18 |     INFO | MarketingAdvantageAI | [AgenticValidation] No rows pending validation.
2026-02-26 16:31:18 |     INFO | MarketingAdvantageAI | [agentic_validation] ✅ Run complete | processed=0 | duration=8ms
2026-02-26 16:32:18 |     INFO | MarketingAdvantageAI | [TemporalRevalidation] No rows pending temporal review.
2026-02-26 16:32:18 |     INFO | MarketingAdvantageAI | [temporal_revalidation] ✅ Run complete | processed=0 | duration=6ms
2026-02-26 16:32:18 |     INFO | MarketingAdvantageAI | [AgenticValidation] No rows pending validation.
2026-02-26 16:32:18 |     INFO | MarketingAdvantageAI | [agentic_validation] ✅ Run complete | processed=0 | duration=7ms
2026-02-26 16:33:18 |     INFO | MarketingAdvantageAI | [ConflictEngine] No rows pending conflict analysis.
2026-02-26 16:33:18 |     INFO | MarketingAdvantageAI | [conflict_detection] ✅ Run complete | processed=0 | duration=7ms
2026-02-26 16:33:19 |     INFO | MarketingAdvantageAI | [AgenticValidation] No rows pending validation.
2026-02-26 16:33:19 |     INFO | MarketingAdvantageAI | [agentic_validation] ✅ Run complete | processed=0 | duration=7ms
2026-02-26 16:33:19 |     INFO | MarketingAdvantageAI | [WatcherIngestorV2] 📥 Detected new file → MASTER_INTEGRATION_GUIDE.txt
2026-02-26 16:33:19 |     INFO | MarketingAdvantageAI | [text_parser_v2] Reading text file: static\uploads\api\MASTER_INTEGRATION_GUIDE_3ee384f4500b472b96ab3cddcc840b39.txt
2026-02-26 16:33:19 |     INFO | MarketingAdvantageAI | [text_parser_v2] LLM normalization skipped (disabled).
2026-02-26 16:33:19 |     INFO | MarketingAdvantageAI | [segmenter_v2] Added/Updated GCI entry fb1ea4ae...)
2026-02-26 16:33:19 |     INFO | MarketingAdvantageAI | [segmenter_v2] Added/Updated GCI entry 9b73f705...)
2026-02-26 16:33:19 |     INFO | MarketingAdvantageAI | [segmenter_v2] Added/Updated GCI entry ab616484...)
2026-02-26 16:33:19 |     INFO | MarketingAdvantageAI | [segmenter_v2] Added/Updated GCI entry 69250abb...)
2026-02-26 16:33:19 |     INFO | MarketingAdvantageAI | [segmenter_v2] Added/Updated GCI entry 162cd6ee...)
2026-02-26 16:33:19 |     INFO | MarketingAdvantageAI | [segmenter_v2] Added/Updated GCI entry 3b71f97c...)
2026-02-26 16:33:19 |     INFO | MarketingAdvantageAI | [segmenter_v2] Added/Updated GCI entry 9887a9b8...)
2026-02-26 16:33:20 |     INFO | MarketingAdvantageAI | [segmenter_v2] Added/Updated GCI entry e09cd241...)
2026-02-26 16:33:20 |     INFO | MarketingAdvantageAI | [segmenter_v2] Added/Updated GCI entry 1a427717...)
2026-02-26 16:33:20 |     INFO | MarketingAdvantageAI | [segmenter_v2] Added/Updated GCI entry a137ccea...)
2026-02-26 16:33:20 |     INFO | MarketingAdvantageAI | [segmenter_v2] Added/Updated GCI entry ac7eed6a...)
2026-02-26 16:33:20 |     INFO | MarketingAdvantageAI | [segmenter_v2] Added/Updated GCI entry c46cb8cc...)
2026-02-26 16:33:20 |     INFO | MarketingAdvantageAI | [segmenter_v2] Added/Updated GCI entry c849e32e...)
2026-02-26 16:33:20 |     INFO | MarketingAdvantageAI | [segmenter_v2] Added/Updated GCI entry a23fd335...)
2026-02-26 16:33:20 |     INFO | MarketingAdvantageAI | [segmenter_v2] Added/Updated GCI entry cf97aafd...)
2026-02-26 16:33:20 |     INFO | MarketingAdvantageAI | [segmenter_v2] Added/Updated GCI entry 1074e768...)
2026-02-26 16:33:20 |     INFO | MarketingAdvantageAI | [segmenter_v2] Added/Updated GCI entry 88c23f3d...)
2026-02-26 16:33:20 |     INFO | MarketingAdvantageAI | [segmenter_v2] Added/Updated GCI entry 36b0b469...)
2026-02-26 16:33:20 |     INFO | MarketingAdvantageAI | [segmenter_v2] Added/Updated GCI entry 90c6cfa1...)
2026-02-26 16:33:20 |     INFO | MarketingAdvantageAI | [segmenter_v2] Added/Updated GCI entry 2241a3bb...)
2026-02-26 16:33:20 |     INFO | MarketingAdvantageAI | [segmenter_v2] Added/Updated GCI entry a97722f0...)
2026-02-26 16:33:20 |     INFO | MarketingAdvantageAI | [segmenter_v2] Added/Updated GCI entry 272b0909...)
2026-02-26 16:33:20 |     INFO | MarketingAdvantageAI | [segmenter_v2] Added/Updated GCI entry 63050567...)
2026-02-26 16:33:20 |     INFO | MarketingAdvantageAI | [segmenter_v2] Added/Updated GCI entry 6b7b3a28...)
2026-02-26 16:33:20 |     INFO | MarketingAdvantageAI | [segmenter_v2] Added/Updated GCI entry 2648b41d...)
2026-02-26 16:33:20 |     INFO | MarketingAdvantageAI | [segmenter_v2] Added/Updated GCI entry 2182b415...)
2026-02-26 16:33:20 |     INFO | MarketingAdvantageAI | [segmenter_v2] Added/Updated GCI entry 97295a7a...)
2026-02-26 16:33:20 |     INFO | MarketingAdvantageAI | [segmenter_v2] Added/Updated GCI entry 000dbce1...)
2026-02-26 16:33:20 |     INFO | MarketingAdvantageAI | [segmenter_v2] Added/Updated GCI entry 31caa61f...)
2026-02-26 16:33:20 |     INFO | MarketingAdvantageAI | [segmenter_v2] Added/Updated GCI entry f4d4b479...)
2026-02-26 16:33:20 |     INFO | MarketingAdvantageAI | [segmenter_v2] Added/Updated GCI entry a3bff955...)
2026-02-26 16:33:20 |     INFO | MarketingAdvantageAI | [segmenter_v2] Added/Updated GCI entry fb1ea4ae...)
2026-02-26 16:33:20 |     INFO | MarketingAdvantageAI | [segmenter_v2] Added/Updated GCI entry 9b73f705...)
2026-02-26 16:33:20 |     INFO | MarketingAdvantageAI | [segmenter_v2] Added/Updated GCI entry ab616484...)
2026-02-26 16:33:20 |     INFO | MarketingAdvantageAI | [segmenter_v2] Added/Updated GCI entry 69250abb...)
2026-02-26 16:33:20 |     INFO | MarketingAdvantageAI | [segmenter_v2] Added/Updated GCI entry ba9338d4...)
2026-02-26 16:33:20 |     INFO | MarketingAdvantageAI | [segmenter_v2] Added/Updated GCI entry 162cd6ee...)
2026-02-26 16:33:20 |     INFO | MarketingAdvantageAI | [segmenter_v2] Added/Updated GCI entry 3b71f97c...)
2026-02-26 16:33:20 |     INFO | MarketingAdvantageAI | [segmenter_v2] Added/Updated GCI entry 2fb1bd9a...)
2026-02-26 16:33:20 |     INFO | MarketingAdvantageAI | [segmenter_v2] Added/Updated GCI entry 9887a9b8...)
2026-02-26 16:33:20 |     INFO | MarketingAdvantageAI | [segmenter_v2] Added/Updated GCI entry e09cd241...)
2026-02-26 16:33:20 |     INFO | MarketingAdvantageAI | [segmenter_v2] Added/Updated GCI entry 1a427717...)
2026-02-26 16:33:20 |     INFO | MarketingAdvantageAI | [segmenter_v2] Added/Updated GCI entry a137ccea...)
2026-02-26 16:33:20 |     INFO | MarketingAdvantageAI | [segmenter_v2] Added/Updated GCI entry 8da5f67a...)
2026-02-26 16:33:20 |     INFO | MarketingAdvantageAI | [segmenter_v2] Added/Updated GCI entry 0f2b5506...)
2026-02-26 16:33:20 |     INFO | MarketingAdvantageAI | [segmenter_v2] Added/Updated GCI entry c2f812c1...)
2026-02-26 16:33:20 |     INFO | MarketingAdvantageAI | [segmenter_v2] Added/Updated GCI entry f82b3be0...)
2026-02-26 16:33:20 |     INFO | MarketingAdvantageAI | [segmenter_v2] Added/Updated GCI entry edf8ed81...)
2026-02-26 16:33:20 |     INFO | MarketingAdvantageAI | [segmenter_v2] Added/Updated GCI entry 4fd4ebb6...)
2026-02-26 16:33:20 |     INFO | MarketingAdvantageAI | [segmenter_v2] Added/Updated GCI entry 4cf0e0c6...)
2026-02-26 16:33:20 |     INFO | MarketingAdvantageAI | [segmenter_v2] Added/Updated GCI entry ac7eed6a...)
2026-02-26 16:33:20 |     INFO | MarketingAdvantageAI | [segmenter_v2] Added/Updated GCI entry c46cb8cc...)
2026-02-26 16:33:20 |     INFO | MarketingAdvantageAI | [segmenter_v2] Added/Updated GCI entry c8fdf520...)
2026-02-26 16:33:20 |     INFO | MarketingAdvantageAI | [segmenter_v2] Added/Updated GCI entry c849e32e...)
2026-02-26 16:33:20 |     INFO | MarketingAdvantageAI | [segmenter_v2] Added/Updated GCI entry a23fd335...)
2026-02-26 16:33:20 |     INFO | MarketingAdvantageAI | [segmenter_v2] Added/Updated GCI entry cf97aafd...)
2026-02-26 16:33:20 |     INFO | MarketingAdvantageAI | [segmenter_v2] Added/Updated GCI entry 1074e768...)
2026-02-26 16:33:20 |     INFO | MarketingAdvantageAI | [segmenter_v2] Added/Updated GCI entry 88c23f3d...)
2026-02-26 16:33:20 |     INFO | MarketingAdvantageAI | [segmenter_v2] Added/Updated GCI entry 36b0b469...)
2026-02-26 16:33:20 |     INFO | MarketingAdvantageAI | [segmenter_v2] Added/Updated GCI entry 90c6cfa1...)
2026-02-26 16:33:20 |     INFO | MarketingAdvantageAI | [segmenter_v2] Added/Updated GCI entry 2241a3bb...)
2026-02-26 16:33:20 |     INFO | MarketingAdvantageAI | [segmenter_v2] Added/Updated GCI entry a97722f0...)
2026-02-26 16:33:20 |     INFO | MarketingAdvantageAI | [segmenter_v2] Added/Updated GCI entry 272b0909...)
2026-02-26 16:33:20 |     INFO | MarketingAdvantageAI | [segmenter_v2] Added/Updated GCI entry 63050567...)
2026-02-26 16:33:20 |     INFO | MarketingAdvantageAI | [segmenter_v2] Added/Updated GCI entry f73ec4c9...)
2026-02-26 16:33:20 |     INFO | MarketingAdvantageAI | [segmenter_v2] Added/Updated GCI entry 2158f1f3...)
2026-02-26 16:33:20 |     INFO | MarketingAdvantageAI | [segmenter_v2] Added/Updated GCI entry e1b792bc...)
2026-02-26 16:33:20 |     INFO | MarketingAdvantageAI | [segmenter_v2] Added/Updated GCI entry 6b7b3a28...)
2026-02-26 16:33:20 |     INFO | MarketingAdvantageAI | [segmenter_v2] Added/Updated GCI entry 2648b41d...)
2026-02-26 16:33:20 |     INFO | MarketingAdvantageAI | [segmenter_v2] Added/Updated GCI entry 2182b415...)
2026-02-26 16:33:20 |     INFO | MarketingAdvantageAI | [segmenter_v2] Added/Updated GCI entry 97295a7a...)
2026-02-26 16:33:20 |     INFO | MarketingAdvantageAI | [segmenter_v2] Added/Updated GCI entry 0aa51ea2...)
2026-02-26 16:33:20 |     INFO | MarketingAdvantageAI | [segmenter_v2] Added/Updated GCI entry 359accba...)
2026-02-26 16:33:21 |     INFO | MarketingAdvantageAI | [ERROR] Direct ingestion failed for bf4659d5-31e0-4d2b-be6f-93a091e0e6fe: An instance of Chroma already exists for ./chroma_db with different settings
2026-02-26 16:33:21 |     INFO | MarketingAdvantageAI | [file_router_v2] ✅ Ingestion complete for MASTER_INTEGRATION_GUIDE.txt
2026-02-26 16:33:21 |     INFO | MarketingAdvantageAI | [MediaHook] Handling media for file: static\uploads\api\MASTER_INTEGRATION_GUIDE_3ee384f4500b472b96ab3cddcc840b39.txt
2026-02-26 16:33:21 |     INFO | MarketingAdvantageAI | [MediaHook] No media action taken
2026-02-26 16:33:21 |     INFO | MarketingAdvantageAI | [WatcherIngestorV2] ✅ Auto-ingested MASTER_INTEGRATION_GUIDE.txt: status=ingested
2026-02-26 16:34:19 |     INFO | MarketingAdvantageAI | [AgenticValidation] No rows pending validation.
2026-02-26 16:34:19 |     INFO | MarketingAdvantageAI | [agentic_validation] ✅ Run complete | processed=0 | duration=6ms
2026-02-26 16:35:18 |     INFO | MarketingAdvantageAI | [ConflictEngine] No rows pending conflict analysis.
2026-02-26 16:35:18 |     INFO | MarketingAdvantageAI | [conflict_detection] ✅ Run complete | processed=0 | duration=8ms
2026-02-26 16:35:19 |     INFO | MarketingAdvantageAI | [AgenticValidation] No rows pending validation.
2026-02-26 16:35:19 |     INFO | MarketingAdvantageAI | [agentic_validation] ✅ Run complete | processed=0 | duration=8ms
2026-02-26 16:36:19 |     INFO | MarketingAdvantageAI | [AgenticValidation] No rows pending validation.
2026-02-26 16:36:19 |     INFO | MarketingAdvantageAI | [agentic_validation] ✅ Run complete | processed=0 | duration=8ms
2026-02-26 16:37:10 |     INFO | MarketingAdvantageAI | [Scheduler] Initiating graceful shutdown...
2026-02-26 16:37:10 |     INFO | MarketingAdvantageAI | [temporal_revalidation] Worker stopped
2026-02-26 16:37:10 |     INFO | MarketingAdvantageAI | [conflict_detection] Worker stopped
2026-02-26 16:37:10 |     INFO | MarketingAdvantageAI | [HealthMonitor] Health monitor stopped
2026-02-26 16:37:10 |     INFO | MarketingAdvantageAI | [agentic_validation] Worker stopped
2026-02-26 16:37:10 |     INFO | MarketingAdvantageAI | [Scheduler] All tasks completed gracefully
2026-02-26 16:37:10 |     INFO | MarketingAdvantageAI | [Scheduler] Scheduler stopped
2026-02-26 21:12:54 |     INFO | MarketingAdvantageAI | [IngestionV2] ChromaDB client initialized at ./chroma_db
2026-02-26 21:12:54 |     INFO | MarketingAdvantageAI | [IngestionV2] Found ChromaDB collections: ['ingested_content']
2026-02-26 21:12:54 |     INFO | MarketingAdvantageAI | [IngestionV2] ✅ Connected to existing collection 'ingested_content'
2026-02-26 21:12:54 |     INFO | MarketingAdvantageAI | [WatcherIngestorV2] Background watcher started with FastAPI server.
2026-02-26 21:12:54 |     INFO | MarketingAdvantageAI | [Scheduler] Starting validation scheduler | validation_interval=60s | conflict_interval=120s | temporal_interval=300s
2026-02-26 21:12:54 |     INFO | MarketingAdvantageAI | [Scheduler] Started 4 background tasks (validation: True, conflict: True, temporal: True)
2026-02-26 21:12:54 |     INFO | MarketingAdvantageAI | [WatcherIngestorV2] 👀 Watching folder: C:\ProjectK\MarketingAdvantage_AI_v1\static\uploads\manual
2026-02-26 21:12:54 |     INFO | MarketingAdvantageAI | [agentic_validation] Worker started
2026-02-26 21:12:54 |     INFO | MarketingAdvantageAI | [conflict_detection] Worker started
2026-02-26 21:12:54 |     INFO | MarketingAdvantageAI | [temporal_revalidation] Worker started
2026-02-26 21:12:54 |     INFO | MarketingAdvantageAI | [HealthMonitor] Health monitor started
2026-02-26 21:13:54 |     INFO | MarketingAdvantageAI | [AgenticValidation] No rows pending validation.
2026-02-26 21:13:54 |     INFO | MarketingAdvantageAI | [agentic_validation] ✅ Run complete | processed=0 | duration=98ms
2026-02-26 21:14:54 |     INFO | MarketingAdvantageAI | [AgenticValidation] No rows pending validation.
2026-02-26 21:14:54 |     INFO | MarketingAdvantageAI | [agentic_validation] ✅ Run complete | processed=0 | duration=4ms
2026-02-26 21:15:04 |     INFO | MarketingAdvantageAI | [ConflictEngine] No rows pending conflict analysis.
2026-02-26 21:15:04 |     INFO | MarketingAdvantageAI | [conflict_detection] ✅ Run complete | processed=0 | duration=10ms
2026-02-26 21:15:54 |     INFO | MarketingAdvantageAI | [AgenticValidation] No rows pending validation.
2026-02-26 21:15:54 |     INFO | MarketingAdvantageAI | [agentic_validation] ✅ Run complete | processed=0 | duration=5ms
2026-02-26 21:16:12 |     INFO | MarketingAdvantageAI | [ingestion_api_v2] External ingestion triggered: web → https://learn.microsoft.com/en-us/dotnet/ai/conceptual/understanding-tokens
2026-02-26 21:16:12 |     INFO | MarketingAdvantageAI | [ingestion_api_v2] ⚙️ LLM normalization disabled — proceeding without LLM rewrite.
2026-02-26 21:16:12 |     INFO | MarketingAdvantageAI | [file_router_v2] Routing WEB source: https://learn.microsoft.com/en-us/dotnet/ai/conceptual/understanding-tokens
2026-02-26 21:16:12 |     INFO | MarketingAdvantageAI | [web_scraper_v2] Scraping webpage: https://learn.microsoft.com/en-us/dotnet/ai/conceptual/understanding-tokens
2026-02-26 21:16:12 |     INFO | MarketingAdvantageAI | [web_scraper_v2] GET attempt 1/3: https://learn.microsoft.com/en-us/dotnet/ai/conceptual/understanding-tokens
2026-02-26 21:16:12 |     INFO | MarketingAdvantageAI | [web_scraper_v2] LLM normalization skipped (disabled).
2026-02-26 21:16:12 |     INFO | MarketingAdvantageAI | [web_scraper_v2] ✅ Generated 1 structured chunks for ingestion.
2026-02-26 21:16:12 |     INFO | MarketingAdvantageAI | [file_router_v2] Passing parsed WEB output directly to ingestion pipeline...
2026-02-26 21:16:12 |     INFO | MarketingAdvantageAI | [segmenter_v2] Added/Updated GCI entry 65e75d8c...)
2026-02-26 21:16:12 |     INFO | MarketingAdvantageAI | [segmenter_v2] Added/Updated GCI entry 7992d408...)
2026-02-26 21:16:12 |     INFO | MarketingAdvantageAI | [segmenter_v2] Added/Updated GCI entry 3567bb91...)
2026-02-26 21:16:12 |     INFO | MarketingAdvantageAI | [segmenter_v2] Added/Updated GCI entry 7d5b5480...)
2026-02-26 21:16:12 |     INFO | MarketingAdvantageAI | [segmenter_v2] Added/Updated GCI entry 8e8a148f...)
2026-02-26 21:16:12 |     INFO | MarketingAdvantageAI | [segmenter_v2] Added/Updated GCI entry bcc23879...)
2026-02-26 21:16:12 |     INFO | MarketingAdvantageAI | [segmenter_v2] Added/Updated GCI entry 69635664...)
2026-02-26 21:16:12 |     INFO | MarketingAdvantageAI | [segmenter_v2] Added/Updated GCI entry f0b2e915...)
2026-02-26 21:16:12 |     INFO | MarketingAdvantageAI | [segmenter_v2] Added/Updated GCI entry c2e084ae...)
2026-02-26 21:16:12 |     INFO | MarketingAdvantageAI | [segmenter_v2] Added/Updated GCI entry 63463c7f...)
2026-02-26 21:16:12 |     INFO | MarketingAdvantageAI | [segmenter_v2] Added/Updated GCI entry a39aec90...)
2026-02-26 21:16:12 |     INFO | MarketingAdvantageAI | [ERROR] Direct ingestion failed for d23381e7-5833-47c7-92ab-c8371bb1a27a: An instance of Chroma already exists for ./chroma_db with different settings
2026-02-26 21:16:12 |     INFO | MarketingAdvantageAI | [file_router_v2] ✅ WEB ingestion complete for https://learn.microsoft.com/en-us/dotnet/ai/conceptual/understanding-tokens
2026-02-26 21:16:54 |     INFO | MarketingAdvantageAI | [AgenticValidation] No rows pending validation.
2026-02-26 21:16:54 |     INFO | MarketingAdvantageAI | [agentic_validation] ✅ Run complete | processed=0 | duration=5ms
2026-02-26 21:17:04 |     INFO | MarketingAdvantageAI | [ConflictEngine] No rows pending conflict analysis.
2026-02-26 21:17:04 |     INFO | MarketingAdvantageAI | [conflict_detection] ✅ Run complete | processed=0 | duration=5ms
2026-02-26 21:17:54 |     INFO | MarketingAdvantageAI | [TemporalRevalidation] No rows pending temporal review.
2026-02-26 21:17:54 |     INFO | MarketingAdvantageAI | [temporal_revalidation] ✅ Run complete | processed=0 | duration=5ms
2026-02-26 21:17:54 |     INFO | MarketingAdvantageAI | [AgenticValidation] No rows pending validation.
2026-02-26 21:17:54 |     INFO | MarketingAdvantageAI | [agentic_validation] ✅ Run complete | processed=0 | duration=4ms
2026-02-26 21:18:54 |     INFO | MarketingAdvantageAI | [AgenticValidation] No rows pending validation.
2026-02-26 21:18:54 |     INFO | MarketingAdvantageAI | [agentic_validation] ✅ Run complete | processed=0 | duration=4ms
2026-02-26 21:19:04 |     INFO | MarketingAdvantageAI | [ConflictEngine] No rows pending conflict analysis.
2026-02-26 21:19:04 |     INFO | MarketingAdvantageAI | [conflict_detection] ✅ Run complete | processed=0 | duration=5ms
2026-02-26 21:19:54 |     INFO | MarketingAdvantageAI | [AgenticValidation] No rows pending validation.
2026-02-26 21:19:54 |     INFO | MarketingAdvantageAI | [agentic_validation] ✅ Run complete | processed=0 | duration=4ms
2026-02-26 21:20:54 |     INFO | MarketingAdvantageAI | [AgenticValidation] No rows pending validation.
2026-02-26 21:20:54 |     INFO | MarketingAdvantageAI | [agentic_validation] ✅ Run complete | processed=0 | duration=4ms
2026-02-26 21:21:04 |     INFO | MarketingAdvantageAI | [ConflictEngine] No rows pending conflict analysis.
2026-02-26 21:21:04 |     INFO | MarketingAdvantageAI | [conflict_detection] ✅ Run complete | processed=0 | duration=4ms
2026-02-26 21:21:54 |     INFO | MarketingAdvantageAI | [AgenticValidation] No rows pending validation.
2026-02-26 21:21:54 |     INFO | MarketingAdvantageAI | [agentic_validation] ✅ Run complete | processed=0 | duration=4ms
2026-02-26 21:22:54 |     INFO | MarketingAdvantageAI | [TemporalRevalidation] No rows pending temporal review.
2026-02-26 21:22:54 |     INFO | MarketingAdvantageAI | [temporal_revalidation] ✅ Run complete | processed=0 | duration=4ms
2026-02-26 21:22:54 |     INFO | MarketingAdvantageAI | [AgenticValidation] No rows pending validation.
2026-02-26 21:22:54 |     INFO | MarketingAdvantageAI | [agentic_validation] ✅ Run complete | processed=0 | duration=4ms
2026-02-26 21:23:04 |     INFO | MarketingAdvantageAI | [ConflictEngine] No rows pending conflict analysis.
2026-02-26 21:23:04 |     INFO | MarketingAdvantageAI | [conflict_detection] ✅ Run complete | processed=0 | duration=5ms
2026-02-26 21:23:54 |     INFO | MarketingAdvantageAI | [AgenticValidation] No rows pending validation.
2026-02-26 21:23:54 |     INFO | MarketingAdvantageAI | [agentic_validation] ✅ Run complete | processed=0 | duration=3ms
2026-02-26 21:24:54 |     INFO | MarketingAdvantageAI | [AgenticValidation] No rows pending validation.
2026-02-26 21:24:54 |     INFO | MarketingAdvantageAI | [agentic_validation] ✅ Run complete | processed=0 | duration=4ms
2026-02-26 21:25:04 |     INFO | MarketingAdvantageAI | [ConflictEngine] No rows pending conflict analysis.
2026-02-26 21:25:04 |     INFO | MarketingAdvantageAI | [conflict_detection] ✅ Run complete | processed=0 | duration=3ms
2026-02-26 21:25:54 |     INFO | MarketingAdvantageAI | [AgenticValidation] No rows pending validation.
2026-02-26 21:25:54 |     INFO | MarketingAdvantageAI | [agentic_validation] ✅ Run complete | processed=0 | duration=4ms
2026-02-26 21:26:54 |     INFO | MarketingAdvantageAI | [AgenticValidation] No rows pending validation.
2026-02-26 21:26:54 |     INFO | MarketingAdvantageAI | [agentic_validation] ✅ Run complete | processed=0 | duration=4ms
2026-02-26 21:27:04 |     INFO | MarketingAdvantageAI | [ConflictEngine] No rows pending conflict analysis.
2026-02-26 21:27:04 |     INFO | MarketingAdvantageAI | [conflict_detection] ✅ Run complete | processed=0 | duration=3ms
2026-02-26 21:27:54 |     INFO | MarketingAdvantageAI | [TemporalRevalidation] No rows pending temporal review.
2026-02-26 21:27:54 |     INFO | MarketingAdvantageAI | [temporal_revalidation] ✅ Run complete | processed=0 | duration=3ms
2026-02-26 21:27:54 |     INFO | MarketingAdvantageAI | [AgenticValidation] No rows pending validation.
2026-02-26 21:27:54 |     INFO | MarketingAdvantageAI | [agentic_validation] ✅ Run complete | processed=0 | duration=4ms
2026-02-26 21:28:54 |     INFO | MarketingAdvantageAI | [AgenticValidation] No rows pending validation.
2026-02-26 21:28:54 |     INFO | MarketingAdvantageAI | [agentic_validation] ✅ Run complete | processed=0 | duration=4ms
2026-02-26 21:29:04 |     INFO | MarketingAdvantageAI | [ConflictEngine] No rows pending conflict analysis.
2026-02-26 21:29:04 |     INFO | MarketingAdvantageAI | [conflict_detection] ✅ Run complete | processed=0 | duration=4ms
2026-02-26 21:29:54 |     INFO | MarketingAdvantageAI | [AgenticValidation] No rows pending validation.
2026-02-26 21:29:54 |     INFO | MarketingAdvantageAI | [agentic_validation] ✅ Run complete | processed=0 | duration=4ms
2026-02-26 21:30:54 |     INFO | MarketingAdvantageAI | [AgenticValidation] No rows pending validation.
2026-02-26 21:30:54 |     INFO | MarketingAdvantageAI | [agentic_validation] ✅ Run complete | processed=0 | duration=4ms
2026-02-26 21:31:04 |     INFO | MarketingAdvantageAI | [ConflictEngine] No rows pending conflict analysis.
2026-02-26 21:31:04 |     INFO | MarketingAdvantageAI | [conflict_detection] ✅ Run complete | processed=0 | duration=4ms
2026-02-26 21:31:54 |     INFO | MarketingAdvantageAI | [AgenticValidation] No rows pending validation.
2026-02-26 21:31:54 |     INFO | MarketingAdvantageAI | [agentic_validation] ✅ Run complete | processed=0 | duration=4ms
2026-02-26 21:32:54 |     INFO | MarketingAdvantageAI | [TemporalRevalidation] No rows pending temporal review.
2026-02-26 21:32:54 |     INFO | MarketingAdvantageAI | [temporal_revalidation] ✅ Run complete | processed=0 | duration=2ms
2026-02-26 21:32:54 |     INFO | MarketingAdvantageAI | [AgenticValidation] No rows pending validation.
2026-02-26 21:32:54 |     INFO | MarketingAdvantageAI | [agentic_validation] ✅ Run complete | processed=0 | duration=4ms
2026-02-26 21:33:04 |     INFO | MarketingAdvantageAI | [ConflictEngine] No rows pending conflict analysis.
2026-02-26 21:33:04 |     INFO | MarketingAdvantageAI | [conflict_detection] ✅ Run complete | processed=0 | duration=3ms
2026-02-26 21:33:54 |     INFO | MarketingAdvantageAI | [AgenticValidation] No rows pending validation.
2026-02-26 21:33:54 |     INFO | MarketingAdvantageAI | [agentic_validation] ✅ Run complete | processed=0 | duration=4ms
2026-02-26 21:34:54 |     INFO | MarketingAdvantageAI | [AgenticValidation] No rows pending validation.
2026-02-26 21:34:54 |     INFO | MarketingAdvantageAI | [agentic_validation] ✅ Run complete | processed=0 | duration=4ms
2026-02-26 21:35:04 |     INFO | MarketingAdvantageAI | [ConflictEngine] No rows pending conflict analysis.
2026-02-26 21:35:04 |     INFO | MarketingAdvantageAI | [conflict_detection] ✅ Run complete | processed=0 | duration=3ms
2026-02-26 21:35:54 |     INFO | MarketingAdvantageAI | [AgenticValidation] No rows pending validation.
2026-02-26 21:35:54 |     INFO | MarketingAdvantageAI | [agentic_validation] ✅ Run complete | processed=0 | duration=3ms
2026-02-26 21:36:54 |     INFO | MarketingAdvantageAI | [AgenticValidation] No rows pending validation.
2026-02-26 21:36:54 |     INFO | MarketingAdvantageAI | [agentic_validation] ✅ Run complete | processed=0 | duration=4ms
2026-02-26 21:37:04 |     INFO | MarketingAdvantageAI | [ConflictEngine] No rows pending conflict analysis.
2026-02-26 21:37:04 |     INFO | MarketingAdvantageAI | [conflict_detection] ✅ Run complete | processed=0 | duration=3ms
2026-02-26 21:37:54 |     INFO | MarketingAdvantageAI | [TemporalRevalidation] No rows pending temporal review.
2026-02-26 21:37:54 |     INFO | MarketingAdvantageAI | [temporal_revalidation] ✅ Run complete | processed=0 | duration=3ms
2026-02-26 21:37:54 |     INFO | MarketingAdvantageAI | [AgenticValidation] No rows pending validation.
2026-02-26 21:37:54 |     INFO | MarketingAdvantageAI | [agentic_validation] ✅ Run complete | processed=0 | duration=3ms
2026-02-26 21:38:54 |     INFO | MarketingAdvantageAI | [AgenticValidation] No rows pending validation.
2026-02-26 21:38:54 |     INFO | MarketingAdvantageAI | [agentic_validation] ✅ Run complete | processed=0 | duration=4ms
2026-02-26 21:39:04 |     INFO | MarketingAdvantageAI | [ConflictEngine] No rows pending conflict analysis.
2026-02-26 21:39:04 |     INFO | MarketingAdvantageAI | [conflict_detection] ✅ Run complete | processed=0 | duration=4ms
2026-02-26 21:39:54 |     INFO | MarketingAdvantageAI | [AgenticValidation] No rows pending validation.
2026-02-26 21:39:54 |     INFO | MarketingAdvantageAI | [agentic_validation] ✅ Run complete | processed=0 | duration=5ms
2026-02-26 21:40:54 |     INFO | MarketingAdvantageAI | [AgenticValidation] No rows pending validation.
2026-02-26 21:40:54 |     INFO | MarketingAdvantageAI | [agentic_validation] ✅ Run complete | processed=0 | duration=4ms
2026-02-26 21:41:04 |     INFO | MarketingAdvantageAI | [ConflictEngine] No rows pending conflict analysis.
2026-02-26 21:41:04 |     INFO | MarketingAdvantageAI | [conflict_detection] ✅ Run complete | processed=0 | duration=4ms
2026-02-26 21:41:54 |     INFO | MarketingAdvantageAI | [AgenticValidation] No rows pending validation.
2026-02-26 21:41:54 |     INFO | MarketingAdvantageAI | [agentic_validation] ✅ Run complete | processed=0 | duration=4ms
2026-02-26 21:42:54 |     INFO | MarketingAdvantageAI | [TemporalRevalidation] No rows pending temporal review.
2026-02-26 21:42:54 |     INFO | MarketingAdvantageAI | [temporal_revalidation] ✅ Run complete | processed=0 | duration=5ms
2026-02-26 21:42:54 |     INFO | MarketingAdvantageAI | [AgenticValidation] No rows pending validation.
2026-02-26 21:42:54 |     INFO | MarketingAdvantageAI | [agentic_validation] ✅ Run complete | processed=0 | duration=4ms
2026-02-26 21:43:04 |     INFO | MarketingAdvantageAI | [ConflictEngine] No rows pending conflict analysis.
2026-02-26 21:43:04 |     INFO | MarketingAdvantageAI | [conflict_detection] ✅ Run complete | processed=0 | duration=4ms
2026-02-26 21:43:54 |     INFO | MarketingAdvantageAI | [AgenticValidation] No rows pending validation.
2026-02-26 21:43:54 |     INFO | MarketingAdvantageAI | [agentic_validation] ✅ Run complete | processed=0 | duration=61ms
2026-02-26 21:44:54 |     INFO | MarketingAdvantageAI | [AgenticValidation] No rows pending validation.
2026-02-26 21:44:54 |     INFO | MarketingAdvantageAI | [agentic_validation] ✅ Run complete | processed=0 | duration=4ms
2026-02-26 21:45:04 |     INFO | MarketingAdvantageAI | [ConflictEngine] No rows pending conflict analysis.
2026-02-26 21:45:04 |     INFO | MarketingAdvantageAI | [conflict_detection] ✅ Run complete | processed=0 | duration=4ms
2026-02-26 21:45:54 |     INFO | MarketingAdvantageAI | [AgenticValidation] No rows pending validation.
2026-02-26 21:45:54 |     INFO | MarketingAdvantageAI | [agentic_validation] ✅ Run complete | processed=0 | duration=5ms
2026-02-26 21:46:54 |     INFO | MarketingAdvantageAI | [AgenticValidation] No rows pending validation.
2026-02-26 21:46:54 |     INFO | MarketingAdvantageAI | [agentic_validation] ✅ Run complete | processed=0 | duration=5ms
2026-02-26 21:47:04 |     INFO | MarketingAdvantageAI | [ConflictEngine] No rows pending conflict analysis.
2026-02-26 21:47:04 |     INFO | MarketingAdvantageAI | [conflict_detection] ✅ Run complete | processed=0 | duration=5ms
2026-02-26 21:47:54 |     INFO | MarketingAdvantageAI | [TemporalRevalidation] No rows pending temporal review.
2026-02-26 21:47:54 |     INFO | MarketingAdvantageAI | [temporal_revalidation] ✅ Run complete | processed=0 | duration=3ms
2026-02-26 21:47:54 |     INFO | MarketingAdvantageAI | [AgenticValidation] No rows pending validation.
2026-02-26 21:47:54 |     INFO | MarketingAdvantageAI | [agentic_validation] ✅ Run complete | processed=0 | duration=3ms
2026-02-26 21:48:54 |     INFO | MarketingAdvantageAI | [AgenticValidation] No rows pending validation.
2026-02-26 21:48:54 |     INFO | MarketingAdvantageAI | [agentic_validation] ✅ Run complete | processed=0 | duration=3ms
2026-02-26 21:49:04 |     INFO | MarketingAdvantageAI | [ConflictEngine] No rows pending conflict analysis.
2026-02-26 21:49:04 |     INFO | MarketingAdvantageAI | [conflict_detection] ✅ Run complete | processed=0 | duration=4ms
2026-02-26 21:49:54 |     INFO | MarketingAdvantageAI | [AgenticValidation] No rows pending validation.
2026-02-26 21:49:54 |     INFO | MarketingAdvantageAI | [agentic_validation] ✅ Run complete | processed=0 | duration=3ms
2026-02-26 21:50:54 |     INFO | MarketingAdvantageAI | [AgenticValidation] No rows pending validation.
2026-02-26 21:50:54 |     INFO | MarketingAdvantageAI | [agentic_validation] ✅ Run complete | processed=0 | duration=4ms
2026-02-26 21:51:04 |     INFO | MarketingAdvantageAI | [ConflictEngine] No rows pending conflict analysis.
2026-02-26 21:51:04 |     INFO | MarketingAdvantageAI | [conflict_detection] ✅ Run complete | processed=0 | duration=3ms
2026-02-26 21:51:54 |     INFO | MarketingAdvantageAI | [AgenticValidation] No rows pending validation.
2026-02-26 21:51:54 |     INFO | MarketingAdvantageAI | [agentic_validation] ✅ Run complete | processed=0 | duration=4ms
2026-02-26 21:52:54 |     INFO | MarketingAdvantageAI | [TemporalRevalidation] No rows pending temporal review.
2026-02-26 21:52:54 |     INFO | MarketingAdvantageAI | [temporal_revalidation] ✅ Run complete | processed=0 | duration=5ms
2026-02-26 21:52:54 |     INFO | MarketingAdvantageAI | [AgenticValidation] No rows pending validation.
2026-02-26 21:52:54 |     INFO | MarketingAdvantageAI | [agentic_validation] ✅ Run complete | processed=0 | duration=4ms
2026-02-26 21:53:04 |     INFO | MarketingAdvantageAI | [ConflictEngine] No rows pending conflict analysis.
2026-02-26 21:53:04 |     INFO | MarketingAdvantageAI | [conflict_detection] ✅ Run complete | processed=0 | duration=4ms
2026-02-26 21:53:54 |     INFO | MarketingAdvantageAI | [AgenticValidation] No rows pending validation.
2026-02-26 21:53:54 |     INFO | MarketingAdvantageAI | [agentic_validation] ✅ Run complete | processed=0 | duration=5ms
2026-02-26 21:54:54 |     INFO | MarketingAdvantageAI | [AgenticValidation] No rows pending validation.
2026-02-26 21:54:54 |     INFO | MarketingAdvantageAI | [agentic_validation] ✅ Run complete | processed=0 | duration=4ms
2026-02-26 21:55:04 |     INFO | MarketingAdvantageAI | [ConflictEngine] No rows pending conflict analysis.
2026-02-26 21:55:04 |     INFO | MarketingAdvantageAI | [conflict_detection] ✅ Run complete | processed=0 | duration=4ms
2026-02-26 21:55:54 |     INFO | MarketingAdvantageAI | [AgenticValidation] No rows pending validation.
2026-02-26 21:55:54 |     INFO | MarketingAdvantageAI | [agentic_validation] ✅ Run complete | processed=0 | duration=4ms
2026-02-26 21:56:54 |     INFO | MarketingAdvantageAI | [AgenticValidation] No rows pending validation.
2026-02-26 21:56:54 |     INFO | MarketingAdvantageAI | [agentic_validation] ✅ Run complete | processed=0 | duration=5ms
2026-02-26 21:57:04 |     INFO | MarketingAdvantageAI | [ConflictEngine] No rows pending conflict analysis.
2026-02-26 21:57:04 |     INFO | MarketingAdvantageAI | [conflict_detection] ✅ Run complete | processed=0 | duration=4ms
2026-02-26 21:57:54 |     INFO | MarketingAdvantageAI | [TemporalRevalidation] No rows pending temporal review.
2026-02-26 21:57:54 |     INFO | MarketingAdvantageAI | [temporal_revalidation] ✅ Run complete | processed=0 | duration=3ms
2026-02-26 21:57:54 |     INFO | MarketingAdvantageAI | [AgenticValidation] No rows pending validation.
2026-02-26 21:57:54 |     INFO | MarketingAdvantageAI | [agentic_validation] ✅ Run complete | processed=0 | duration=3ms
2026-02-26 21:58:54 |     INFO | MarketingAdvantageAI | [AgenticValidation] No rows pending validation.
2026-02-26 21:58:54 |     INFO | MarketingAdvantageAI | [agentic_validation] ✅ Run complete | processed=0 | duration=4ms
2026-02-26 21:59:04 |     INFO | MarketingAdvantageAI | [ConflictEngine] No rows pending conflict analysis.
2026-02-26 21:59:04 |     INFO | MarketingAdvantageAI | [conflict_detection] ✅ Run complete | processed=0 | duration=4ms
2026-02-26 21:59:54 |     INFO | MarketingAdvantageAI | [AgenticValidation] No rows pending validation.
2026-02-26 21:59:54 |     INFO | MarketingAdvantageAI | [agentic_validation] ✅ Run complete | processed=0 | duration=4ms
2026-02-26 22:00:44 |     INFO | MarketingAdvantageAI | [Scheduler] Initiating graceful shutdown...
2026-02-26 22:00:44 |     INFO | MarketingAdvantageAI | [temporal_revalidation] Worker stopped
2026-02-26 22:00:44 |     INFO | MarketingAdvantageAI | [conflict_detection] Worker stopped
2026-02-26 22:00:44 |     INFO | MarketingAdvantageAI | [HealthMonitor] Health monitor stopped
2026-02-26 22:00:44 |     INFO | MarketingAdvantageAI | [agentic_validation] Worker stopped
2026-02-26 22:00:44 |     INFO | MarketingAdvantageAI | [Scheduler] All tasks completed gracefully
2026-02-26 22:00:44 |     INFO | MarketingAdvantageAI | [Scheduler] Scheduler stopped
2026-02-26 22:00:54 |     INFO | MarketingAdvantageAI | [IngestionV2] ChromaDB client initialized at ./chroma_db
2026-02-26 22:00:54 |     INFO | MarketingAdvantageAI | [IngestionV2] Found ChromaDB collections: ['ingested_content']
2026-02-26 22:00:54 |     INFO | MarketingAdvantageAI | [IngestionV2] ✅ Connected to existing collection 'ingested_content'
2026-02-26 22:00:54 |     INFO | MarketingAdvantageAI | [WatcherIngestorV2] Background watcher started with FastAPI server.
2026-02-26 22:00:54 |     INFO | MarketingAdvantageAI | [Scheduler] Starting validation scheduler | validation_interval=60s | conflict_interval=120s | temporal_interval=300s
2026-02-26 22:00:54 |     INFO | MarketingAdvantageAI | [Scheduler] Started 4 background tasks (validation: True, conflict: True, temporal: True)
2026-02-26 22:00:54 |     INFO | MarketingAdvantageAI | [WatcherIngestorV2] 👀 Watching folder: C:\ProjectK\MarketingAdvantage_AI_v1\static\uploads\manual
2026-02-26 22:00:54 |     INFO | MarketingAdvantageAI | [agentic_validation] Worker started
2026-02-26 22:00:54 |     INFO | MarketingAdvantageAI | [conflict_detection] Worker started
2026-02-26 22:00:54 |     INFO | MarketingAdvantageAI | [temporal_revalidation] Worker started
2026-02-26 22:00:54 |     INFO | MarketingAdvantageAI | [HealthMonitor] Health monitor started
2026-02-26 22:00:59 |     INFO | MarketingAdvantageAI | [Scheduler] Initiating graceful shutdown...
2026-02-26 22:00:59 |     INFO | MarketingAdvantageAI | [agentic_validation] Worker stopped
2026-02-26 22:00:59 |     INFO | MarketingAdvantageAI | [temporal_revalidation] Worker stopped
2026-02-26 22:00:59 |     INFO | MarketingAdvantageAI | [HealthMonitor] Health monitor stopped
2026-02-26 22:01:04 |     INFO | MarketingAdvantageAI | [conflict_detection] Worker stopped
2026-02-26 22:01:04 |     INFO | MarketingAdvantageAI | [Scheduler] All tasks completed gracefully
2026-02-26 22:01:04 |     INFO | MarketingAdvantageAI | [Scheduler] Scheduler stopped
2026-02-26 22:01:15 |     INFO | MarketingAdvantageAI | [IngestionV2] ChromaDB client initialized at ./chroma_db
2026-02-26 22:01:15 |     INFO | MarketingAdvantageAI | [IngestionV2] Found ChromaDB collections: ['ingested_content']
2026-02-26 22:01:15 |     INFO | MarketingAdvantageAI | [IngestionV2] ✅ Connected to existing collection 'ingested_content'
2026-02-26 22:01:15 |     INFO | MarketingAdvantageAI | [WatcherIngestorV2] Background watcher started with FastAPI server.
2026-02-26 22:01:15 |     INFO | MarketingAdvantageAI | [Scheduler] Starting validation scheduler | validation_interval=60s | conflict_interval=120s | temporal_interval=300s
2026-02-26 22:01:15 |     INFO | MarketingAdvantageAI | [Scheduler] Started 4 background tasks (validation: True, conflict: True, temporal: True)
2026-02-26 22:01:15 |     INFO | MarketingAdvantageAI | [WatcherIngestorV2] 👀 Watching folder: C:\ProjectK\MarketingAdvantage_AI_v1\static\uploads\manual
2026-02-26 22:01:15 |     INFO | MarketingAdvantageAI | [agentic_validation] Worker started
2026-02-26 22:01:15 |     INFO | MarketingAdvantageAI | [conflict_detection] Worker started
2026-02-26 22:01:15 |     INFO | MarketingAdvantageAI | [temporal_revalidation] Worker started
2026-02-26 22:01:15 |     INFO | MarketingAdvantageAI | [HealthMonitor] Health monitor started
2026-02-26 22:01:18 |     INFO | MarketingAdvantageAI | [Scheduler] Initiating graceful shutdown...
2026-02-26 22:01:18 |     INFO | MarketingAdvantageAI | [agentic_validation] Worker stopped
2026-02-26 22:01:18 |     INFO | MarketingAdvantageAI | [temporal_revalidation] Worker stopped
2026-02-26 22:01:18 |     INFO | MarketingAdvantageAI | [HealthMonitor] Health monitor stopped
2026-02-26 22:01:25 |     INFO | MarketingAdvantageAI | [conflict_detection] Worker stopped
2026-02-26 22:01:25 |     INFO | MarketingAdvantageAI | [Scheduler] All tasks completed gracefully
2026-02-26 22:01:25 |     INFO | MarketingAdvantageAI | [Scheduler] Scheduler stopped
2026-02-26 22:01:35 |     INFO | MarketingAdvantageAI | [IngestionV2] ChromaDB client initialized at ./chroma_db
2026-02-26 22:01:35 |     INFO | MarketingAdvantageAI | [IngestionV2] Found ChromaDB collections: ['ingested_content']
2026-02-26 22:01:35 |     INFO | MarketingAdvantageAI | [IngestionV2] ✅ Connected to existing collection 'ingested_content'
2026-02-26 22:01:35 |     INFO | MarketingAdvantageAI | [WatcherIngestorV2] Background watcher started with FastAPI server.
2026-02-26 22:01:35 |     INFO | MarketingAdvantageAI | [Scheduler] Starting validation scheduler | validation_interval=60s | conflict_interval=120s | temporal_interval=300s
2026-02-26 22:01:35 |     INFO | MarketingAdvantageAI | [Scheduler] Started 4 background tasks (validation: True, conflict: True, temporal: True)
2026-02-26 22:01:35 |     INFO | MarketingAdvantageAI | [WatcherIngestorV2] 👀 Watching folder: C:\ProjectK\MarketingAdvantage_AI_v1\static\uploads\manual
2026-02-26 22:01:35 |     INFO | MarketingAdvantageAI | [agentic_validation] Worker started
2026-02-26 22:01:35 |     INFO | MarketingAdvantageAI | [conflict_detection] Worker started
2026-02-26 22:01:35 |     INFO | MarketingAdvantageAI | [temporal_revalidation] Worker started
2026-02-26 22:01:35 |     INFO | MarketingAdvantageAI | [HealthMonitor] Health monitor started
2026-02-26 22:02:36 |     INFO | MarketingAdvantageAI | [AgenticValidation] No rows pending validation.
2026-02-26 22:02:36 |     INFO | MarketingAdvantageAI | [agentic_validation] ✅ Run complete | processed=0 | duration=77ms
2026-02-26 22:02:39 |     INFO | MarketingAdvantageAI | [WatcherIngestorV2] 📥 Detected new file → commoncrawl.JSON
2026-02-26 22:02:39 |     INFO | MarketingAdvantageAI | [json_parser_v2] Parsing JSON file: static\uploads\api\commoncrawl_bdca9b8e2d1c4a918ff574439558c1ad.JSON
2026-02-26 22:02:39 |     INFO | MarketingAdvantageAI | [json_parser_v2] LLM normalization skipped (disabled).
2026-02-26 22:02:39 |     INFO | MarketingAdvantageAI | [segmenter_v2] Added/Updated GCI entry ab2173bc...)
2026-02-26 22:02:39 |     INFO | MarketingAdvantageAI | [segmenter_v2] Added/Updated GCI entry 9132e6c4...)
2026-02-26 22:02:39 |     INFO | MarketingAdvantageAI | [segmenter_v2] Added/Updated GCI entry 7f387aec...)
2026-02-26 22:02:39 |     INFO | MarketingAdvantageAI | [segmenter_v2] Added/Updated GCI entry c20061c1...)
2026-02-26 22:02:39 |     INFO | MarketingAdvantageAI | [segmenter_v2] Added/Updated GCI entry bedae3dd...)
2026-02-26 22:02:39 |     INFO | MarketingAdvantageAI | [segmenter_v2] Added/Updated GCI entry 93ba6873...)
2026-02-26 22:02:39 |     INFO | MarketingAdvantageAI | [segmenter_v2] Added/Updated GCI entry 357e0d5d...)
2026-02-26 22:02:39 |     INFO | MarketingAdvantageAI | [segmenter_v2] Added/Updated GCI entry 10611012...)
2026-02-26 22:02:39 |     INFO | MarketingAdvantageAI | [segmenter_v2] Added/Updated GCI entry 3cb83bc5...)
2026-02-26 22:02:39 |     INFO | MarketingAdvantageAI | [segmenter_v2] Added/Updated GCI entry 7a5206c5...)
2026-02-26 22:02:39 |     INFO | MarketingAdvantageAI | [segmenter_v2] Added/Updated GCI entry e3af592b...)
2026-02-26 22:02:39 |     INFO | MarketingAdvantageAI | [segmenter_v2] Added/Updated GCI entry a7f94bbd...)
2026-02-26 22:02:39 |     INFO | MarketingAdvantageAI | [segmenter_v2] Added/Updated GCI entry f9a28870...)
2026-02-26 22:02:39 |     INFO | MarketingAdvantageAI | [segmenter_v2] Added/Updated GCI entry fe4b2bfa...)
2026-02-26 22:02:39 |     INFO | MarketingAdvantageAI | [segmenter_v2] Added/Updated GCI entry 67818988...)
2026-02-26 22:02:39 |     INFO | MarketingAdvantageAI | [segmenter_v2] Added/Updated GCI entry 1037a2f9...)
2026-02-26 22:02:39 |     INFO | MarketingAdvantageAI | [segmenter_v2] Added/Updated GCI entry 000dbce1...)
2026-02-26 22:02:39 |     INFO | MarketingAdvantageAI | [segmenter_v2] Added/Updated GCI entry ab2173bc...)
2026-02-26 22:02:39 |     INFO | MarketingAdvantageAI | [segmenter_v2] Added/Updated GCI entry 9132e6c4...)
2026-02-26 22:02:39 |     INFO | MarketingAdvantageAI | [segmenter_v2] Added/Updated GCI entry 7f387aec...)
2026-02-26 22:02:40 |     INFO | MarketingAdvantageAI | [segmenter_v2] Added/Updated GCI entry c20061c1...)
2026-02-26 22:02:40 |     INFO | MarketingAdvantageAI | [segmenter_v2] Added/Updated GCI entry bedae3dd...)
2026-02-26 22:02:40 |     INFO | MarketingAdvantageAI | [segmenter_v2] Added/Updated GCI entry 93ba6873...)
2026-02-26 22:02:40 |     INFO | MarketingAdvantageAI | [segmenter_v2] Added/Updated GCI entry 357e0d5d...)
2026-02-26 22:02:40 |     INFO | MarketingAdvantageAI | [segmenter_v2] Added/Updated GCI entry 10611012...)
2026-02-26 22:02:40 |     INFO | MarketingAdvantageAI | [segmenter_v2] Added/Updated GCI entry 3cb83bc5...)
2026-02-26 22:02:40 |     INFO | MarketingAdvantageAI | [segmenter_v2] Added/Updated GCI entry 7a5206c5...)
2026-02-26 22:02:40 |     INFO | MarketingAdvantageAI | [segmenter_v2] Added/Updated GCI entry e3af592b...)
2026-02-26 22:02:40 |     INFO | MarketingAdvantageAI | [segmenter_v2] Added/Updated GCI entry a7f94bbd...)
2026-02-26 22:02:40 |     INFO | MarketingAdvantageAI | [segmenter_v2] Added/Updated GCI entry f9a28870...)
2026-02-26 22:02:40 |     INFO | MarketingAdvantageAI | [segmenter_v2] Added/Updated GCI entry fe4b2bfa...)
2026-02-26 22:02:40 |     INFO | MarketingAdvantageAI | [segmenter_v2] Added/Updated GCI entry 67818988...)
2026-02-26 22:02:40 |     INFO | MarketingAdvantageAI | [segmenter_v2] Added/Updated GCI entry 1037a2f9...)
2026-02-26 22:02:40 |     INFO | MarketingAdvantageAI | [ERROR] Direct ingestion failed for 2c32390f-258d-49fb-bf41-70920d7bcf45: An instance of Chroma already exists for ./chroma_db with different settings
2026-02-26 22:02:40 |     INFO | MarketingAdvantageAI | [file_router_v2] ✅ Ingestion complete for commoncrawl.JSON
2026-02-26 22:02:40 |     INFO | MarketingAdvantageAI | [MediaHook] Handling media for file: static\uploads\api\commoncrawl_bdca9b8e2d1c4a918ff574439558c1ad.JSON
2026-02-26 22:02:40 |     INFO | MarketingAdvantageAI | [MediaHook] No media action taken
2026-02-26 22:02:40 |     INFO | MarketingAdvantageAI | [WatcherIngestorV2] ✅ Auto-ingested commoncrawl.JSON: status=ingested
2026-02-26 22:03:36 |     INFO | MarketingAdvantageAI | [AgenticValidation] No rows pending validation.
2026-02-26 22:03:36 |     INFO | MarketingAdvantageAI | [agentic_validation] ✅ Run complete | processed=0 | duration=4ms
2026-02-26 22:03:45 |     INFO | MarketingAdvantageAI | [ConflictEngine] No rows pending conflict analysis.
2026-02-26 22:03:45 |     INFO | MarketingAdvantageAI | [conflict_detection] ✅ Run complete | processed=0 | duration=7ms
2026-02-26 22:04:35 |     INFO | MarketingAdvantageAI | [AgenticValidation] No rows pending validation.
2026-02-26 22:04:36 |     INFO | MarketingAdvantageAI | [agentic_validation] ✅ Run complete | processed=0 | duration=4ms
2026-02-26 22:05:36 |     INFO | MarketingAdvantageAI | [AgenticValidation] No rows pending validation.
2026-02-26 22:05:36 |     INFO | MarketingAdvantageAI | [agentic_validation] ✅ Run complete | processed=0 | duration=3ms
2026-02-26 22:05:45 |     INFO | MarketingAdvantageAI | [ConflictEngine] No rows pending conflict analysis.
2026-02-26 22:05:45 |     INFO | MarketingAdvantageAI | [conflict_detection] ✅ Run complete | processed=0 | duration=4ms
2026-02-26 22:06:35 |     INFO | MarketingAdvantageAI | [TemporalRevalidation] No rows pending temporal review.
2026-02-26 22:06:35 |     INFO | MarketingAdvantageAI | [temporal_revalidation] ✅ Run complete | processed=0 | duration=6ms
2026-02-26 22:06:35 |     INFO | MarketingAdvantageAI | [AgenticValidation] No rows pending validation.
2026-02-26 22:06:35 |     INFO | MarketingAdvantageAI | [agentic_validation] ✅ Run complete | processed=0 | duration=4ms
2026-02-26 22:07:36 |     INFO | MarketingAdvantageAI | [AgenticValidation] No rows pending validation.
2026-02-26 22:07:36 |     INFO | MarketingAdvantageAI | [agentic_validation] ✅ Run complete | processed=0 | duration=2ms
2026-02-26 22:07:45 |     INFO | MarketingAdvantageAI | [ConflictEngine] No rows pending conflict analysis.
2026-02-26 22:07:45 |     INFO | MarketingAdvantageAI | [conflict_detection] ✅ Run complete | processed=0 | duration=5ms
2026-02-26 22:08:36 |     INFO | MarketingAdvantageAI | [AgenticValidation] No rows pending validation.
2026-02-26 22:08:36 |     INFO | MarketingAdvantageAI | [agentic_validation] ✅ Run complete | processed=0 | duration=4ms
2026-02-26 22:09:36 |     INFO | MarketingAdvantageAI | [AgenticValidation] No rows pending validation.
2026-02-26 22:09:36 |     INFO | MarketingAdvantageAI | [agentic_validation] ✅ Run complete | processed=0 | duration=4ms
2026-02-26 22:09:45 |     INFO | MarketingAdvantageAI | [ConflictEngine] No rows pending conflict analysis.
2026-02-26 22:09:45 |     INFO | MarketingAdvantageAI | [conflict_detection] ✅ Run complete | processed=0 | duration=4ms
2026-02-26 22:10:36 |     INFO | MarketingAdvantageAI | [AgenticValidation] No rows pending validation.
2026-02-26 22:10:36 |     INFO | MarketingAdvantageAI | [agentic_validation] ✅ Run complete | processed=0 | duration=4ms
2026-02-26 22:11:35 |     INFO | MarketingAdvantageAI | [TemporalRevalidation] No rows pending temporal review.
2026-02-26 22:11:35 |     INFO | MarketingAdvantageAI | [temporal_revalidation] ✅ Run complete | processed=0 | duration=3ms
2026-02-26 22:11:36 |     INFO | MarketingAdvantageAI | [AgenticValidation] No rows pending validation.
2026-02-26 22:11:36 |     INFO | MarketingAdvantageAI | [agentic_validation] ✅ Run complete | processed=0 | duration=3ms
2026-02-26 22:11:45 |     INFO | MarketingAdvantageAI | [ConflictEngine] No rows pending conflict analysis.
2026-02-26 22:11:45 |     INFO | MarketingAdvantageAI | [conflict_detection] ✅ Run complete | processed=0 | duration=4ms
2026-02-26 22:12:36 |     INFO | MarketingAdvantageAI | [AgenticValidation] No rows pending validation.
2026-02-26 22:12:36 |     INFO | MarketingAdvantageAI | [agentic_validation] ✅ Run complete | processed=0 | duration=4ms
2026-02-26 22:13:36 |     INFO | MarketingAdvantageAI | [AgenticValidation] No rows pending validation.
2026-02-26 22:13:36 |     INFO | MarketingAdvantageAI | [agentic_validation] ✅ Run complete | processed=0 | duration=4ms
2026-02-26 22:13:45 |     INFO | MarketingAdvantageAI | [ConflictEngine] No rows pending conflict analysis.
2026-02-26 22:13:45 |     INFO | MarketingAdvantageAI | [conflict_detection] ✅ Run complete | processed=0 | duration=4ms
2026-02-26 22:14:36 |     INFO | MarketingAdvantageAI | [AgenticValidation] No rows pending validation.
2026-02-26 22:14:36 |     INFO | MarketingAdvantageAI | [agentic_validation] ✅ Run complete | processed=0 | duration=4ms
2026-02-26 22:15:36 |     INFO | MarketingAdvantageAI | [AgenticValidation] No rows pending validation.
2026-02-26 22:15:36 |     INFO | MarketingAdvantageAI | [agentic_validation] ✅ Run complete | processed=0 | duration=4ms
2026-02-26 22:15:45 |     INFO | MarketingAdvantageAI | [ConflictEngine] No rows pending conflict analysis.
2026-02-26 22:15:45 |     INFO | MarketingAdvantageAI | [conflict_detection] ✅ Run complete | processed=0 | duration=3ms
2026-02-26 22:16:35 |     INFO | MarketingAdvantageAI | [TemporalRevalidation] No rows pending temporal review.
2026-02-26 22:16:35 |     INFO | MarketingAdvantageAI | [temporal_revalidation] ✅ Run complete | processed=0 | duration=4ms
2026-02-26 22:16:36 |     INFO | MarketingAdvantageAI | [AgenticValidation] No rows pending validation.
2026-02-26 22:16:36 |     INFO | MarketingAdvantageAI | [agentic_validation] ✅ Run complete | processed=0 | duration=5ms
2026-02-26 22:17:36 |     INFO | MarketingAdvantageAI | [AgenticValidation] No rows pending validation.
2026-02-26 22:17:36 |     INFO | MarketingAdvantageAI | [agentic_validation] ✅ Run complete | processed=0 | duration=4ms
2026-02-26 22:17:45 |     INFO | MarketingAdvantageAI | [ConflictEngine] No rows pending conflict analysis.
2026-02-26 22:17:45 |     INFO | MarketingAdvantageAI | [conflict_detection] ✅ Run complete | processed=0 | duration=4ms
2026-02-26 22:18:19 |     INFO | MarketingAdvantageAI | [Scheduler] Initiating graceful shutdown...
2026-02-26 22:18:19 |     INFO | MarketingAdvantageAI | [temporal_revalidation] Worker stopped
2026-02-26 22:18:19 |     INFO | MarketingAdvantageAI | [HealthMonitor] Health monitor stopped
2026-02-26 22:18:19 |     INFO | MarketingAdvantageAI | [agentic_validation] Worker stopped
2026-02-26 22:18:19 |     INFO | MarketingAdvantageAI | [conflict_detection] Worker stopped
2026-02-26 22:18:19 |     INFO | MarketingAdvantageAI | [Scheduler] All tasks completed gracefully
2026-02-26 22:18:19 |     INFO | MarketingAdvantageAI | [Scheduler] Scheduler stopped
2026-02-26 22:18:29 |     INFO | MarketingAdvantageAI | [IngestionV2] ChromaDB client initialized at ./chroma_db
2026-02-26 22:18:29 |     INFO | MarketingAdvantageAI | [IngestionV2] Found ChromaDB collections: ['ingested_content']
2026-02-26 22:18:29 |     INFO | MarketingAdvantageAI | [IngestionV2] ✅ Connected to existing collection 'ingested_content'
2026-02-26 22:18:29 |     INFO | MarketingAdvantageAI | [WatcherIngestorV2] Background watcher started with FastAPI server.
2026-02-26 22:18:29 |     INFO | MarketingAdvantageAI | [Scheduler] Starting validation scheduler | validation_interval=60s | conflict_interval=120s | temporal_interval=300s
2026-02-26 22:18:29 |     INFO | MarketingAdvantageAI | [Scheduler] Started 4 background tasks (validation: True, conflict: True, temporal: True)
2026-02-26 22:18:29 |     INFO | MarketingAdvantageAI | [WatcherIngestorV2] 👀 Watching folder: C:\ProjectK\MarketingAdvantage_AI_v1\static\uploads\manual
2026-02-26 22:18:29 |     INFO | MarketingAdvantageAI | [agentic_validation] Worker started
2026-02-26 22:18:29 |     INFO | MarketingAdvantageAI | [conflict_detection] Worker started
2026-02-26 22:18:29 |     INFO | MarketingAdvantageAI | [temporal_revalidation] Worker started
2026-02-26 22:18:29 |     INFO | MarketingAdvantageAI | [HealthMonitor] Health monitor started
2026-02-26 22:18:29 |     INFO | MarketingAdvantageAI | [temporal_revalidation] Worker cancelled
2026-02-26 22:18:29 |     INFO | MarketingAdvantageAI | [temporal_revalidation] Worker stopped
2026-02-26 22:18:29 |     INFO | MarketingAdvantageAI | [HealthMonitor] Health monitor stopped
2026-02-26 22:18:29 |     INFO | MarketingAdvantageAI | [agentic_validation] Worker cancelled
2026-02-26 22:18:29 |     INFO | MarketingAdvantageAI | [agentic_validation] Worker stopped
2026-02-26 22:18:41 |     INFO | MarketingAdvantageAI | [IngestionV2] ChromaDB client initialized at ./chroma_db
2026-02-26 22:18:41 |     INFO | MarketingAdvantageAI | [IngestionV2] Found ChromaDB collections: ['ingested_content']
2026-02-26 22:18:41 |     INFO | MarketingAdvantageAI | [IngestionV2] ✅ Connected to existing collection 'ingested_content'
2026-02-26 22:18:41 |     INFO | MarketingAdvantageAI | [WatcherIngestorV2] Background watcher started with FastAPI server.
2026-02-26 22:18:41 |     INFO | MarketingAdvantageAI | [Scheduler] Starting validation scheduler | validation_interval=60s | conflict_interval=120s | temporal_interval=300s
2026-02-26 22:18:41 |     INFO | MarketingAdvantageAI | [Scheduler] Started 4 background tasks (validation: True, conflict: True, temporal: True)
2026-02-26 22:18:41 |     INFO | MarketingAdvantageAI | [WatcherIngestorV2] 👀 Watching folder: C:\ProjectK\MarketingAdvantage_AI_v1\static\uploads\manual
2026-02-26 22:18:41 |     INFO | MarketingAdvantageAI | [agentic_validation] Worker started
2026-02-26 22:18:41 |     INFO | MarketingAdvantageAI | [conflict_detection] Worker started
2026-02-26 22:18:41 |     INFO | MarketingAdvantageAI | [temporal_revalidation] Worker started
2026-02-26 22:18:41 |     INFO | MarketingAdvantageAI | [HealthMonitor] Health monitor started
2026-02-26 22:19:17 |     INFO | MarketingAdvantageAI | [Scheduler] Initiating graceful shutdown...
2026-02-26 22:19:17 |     INFO | MarketingAdvantageAI | [agentic_validation] Worker stopped
2026-02-26 22:19:17 |     INFO | MarketingAdvantageAI | [temporal_revalidation] Worker stopped
2026-02-26 22:19:17 |     INFO | MarketingAdvantageAI | [HealthMonitor] Health monitor stopped
2026-02-26 22:19:17 |     INFO | MarketingAdvantageAI | [conflict_detection] Worker stopped
2026-02-26 22:19:17 |     INFO | MarketingAdvantageAI | [Scheduler] All tasks completed gracefully
2026-02-26 22:19:17 |     INFO | MarketingAdvantageAI | [Scheduler] Scheduler stopped
2026-02-26 22:19:28 |     INFO | MarketingAdvantageAI | [IngestionV2] ChromaDB client initialized at ./chroma_db
2026-02-26 22:19:28 |     INFO | MarketingAdvantageAI | [IngestionV2] Found ChromaDB collections: ['ingested_content']
2026-02-26 22:19:28 |     INFO | MarketingAdvantageAI | [IngestionV2] ✅ Connected to existing collection 'ingested_content'
2026-02-26 22:19:28 |     INFO | MarketingAdvantageAI | [WatcherIngestorV2] Background watcher started with FastAPI server.
2026-02-26 22:19:28 |     INFO | MarketingAdvantageAI | [Scheduler] Starting validation scheduler | validation_interval=60s | conflict_interval=120s | temporal_interval=300s
2026-02-26 22:19:28 |     INFO | MarketingAdvantageAI | [Scheduler] Started 4 background tasks (validation: True, conflict: True, temporal: True)
2026-02-26 22:19:28 |     INFO | MarketingAdvantageAI | [WatcherIngestorV2] 👀 Watching folder: C:\ProjectK\MarketingAdvantage_AI_v1\static\uploads\manual
2026-02-26 22:19:28 |     INFO | MarketingAdvantageAI | [agentic_validation] Worker started
2026-02-26 22:19:28 |     INFO | MarketingAdvantageAI | [conflict_detection] Worker started
2026-02-26 22:19:28 |     INFO | MarketingAdvantageAI | [temporal_revalidation] Worker started
2026-02-26 22:19:28 |     INFO | MarketingAdvantageAI | [HealthMonitor] Health monitor started
2026-02-26 22:19:28 |     INFO | MarketingAdvantageAI | [temporal_revalidation] Worker cancelled
2026-02-26 22:19:28 |     INFO | MarketingAdvantageAI | [temporal_revalidation] Worker stopped
2026-02-26 22:19:28 |     INFO | MarketingAdvantageAI | [HealthMonitor] Health monitor stopped
2026-02-26 22:19:28 |     INFO | MarketingAdvantageAI | [agentic_validation] Worker cancelled
2026-02-26 22:19:28 |     INFO | MarketingAdvantageAI | [agentic_validation] Worker stopped
2026-02-26 22:19:41 |     INFO | MarketingAdvantageAI | [IngestionV2] ChromaDB client initialized at ./chroma_db
2026-02-26 22:19:41 |     INFO | MarketingAdvantageAI | [IngestionV2] Found ChromaDB collections: ['ingested_content']
2026-02-26 22:19:41 |     INFO | MarketingAdvantageAI | [IngestionV2] ✅ Connected to existing collection 'ingested_content'
2026-02-26 22:19:41 |     INFO | MarketingAdvantageAI | [WatcherIngestorV2] Background watcher started with FastAPI server.
2026-02-26 22:19:41 |     INFO | MarketingAdvantageAI | [Scheduler] Starting validation scheduler | validation_interval=60s | conflict_interval=120s | temporal_interval=300s
2026-02-26 22:19:41 |     INFO | MarketingAdvantageAI | [Scheduler] Started 4 background tasks (validation: True, conflict: True, temporal: True)
2026-02-26 22:19:41 |     INFO | MarketingAdvantageAI | [WatcherIngestorV2] 👀 Watching folder: C:\ProjectK\MarketingAdvantage_AI_v1\static\uploads\manual
2026-02-26 22:19:41 |     INFO | MarketingAdvantageAI | [agentic_validation] Worker started
2026-02-26 22:19:41 |     INFO | MarketingAdvantageAI | [conflict_detection] Worker started
2026-02-26 22:19:41 |     INFO | MarketingAdvantageAI | [temporal_revalidation] Worker started
2026-02-26 22:19:41 |     INFO | MarketingAdvantageAI | [HealthMonitor] Health monitor started
2026-02-26 22:20:41 |     INFO | MarketingAdvantageAI | [AgenticValidation] No rows pending validation.
2026-02-26 22:20:41 |     INFO | MarketingAdvantageAI | [agentic_validation] ✅ Run complete | processed=0 | duration=79ms
2026-02-26 22:21:09 |     INFO | MarketingAdvantageAI | [Scheduler] Initiating graceful shutdown...
2026-02-26 22:21:09 |     INFO | MarketingAdvantageAI | [temporal_revalidation] Worker stopped
2026-02-26 22:21:09 |     INFO | MarketingAdvantageAI | [conflict_detection] Worker stopped
2026-02-26 22:21:09 |     INFO | MarketingAdvantageAI | [HealthMonitor] Health monitor stopped
2026-02-26 22:21:09 |     INFO | MarketingAdvantageAI | [agentic_validation] Worker stopped
2026-02-26 22:21:09 |     INFO | MarketingAdvantageAI | [Scheduler] All tasks completed gracefully
2026-02-26 22:21:09 |     INFO | MarketingAdvantageAI | [Scheduler] Scheduler stopped
2026-02-26 22:21:20 |     INFO | MarketingAdvantageAI | [IngestionV2] ChromaDB client initialized at ./chroma_db
2026-02-26 22:21:20 |     INFO | MarketingAdvantageAI | [IngestionV2] Found ChromaDB collections: ['ingested_content']
2026-02-26 22:21:20 |     INFO | MarketingAdvantageAI | [IngestionV2] ✅ Connected to existing collection 'ingested_content'
2026-02-26 22:21:20 |     INFO | MarketingAdvantageAI | [WatcherIngestorV2] Background watcher started with FastAPI server.
2026-02-26 22:21:20 |     INFO | MarketingAdvantageAI | [Scheduler] Starting validation scheduler | validation_interval=60s | conflict_interval=120s | temporal_interval=300s
2026-02-26 22:21:20 |     INFO | MarketingAdvantageAI | [Scheduler] Started 4 background tasks (validation: True, conflict: True, temporal: True)
2026-02-26 22:21:20 |     INFO | MarketingAdvantageAI | [WatcherIngestorV2] 👀 Watching folder: C:\ProjectK\MarketingAdvantage_AI_v1\static\uploads\manual
2026-02-26 22:21:20 |     INFO | MarketingAdvantageAI | [agentic_validation] Worker started
2026-02-26 22:21:20 |     INFO | MarketingAdvantageAI | [conflict_detection] Worker started
2026-02-26 22:21:20 |     INFO | MarketingAdvantageAI | [temporal_revalidation] Worker started
2026-02-26 22:21:20 |     INFO | MarketingAdvantageAI | [HealthMonitor] Health monitor started
2026-02-26 22:21:20 |     INFO | MarketingAdvantageAI | [temporal_revalidation] Worker cancelled
2026-02-26 22:21:20 |     INFO | MarketingAdvantageAI | [temporal_revalidation] Worker stopped
2026-02-26 22:21:20 |     INFO | MarketingAdvantageAI | [HealthMonitor] Health monitor stopped
2026-02-26 22:21:20 |     INFO | MarketingAdvantageAI | [agentic_validation] Worker cancelled
2026-02-26 22:21:20 |     INFO | MarketingAdvantageAI | [agentic_validation] Worker stopped
2026-02-26 22:21:32 |     INFO | MarketingAdvantageAI | [IngestionV2] ChromaDB client initialized at ./chroma_db
2026-02-26 22:21:32 |     INFO | MarketingAdvantageAI | [IngestionV2] Found ChromaDB collections: ['ingested_content']
2026-02-26 22:21:32 |     INFO | MarketingAdvantageAI | [IngestionV2] ✅ Connected to existing collection 'ingested_content'
2026-02-26 22:21:32 |     INFO | MarketingAdvantageAI | [WatcherIngestorV2] Background watcher started with FastAPI server.
2026-02-26 22:21:32 |     INFO | MarketingAdvantageAI | [Scheduler] Starting validation scheduler | validation_interval=60s | conflict_interval=120s | temporal_interval=300s
2026-02-26 22:21:32 |     INFO | MarketingAdvantageAI | [Scheduler] Started 4 background tasks (validation: True, conflict: True, temporal: True)
2026-02-26 22:21:32 |     INFO | MarketingAdvantageAI | [WatcherIngestorV2] 👀 Watching folder: C:\ProjectK\MarketingAdvantage_AI_v1\static\uploads\manual
2026-02-26 22:21:32 |     INFO | MarketingAdvantageAI | [agentic_validation] Worker started
2026-02-26 22:21:32 |     INFO | MarketingAdvantageAI | [conflict_detection] Worker started
2026-02-26 22:21:32 |     INFO | MarketingAdvantageAI | [temporal_revalidation] Worker started
2026-02-26 22:21:32 |     INFO | MarketingAdvantageAI | [HealthMonitor] Health monitor started
2026-02-26 22:21:55 |     INFO | MarketingAdvantageAI | [Scheduler] Initiating graceful shutdown...
2026-02-26 22:21:55 |     INFO | MarketingAdvantageAI | [agentic_validation] Worker stopped
2026-02-26 22:21:55 |     INFO | MarketingAdvantageAI | [temporal_revalidation] Worker stopped
2026-02-26 22:21:55 |     INFO | MarketingAdvantageAI | [HealthMonitor] Health monitor stopped
2026-02-26 22:21:55 |     INFO | MarketingAdvantageAI | [conflict_detection] Worker stopped
2026-02-26 22:21:55 |     INFO | MarketingAdvantageAI | [Scheduler] All tasks completed gracefully
2026-02-26 22:21:55 |     INFO | MarketingAdvantageAI | [Scheduler] Scheduler stopped
2026-02-26 22:22:06 |     INFO | MarketingAdvantageAI | [IngestionV2] ChromaDB client initialized at ./chroma_db
2026-02-26 22:22:06 |     INFO | MarketingAdvantageAI | [IngestionV2] Found ChromaDB collections: ['ingested_content']
2026-02-26 22:22:06 |     INFO | MarketingAdvantageAI | [IngestionV2] ✅ Connected to existing collection 'ingested_content'
2026-02-26 22:22:06 |     INFO | MarketingAdvantageAI | [WatcherIngestorV2] Background watcher started with FastAPI server.
2026-02-26 22:22:06 |     INFO | MarketingAdvantageAI | [Scheduler] Starting validation scheduler | validation_interval=60s | conflict_interval=120s | temporal_interval=300s
2026-02-26 22:22:06 |     INFO | MarketingAdvantageAI | [Scheduler] Started 4 background tasks (validation: True, conflict: True, temporal: True)
2026-02-26 22:22:06 |     INFO | MarketingAdvantageAI | [WatcherIngestorV2] 👀 Watching folder: C:\ProjectK\MarketingAdvantage_AI_v1\static\uploads\manual
2026-02-26 22:22:06 |     INFO | MarketingAdvantageAI | [agentic_validation] Worker started
2026-02-26 22:22:06 |     INFO | MarketingAdvantageAI | [conflict_detection] Worker started
2026-02-26 22:22:06 |     INFO | MarketingAdvantageAI | [temporal_revalidation] Worker started
2026-02-26 22:22:06 |     INFO | MarketingAdvantageAI | [HealthMonitor] Health monitor started
2026-02-26 22:22:06 |     INFO | MarketingAdvantageAI | [temporal_revalidation] Worker cancelled
2026-02-26 22:22:06 |     INFO | MarketingAdvantageAI | [temporal_revalidation] Worker stopped
2026-02-26 22:22:06 |     INFO | MarketingAdvantageAI | [HealthMonitor] Health monitor stopped
2026-02-26 22:22:06 |     INFO | MarketingAdvantageAI | [agentic_validation] Worker cancelled
2026-02-26 22:22:06 |     INFO | MarketingAdvantageAI | [agentic_validation] Worker stopped
2026-02-26 22:22:19 |     INFO | MarketingAdvantageAI | [IngestionV2] ChromaDB client initialized at ./chroma_db
2026-02-26 22:22:19 |     INFO | MarketingAdvantageAI | [IngestionV2] Found ChromaDB collections: ['ingested_content']
2026-02-26 22:22:19 |     INFO | MarketingAdvantageAI | [IngestionV2] ✅ Connected to existing collection 'ingested_content'
2026-02-26 22:22:19 |     INFO | MarketingAdvantageAI | [WatcherIngestorV2] Background watcher started with FastAPI server.
2026-02-26 22:22:19 |     INFO | MarketingAdvantageAI | [Scheduler] Starting validation scheduler | validation_interval=60s | conflict_interval=120s | temporal_interval=300s
2026-02-26 22:22:19 |     INFO | MarketingAdvantageAI | [Scheduler] Started 4 background tasks (validation: True, conflict: True, temporal: True)
2026-02-26 22:22:19 |     INFO | MarketingAdvantageAI | [WatcherIngestorV2] 👀 Watching folder: C:\ProjectK\MarketingAdvantage_AI_v1\static\uploads\manual
2026-02-26 22:22:19 |     INFO | MarketingAdvantageAI | [agentic_validation] Worker started
2026-02-26 22:22:19 |     INFO | MarketingAdvantageAI | [conflict_detection] Worker started
2026-02-26 22:22:19 |     INFO | MarketingAdvantageAI | [temporal_revalidation] Worker started
2026-02-26 22:22:19 |     INFO | MarketingAdvantageAI | [HealthMonitor] Health monitor started
2026-02-26 22:22:19 |     INFO | MarketingAdvantageAI | [temporal_revalidation] Worker cancelled
2026-02-26 22:22:19 |     INFO | MarketingAdvantageAI | [temporal_revalidation] Worker stopped
2026-02-26 22:22:19 |     INFO | MarketingAdvantageAI | [HealthMonitor] Health monitor stopped
2026-02-26 22:22:19 |     INFO | MarketingAdvantageAI | [agentic_validation] Worker cancelled
2026-02-26 22:22:19 |     INFO | MarketingAdvantageAI | [agentic_validation] Worker stopped
2026-02-26 22:22:32 |     INFO | MarketingAdvantageAI | [IngestionV2] ChromaDB client initialized at ./chroma_db
2026-02-26 22:22:32 |     INFO | MarketingAdvantageAI | [IngestionV2] Found ChromaDB collections: ['ingested_content']
2026-02-26 22:22:32 |     INFO | MarketingAdvantageAI | [IngestionV2] ✅ Connected to existing collection 'ingested_content'
2026-02-26 22:22:32 |     INFO | MarketingAdvantageAI | [WatcherIngestorV2] Background watcher started with FastAPI server.
2026-02-26 22:22:32 |     INFO | MarketingAdvantageAI | [Scheduler] Starting validation scheduler | validation_interval=60s | conflict_interval=120s | temporal_interval=300s
2026-02-26 22:22:32 |     INFO | MarketingAdvantageAI | [Scheduler] Started 4 background tasks (validation: True, conflict: True, temporal: True)
2026-02-26 22:22:32 |     INFO | MarketingAdvantageAI | [WatcherIngestorV2] 👀 Watching folder: C:\ProjectK\MarketingAdvantage_AI_v1\static\uploads\manual
2026-02-26 22:22:32 |     INFO | MarketingAdvantageAI | [agentic_validation] Worker started
2026-02-26 22:22:32 |     INFO | MarketingAdvantageAI | [conflict_detection] Worker started
2026-02-26 22:22:32 |     INFO | MarketingAdvantageAI | [temporal_revalidation] Worker started
2026-02-26 22:22:32 |     INFO | MarketingAdvantageAI | [HealthMonitor] Health monitor started
2026-02-26 22:23:32 |     INFO | MarketingAdvantageAI | [AgenticValidation] No rows pending validation.
2026-02-26 22:23:32 |     INFO | MarketingAdvantageAI | [agentic_validation] ✅ Run complete | processed=0 | duration=66ms
2026-02-26 22:24:19 |     INFO | MarketingAdvantageAI | [Scheduler] Initiating graceful shutdown...
2026-02-26 22:24:19 |     INFO | MarketingAdvantageAI | [temporal_revalidation] Worker stopped
2026-02-26 22:24:19 |     INFO | MarketingAdvantageAI | [conflict_detection] Worker stopped
2026-02-26 22:24:19 |     INFO | MarketingAdvantageAI | [HealthMonitor] Health monitor stopped
2026-02-26 22:24:19 |     INFO | MarketingAdvantageAI | [agentic_validation] Worker stopped
2026-02-26 22:24:19 |     INFO | MarketingAdvantageAI | [Scheduler] All tasks completed gracefully
2026-02-26 22:24:19 |     INFO | MarketingAdvantageAI | [Scheduler] Scheduler stopped
2026-02-26 22:48:34 |     INFO | MarketingAdvantageAI | [IngestionV2] ChromaDB client initialized at ./chroma_db
2026-02-26 22:48:34 |     INFO | MarketingAdvantageAI | [IngestionV2] Found ChromaDB collections: ['ingested_content']
2026-02-26 22:48:34 |     INFO | MarketingAdvantageAI | [IngestionV2] ✅ Connected to existing collection 'ingested_content'
2026-02-26 22:48:34 |     INFO | MarketingAdvantageAI | [WatcherIngestorV2] Background watcher started with FastAPI server.
2026-02-26 22:48:34 |     INFO | MarketingAdvantageAI | [Scheduler] Starting validation scheduler | validation_interval=60s | conflict_interval=120s | temporal_interval=300s
2026-02-26 22:48:34 |     INFO | MarketingAdvantageAI | [Scheduler] Started 4 background tasks (validation: True, conflict: True, temporal: True)
2026-02-26 22:48:34 |     INFO | MarketingAdvantageAI | [WatcherIngestorV2] 👀 Watching folder: C:\ProjectK\MarketingAdvantage_AI_v1\static\uploads\manual
2026-02-26 22:48:34 |     INFO | MarketingAdvantageAI | [agentic_validation] Worker started
2026-02-26 22:48:34 |     INFO | MarketingAdvantageAI | [conflict_detection] Worker started
2026-02-26 22:48:34 |     INFO | MarketingAdvantageAI | [temporal_revalidation] Worker started
2026-02-26 22:48:34 |     INFO | MarketingAdvantageAI | [HealthMonitor] Health monitor started
2026-02-26 22:48:34 |     INFO | MarketingAdvantageAI | [temporal_revalidation] Worker cancelled
2026-02-26 22:48:34 |     INFO | MarketingAdvantageAI | [temporal_revalidation] Worker stopped
2026-02-26 22:48:34 |     INFO | MarketingAdvantageAI | [HealthMonitor] Health monitor stopped
2026-02-26 22:48:34 |     INFO | MarketingAdvantageAI | [agentic_validation] Worker cancelled
2026-02-26 22:48:34 |     INFO | MarketingAdvantageAI | [agentic_validation] Worker stopped
2026-02-26 22:48:47 |     INFO | MarketingAdvantageAI | [IngestionV2] ChromaDB client initialized at ./chroma_db
2026-02-26 22:48:47 |     INFO | MarketingAdvantageAI | [IngestionV2] Found ChromaDB collections: ['ingested_content']
2026-02-26 22:48:47 |     INFO | MarketingAdvantageAI | [IngestionV2] ✅ Connected to existing collection 'ingested_content'
2026-02-26 22:48:47 |     INFO | MarketingAdvantageAI | [WatcherIngestorV2] Background watcher started with FastAPI server.
2026-02-26 22:48:47 |     INFO | MarketingAdvantageAI | [Scheduler] Starting validation scheduler | validation_interval=60s | conflict_interval=120s | temporal_interval=300s
2026-02-26 22:48:47 |     INFO | MarketingAdvantageAI | [Scheduler] Started 4 background tasks (validation: True, conflict: True, temporal: True)
2026-02-26 22:48:47 |     INFO | MarketingAdvantageAI | [WatcherIngestorV2] 👀 Watching folder: C:\ProjectK\MarketingAdvantage_AI_v1\static\uploads\manual
2026-02-26 22:48:47 |     INFO | MarketingAdvantageAI | [agentic_validation] Worker started
2026-02-26 22:48:47 |     INFO | MarketingAdvantageAI | [conflict_detection] Worker started
2026-02-26 22:48:47 |     INFO | MarketingAdvantageAI | [temporal_revalidation] Worker started
2026-02-26 22:48:47 |     INFO | MarketingAdvantageAI | [HealthMonitor] Health monitor started
2026-02-26 22:49:47 |     INFO | MarketingAdvantageAI | [AgenticValidation] No rows pending validation.
2026-02-26 22:49:47 |     INFO | MarketingAdvantageAI | [agentic_validation] ✅ Run complete | processed=0 | duration=71ms
2026-02-26 22:49:55 |     INFO | MarketingAdvantageAI | [Scheduler] Initiating graceful shutdown...
2026-02-26 22:49:55 |     INFO | MarketingAdvantageAI | [temporal_revalidation] Worker stopped
2026-02-26 22:49:55 |     INFO | MarketingAdvantageAI | [conflict_detection] Worker stopped
2026-02-26 22:49:55 |     INFO | MarketingAdvantageAI | [HealthMonitor] Health monitor stopped
2026-02-26 22:49:55 |     INFO | MarketingAdvantageAI | [agentic_validation] Worker stopped
2026-02-26 22:49:55 |     INFO | MarketingAdvantageAI | [Scheduler] All tasks completed gracefully
2026-02-26 22:49:55 |     INFO | MarketingAdvantageAI | [Scheduler] Scheduler stopped
2026-02-26 22:50:06 |     INFO | MarketingAdvantageAI | [IngestionV2] ChromaDB client initialized at ./chroma_db
2026-02-26 22:50:06 |     INFO | MarketingAdvantageAI | [IngestionV2] Found ChromaDB collections: ['ingested_content']
2026-02-26 22:50:06 |     INFO | MarketingAdvantageAI | [IngestionV2] ✅ Connected to existing collection 'ingested_content'
2026-02-26 22:50:06 |     INFO | MarketingAdvantageAI | [WatcherIngestorV2] Background watcher started with FastAPI server.
2026-02-26 22:50:06 |     INFO | MarketingAdvantageAI | [Scheduler] Starting validation scheduler | validation_interval=60s | conflict_interval=120s | temporal_interval=300s
2026-02-26 22:50:06 |     INFO | MarketingAdvantageAI | [Scheduler] Started 4 background tasks (validation: True, conflict: True, temporal: True)
2026-02-26 22:50:06 |     INFO | MarketingAdvantageAI | [WatcherIngestorV2] 👀 Watching folder: C:\ProjectK\MarketingAdvantage_AI_v1\static\uploads\manual
2026-02-26 22:50:06 |     INFO | MarketingAdvantageAI | [agentic_validation] Worker started
2026-02-26 22:50:06 |     INFO | MarketingAdvantageAI | [conflict_detection] Worker started
2026-02-26 22:50:06 |     INFO | MarketingAdvantageAI | [temporal_revalidation] Worker started
2026-02-26 22:50:06 |     INFO | MarketingAdvantageAI | [HealthMonitor] Health monitor started
2026-02-26 22:50:06 |     INFO | MarketingAdvantageAI | [temporal_revalidation] Worker cancelled
2026-02-26 22:50:06 |     INFO | MarketingAdvantageAI | [temporal_revalidation] Worker stopped
2026-02-26 22:50:06 |     INFO | MarketingAdvantageAI | [HealthMonitor] Health monitor stopped
2026-02-26 22:50:06 |     INFO | MarketingAdvantageAI | [agentic_validation] Worker cancelled
2026-02-26 22:50:06 |     INFO | MarketingAdvantageAI | [agentic_validation] Worker stopped
2026-02-26 22:50:19 |     INFO | MarketingAdvantageAI | [IngestionV2] ChromaDB client initialized at ./chroma_db
2026-02-26 22:50:19 |     INFO | MarketingAdvantageAI | [IngestionV2] Found ChromaDB collections: ['ingested_content']
2026-02-26 22:50:19 |     INFO | MarketingAdvantageAI | [IngestionV2] ✅ Connected to existing collection 'ingested_content'
2026-02-26 22:50:19 |     INFO | MarketingAdvantageAI | [WatcherIngestorV2] Background watcher started with FastAPI server.
2026-02-26 22:50:19 |     INFO | MarketingAdvantageAI | [Scheduler] Starting validation scheduler | validation_interval=60s | conflict_interval=120s | temporal_interval=300s
2026-02-26 22:50:19 |     INFO | MarketingAdvantageAI | [Scheduler] Started 4 background tasks (validation: True, conflict: True, temporal: True)
2026-02-26 22:50:19 |     INFO | MarketingAdvantageAI | [WatcherIngestorV2] 👀 Watching folder: C:\ProjectK\MarketingAdvantage_AI_v1\static\uploads\manual
2026-02-26 22:50:19 |     INFO | MarketingAdvantageAI | [agentic_validation] Worker started
2026-02-26 22:50:19 |     INFO | MarketingAdvantageAI | [conflict_detection] Worker started
2026-02-26 22:50:19 |     INFO | MarketingAdvantageAI | [temporal_revalidation] Worker started
2026-02-26 22:50:19 |     INFO | MarketingAdvantageAI | [HealthMonitor] Health monitor started
2026-02-26 22:51:19 |     INFO | MarketingAdvantageAI | [AgenticValidation] No rows pending validation.
2026-02-26 22:51:19 |     INFO | MarketingAdvantageAI | [agentic_validation] ✅ Run complete | processed=0 | duration=69ms
2026-02-26 22:52:02 |     INFO | MarketingAdvantageAI | [Scheduler] Initiating graceful shutdown...
2026-02-26 22:52:02 |     INFO | MarketingAdvantageAI | [temporal_revalidation] Worker stopped
2026-02-26 22:52:02 |     INFO | MarketingAdvantageAI | [conflict_detection] Worker stopped
2026-02-26 22:52:02 |     INFO | MarketingAdvantageAI | [HealthMonitor] Health monitor stopped
2026-02-26 22:52:02 |     INFO | MarketingAdvantageAI | [agentic_validation] Worker stopped
2026-02-26 22:52:02 |     INFO | MarketingAdvantageAI | [Scheduler] All tasks completed gracefully
2026-02-26 22:52:02 |     INFO | MarketingAdvantageAI | [Scheduler] Scheduler stopped
2026-02-26 22:52:13 |     INFO | MarketingAdvantageAI | [IngestionV2] ChromaDB client initialized at ./chroma_db
2026-02-26 22:52:13 |     INFO | MarketingAdvantageAI | [IngestionV2] Found ChromaDB collections: ['ingested_content']
2026-02-26 22:52:13 |     INFO | MarketingAdvantageAI | [IngestionV2] ✅ Connected to existing collection 'ingested_content'
2026-02-26 22:52:13 |     INFO | MarketingAdvantageAI | [WatcherIngestorV2] Background watcher started with FastAPI server.
2026-02-26 22:52:13 |     INFO | MarketingAdvantageAI | [Scheduler] Starting validation scheduler | validation_interval=60s | conflict_interval=120s | temporal_interval=300s
2026-02-26 22:52:13 |     INFO | MarketingAdvantageAI | [Scheduler] Started 4 background tasks (validation: True, conflict: True, temporal: True)
2026-02-26 22:52:13 |     INFO | MarketingAdvantageAI | [WatcherIngestorV2] 👀 Watching folder: C:\ProjectK\MarketingAdvantage_AI_v1\static\uploads\manual
2026-02-26 22:52:13 |     INFO | MarketingAdvantageAI | [agentic_validation] Worker started
2026-02-26 22:52:13 |     INFO | MarketingAdvantageAI | [conflict_detection] Worker started
2026-02-26 22:52:13 |     INFO | MarketingAdvantageAI | [temporal_revalidation] Worker started
2026-02-26 22:52:13 |     INFO | MarketingAdvantageAI | [HealthMonitor] Health monitor started
2026-02-26 22:52:13 |     INFO | MarketingAdvantageAI | [temporal_revalidation] Worker cancelled
2026-02-26 22:52:13 |     INFO | MarketingAdvantageAI | [temporal_revalidation] Worker stopped
2026-02-26 22:52:13 |     INFO | MarketingAdvantageAI | [HealthMonitor] Health monitor stopped
2026-02-26 22:52:13 |     INFO | MarketingAdvantageAI | [agentic_validation] Worker cancelled
2026-02-26 22:52:13 |     INFO | MarketingAdvantageAI | [agentic_validation] Worker stopped
2026-02-26 22:52:26 |     INFO | MarketingAdvantageAI | [IngestionV2] ChromaDB client initialized at ./chroma_db
2026-02-26 22:52:26 |     INFO | MarketingAdvantageAI | [IngestionV2] Found ChromaDB collections: ['ingested_content']
2026-02-26 22:52:26 |     INFO | MarketingAdvantageAI | [IngestionV2] ✅ Connected to existing collection 'ingested_content'
2026-02-26 22:52:26 |     INFO | MarketingAdvantageAI | [WatcherIngestorV2] Background watcher started with FastAPI server.
2026-02-26 22:52:26 |     INFO | MarketingAdvantageAI | [Scheduler] Starting validation scheduler | validation_interval=60s | conflict_interval=120s | temporal_interval=300s
2026-02-26 22:52:26 |     INFO | MarketingAdvantageAI | [Scheduler] Started 4 background tasks (validation: True, conflict: True, temporal: True)
2026-02-26 22:52:26 |     INFO | MarketingAdvantageAI | [WatcherIngestorV2] 👀 Watching folder: C:\ProjectK\MarketingAdvantage_AI_v1\static\uploads\manual
2026-02-26 22:52:26 |     INFO | MarketingAdvantageAI | [agentic_validation] Worker started
2026-02-26 22:52:26 |     INFO | MarketingAdvantageAI | [conflict_detection] Worker started
2026-02-26 22:52:26 |     INFO | MarketingAdvantageAI | [temporal_revalidation] Worker started
2026-02-26 22:52:26 |     INFO | MarketingAdvantageAI | [HealthMonitor] Health monitor started
2026-02-26 22:53:26 |     INFO | MarketingAdvantageAI | [AgenticValidation] No rows pending validation.
2026-02-26 22:53:26 |     INFO | MarketingAdvantageAI | [agentic_validation] ✅ Run complete | processed=0 | duration=69ms
2026-02-26 22:54:26 |     INFO | MarketingAdvantageAI | [AgenticValidation] No rows pending validation.
2026-02-26 22:54:26 |     INFO | MarketingAdvantageAI | [agentic_validation] ✅ Run complete | processed=0 | duration=5ms
2026-02-26 22:54:36 |     INFO | MarketingAdvantageAI | [ConflictEngine] No rows pending conflict analysis.
2026-02-26 22:54:36 |     INFO | MarketingAdvantageAI | [conflict_detection] ✅ Run complete | processed=0 | duration=6ms
2026-02-26 22:54:53 |     INFO | MarketingAdvantageAI | [Scheduler] Initiating graceful shutdown...
2026-02-26 22:54:53 |     INFO | MarketingAdvantageAI | [temporal_revalidation] Worker stopped
2026-02-26 22:54:53 |     INFO | MarketingAdvantageAI | [HealthMonitor] Health monitor stopped
2026-02-26 22:54:53 |     INFO | MarketingAdvantageAI | [agentic_validation] Worker stopped
2026-02-26 22:54:53 |     INFO | MarketingAdvantageAI | [conflict_detection] Worker stopped
2026-02-26 22:54:53 |     INFO | MarketingAdvantageAI | [Scheduler] All tasks completed gracefully
2026-02-26 22:54:53 |     INFO | MarketingAdvantageAI | [Scheduler] Scheduler stopped
2026-02-26 22:55:05 |     INFO | MarketingAdvantageAI | [IngestionV2] ChromaDB client initialized at ./chroma_db
2026-02-26 22:55:05 |     INFO | MarketingAdvantageAI | [IngestionV2] Found ChromaDB collections: ['ingested_content']
2026-02-26 22:55:05 |     INFO | MarketingAdvantageAI | [IngestionV2] ✅ Connected to existing collection 'ingested_content'
2026-02-26 22:55:05 |     INFO | MarketingAdvantageAI | [WatcherIngestorV2] Background watcher started with FastAPI server.
2026-02-26 22:55:05 |     INFO | MarketingAdvantageAI | [Scheduler] Starting validation scheduler | validation_interval=60s | conflict_interval=120s | temporal_interval=300s
2026-02-26 22:55:05 |     INFO | MarketingAdvantageAI | [Scheduler] Started 4 background tasks (validation: True, conflict: True, temporal: True)
2026-02-26 22:55:05 |     INFO | MarketingAdvantageAI | [WatcherIngestorV2] 👀 Watching folder: C:\ProjectK\MarketingAdvantage_AI_v1\static\uploads\manual
2026-02-26 22:55:05 |     INFO | MarketingAdvantageAI | [agentic_validation] Worker started
2026-02-26 22:55:05 |     INFO | MarketingAdvantageAI | [conflict_detection] Worker started
2026-02-26 22:55:05 |     INFO | MarketingAdvantageAI | [temporal_revalidation] Worker started
2026-02-26 22:55:05 |     INFO | MarketingAdvantageAI | [HealthMonitor] Health monitor started
2026-02-26 22:56:05 |     INFO | MarketingAdvantageAI | [AgenticValidation] No rows pending validation.
2026-02-26 22:56:05 |     INFO | MarketingAdvantageAI | [agentic_validation] ✅ Run complete | processed=0 | duration=66ms
2026-02-26 22:57:05 |     INFO | MarketingAdvantageAI | [AgenticValidation] No rows pending validation.
2026-02-26 22:57:05 |     INFO | MarketingAdvantageAI | [agentic_validation] ✅ Run complete | processed=0 | duration=4ms
2026-02-26 22:57:15 |     INFO | MarketingAdvantageAI | [ConflictEngine] No rows pending conflict analysis.
2026-02-26 22:57:15 |     INFO | MarketingAdvantageAI | [conflict_detection] ✅ Run complete | processed=0 | duration=6ms
2026-02-26 22:58:05 |     INFO | MarketingAdvantageAI | [AgenticValidation] No rows pending validation.
2026-02-26 22:58:05 |     INFO | MarketingAdvantageAI | [agentic_validation] ✅ Run complete | processed=0 | duration=4ms
2026-02-26 22:59:05 |     INFO | MarketingAdvantageAI | [AgenticValidation] No rows pending validation.
2026-02-26 22:59:05 |     INFO | MarketingAdvantageAI | [agentic_validation] ✅ Run complete | processed=0 | duration=4ms
2026-02-26 22:59:15 |     INFO | MarketingAdvantageAI | [ConflictEngine] No rows pending conflict analysis.
2026-02-26 22:59:15 |     INFO | MarketingAdvantageAI | [conflict_detection] ✅ Run complete | processed=0 | duration=4ms
2026-02-26 23:00:05 |     INFO | MarketingAdvantageAI | [TemporalRevalidation] No rows pending temporal review.
2026-02-26 23:00:05 |     INFO | MarketingAdvantageAI | [temporal_revalidation] ✅ Run complete | processed=0 | duration=5ms
2026-02-26 23:00:05 |     INFO | MarketingAdvantageAI | [AgenticValidation] No rows pending validation.
2026-02-26 23:00:05 |     INFO | MarketingAdvantageAI | [agentic_validation] ✅ Run complete | processed=0 | duration=3ms
2026-02-26 23:01:05 |     INFO | MarketingAdvantageAI | [AgenticValidation] No rows pending validation.
2026-02-26 23:01:05 |     INFO | MarketingAdvantageAI | [agentic_validation] ✅ Run complete | processed=0 | duration=5ms
2026-02-26 23:01:15 |     INFO | MarketingAdvantageAI | [ConflictEngine] No rows pending conflict analysis.
2026-02-26 23:01:15 |     INFO | MarketingAdvantageAI | [conflict_detection] ✅ Run complete | processed=0 | duration=4ms
2026-02-26 23:02:05 |     INFO | MarketingAdvantageAI | [AgenticValidation] No rows pending validation.
2026-02-26 23:02:05 |     INFO | MarketingAdvantageAI | [agentic_validation] ✅ Run complete | processed=0 | duration=8ms
2026-02-26 23:11:25 |  WARNING | MarketingAdvantageAI | [HealthMonitor] Unhealthy workers detected: agentic_validation (stalled, 561s since last run), conflict_detection (stalled, 611s since last run)
2026-02-26 23:11:26 |     INFO | MarketingAdvantageAI | [AgenticValidation] No rows pending validation.
2026-02-26 23:11:26 |     INFO | MarketingAdvantageAI | [agentic_validation] ✅ Run complete | processed=0 | duration=149ms
2026-02-26 23:11:26 |     INFO | MarketingAdvantageAI | [ConflictEngine] No rows pending conflict analysis.
2026-02-26 23:11:26 |     INFO | MarketingAdvantageAI | [conflict_detection] ✅ Run complete | processed=0 | duration=544ms
2026-02-26 23:11:26 |     INFO | MarketingAdvantageAI | [TemporalRevalidation] No rows pending temporal review.
2026-02-26 23:11:26 |     INFO | MarketingAdvantageAI | [temporal_revalidation] ✅ Run complete | processed=0 | duration=549ms
2026-02-26 23:13:08 |     INFO | MarketingAdvantageAI | [AgenticValidation] No rows pending validation.
2026-02-26 23:13:08 |     INFO | MarketingAdvantageAI | [agentic_validation] ✅ Run complete | processed=0 | duration=109ms
2026-02-26 23:36:03 |  WARNING | MarketingAdvantageAI | [HealthMonitor] Unhealthy workers detected: agentic_validation (stalled, 1376s since last run), conflict_detection (stalled, 1478s since last run), temporal_revalidation (stalled, 1478s since last run)
2026-02-26 23:36:04 |     INFO | MarketingAdvantageAI | [AgenticValidation] No rows pending validation.
2026-02-26 23:36:04 |     INFO | MarketingAdvantageAI | [ConflictEngine] No rows pending conflict analysis.
2026-02-26 23:36:04 |     INFO | MarketingAdvantageAI | [agentic_validation] ✅ Run complete | processed=0 | duration=149ms
2026-02-26 23:36:04 |     INFO | MarketingAdvantageAI | [conflict_detection] ✅ Run complete | processed=0 | duration=211ms
2026-02-26 23:36:04 |     INFO | MarketingAdvantageAI | [TemporalRevalidation] No rows pending temporal review.
2026-02-26 23:36:04 |     INFO | MarketingAdvantageAI | [temporal_revalidation] ✅ Run complete | processed=0 | duration=418ms
2026-02-26 23:41:59 |  WARNING | MarketingAdvantageAI | [HealthMonitor] Unhealthy workers detected: agentic_validation (stalled, 356s since last run)
2026-02-26 23:41:59 |     INFO | MarketingAdvantageAI | [TemporalRevalidation] No rows pending temporal review.
2026-02-26 23:41:59 |     INFO | MarketingAdvantageAI | [temporal_revalidation] ✅ Run complete | processed=0 | duration=30ms
2026-02-26 23:42:00 |     INFO | MarketingAdvantageAI | [AgenticValidation] No rows pending validation.
2026-02-26 23:42:00 |     INFO | MarketingAdvantageAI | [ConflictEngine] No rows pending conflict analysis.
2026-02-26 23:42:00 |     INFO | MarketingAdvantageAI | [agentic_validation] ✅ Run complete | processed=0 | duration=452ms
2026-02-26 23:42:00 |     INFO | MarketingAdvantageAI | [conflict_detection] ✅ Run complete | processed=0 | duration=438ms
2026-02-26 23:43:00 |     INFO | MarketingAdvantageAI | [AgenticValidation] No rows pending validation.
2026-02-26 23:43:00 |     INFO | MarketingAdvantageAI | [agentic_validation] ✅ Run complete | processed=0 | duration=5ms
2026-02-26 23:44:00 |     INFO | MarketingAdvantageAI | [ConflictEngine] No rows pending conflict analysis.
2026-02-26 23:44:00 |     INFO | MarketingAdvantageAI | [conflict_detection] ✅ Run complete | processed=0 | duration=6ms
2026-02-26 23:44:00 |     INFO | MarketingAdvantageAI | [AgenticValidation] No rows pending validation.
2026-02-26 23:44:00 |     INFO | MarketingAdvantageAI | [agentic_validation] ✅ Run complete | processed=0 | duration=7ms
2026-02-26 23:45:00 |     INFO | MarketingAdvantageAI | [AgenticValidation] No rows pending validation.
2026-02-26 23:45:00 |     INFO | MarketingAdvantageAI | [agentic_validation] ✅ Run complete | processed=0 | duration=4ms
2026-02-26 23:46:00 |     INFO | MarketingAdvantageAI | [ConflictEngine] No rows pending conflict analysis.
2026-02-26 23:46:00 |     INFO | MarketingAdvantageAI | [conflict_detection] ✅ Run complete | processed=0 | duration=7ms
2026-02-26 23:46:00 |     INFO | MarketingAdvantageAI | [AgenticValidation] No rows pending validation.
2026-02-26 23:46:00 |     INFO | MarketingAdvantageAI | [agentic_validation] ✅ Run complete | processed=0 | duration=6ms
2026-02-26 23:46:59 |     INFO | MarketingAdvantageAI | [TemporalRevalidation] No rows pending temporal review.
2026-02-26 23:46:59 |     INFO | MarketingAdvantageAI | [temporal_revalidation] ✅ Run complete | processed=0 | duration=6ms
2026-02-26 23:47:00 |     INFO | MarketingAdvantageAI | [AgenticValidation] No rows pending validation.
2026-02-26 23:47:00 |     INFO | MarketingAdvantageAI | [agentic_validation] ✅ Run complete | processed=0 | duration=5ms
2026-02-26 23:54:56 |  WARNING | MarketingAdvantageAI | [HealthMonitor] Unhealthy workers detected: agentic_validation (stalled, 476s since last run), conflict_detection (stalled, 536s since last run)
2026-02-26 23:54:56 |     INFO | MarketingAdvantageAI | [TemporalRevalidation] No rows pending temporal review.
2026-02-26 23:54:56 |     INFO | MarketingAdvantageAI | [ConflictEngine] No rows pending conflict analysis.
2026-02-26 23:54:56 |     INFO | MarketingAdvantageAI | [temporal_revalidation] ✅ Run complete | processed=0 | duration=77ms
2026-02-26 23:54:56 |     INFO | MarketingAdvantageAI | [conflict_detection] ✅ Run complete | processed=0 | duration=126ms
2026-02-26 23:54:56 |     INFO | MarketingAdvantageAI | [AgenticValidation] No rows pending validation.
2026-02-26 23:54:56 |     INFO | MarketingAdvantageAI | [agentic_validation] ✅ Run complete | processed=0 | duration=125ms
2026-02-26 23:55:56 |     INFO | MarketingAdvantageAI | [AgenticValidation] No rows pending validation.
2026-02-26 23:55:56 |     INFO | MarketingAdvantageAI | [agentic_validation] ✅ Run complete | processed=0 | duration=6ms
2026-02-26 23:56:56 |     INFO | MarketingAdvantageAI | [ConflictEngine] No rows pending conflict analysis.
2026-02-26 23:56:56 |     INFO | MarketingAdvantageAI | [conflict_detection] ✅ Run complete | processed=0 | duration=6ms
2026-02-26 23:56:56 |     INFO | MarketingAdvantageAI | [AgenticValidation] No rows pending validation.
2026-02-26 23:56:56 |     INFO | MarketingAdvantageAI | [agentic_validation] ✅ Run complete | processed=0 | duration=5ms
2026-02-26 23:57:56 |     INFO | MarketingAdvantageAI | [AgenticValidation] No rows pending validation.
2026-02-26 23:57:56 |     INFO | MarketingAdvantageAI | [agentic_validation] ✅ Run complete | processed=0 | duration=5ms
2026-02-26 23:58:56 |     INFO | MarketingAdvantageAI | [ConflictEngine] No rows pending conflict analysis.
2026-02-26 23:58:56 |     INFO | MarketingAdvantageAI | [AgenticValidation] No rows pending validation.
2026-02-26 23:58:56 |     INFO | MarketingAdvantageAI | [conflict_detection] ✅ Run complete | processed=0 | duration=9ms
2026-02-26 23:58:56 |     INFO | MarketingAdvantageAI | [agentic_validation] ✅ Run complete | processed=0 | duration=8ms
2026-02-26 23:59:56 |     INFO | MarketingAdvantageAI | [TemporalRevalidation] No rows pending temporal review.
2026-02-26 23:59:56 |     INFO | MarketingAdvantageAI | [temporal_revalidation] ✅ Run complete | processed=0 | duration=6ms
2026-02-26 23:59:56 |     INFO | MarketingAdvantageAI | [AgenticValidation] No rows pending validation.
2026-02-26 23:59:56 |     INFO | MarketingAdvantageAI | [agentic_validation] ✅ Run complete | processed=0 | duration=6ms
2026-02-27 00:00:56 |     INFO | MarketingAdvantageAI | [AgenticValidation] No rows pending validation.
2026-02-27 00:00:56 |     INFO | MarketingAdvantageAI | [agentic_validation] ✅ Run complete | processed=0 | duration=5ms
2026-02-27 00:00:56 |     INFO | MarketingAdvantageAI | [ConflictEngine] No rows pending conflict analysis.
2026-02-27 00:00:56 |     INFO | MarketingAdvantageAI | [conflict_detection] ✅ Run complete | processed=0 | duration=7ms
2026-02-27 00:01:56 |     INFO | MarketingAdvantageAI | [AgenticValidation] No rows pending validation.
2026-02-27 00:01:56 |     INFO | MarketingAdvantageAI | [agentic_validation] ✅ Run complete | processed=0 | duration=6ms
2026-02-27 00:02:56 |     INFO | MarketingAdvantageAI | [AgenticValidation] No rows pending validation.
2026-02-27 00:02:56 |     INFO | MarketingAdvantageAI | [ConflictEngine] No rows pending conflict analysis.
2026-02-27 00:02:56 |     INFO | MarketingAdvantageAI | [agentic_validation] ✅ Run complete | processed=0 | duration=6ms
2026-02-27 00:02:56 |     INFO | MarketingAdvantageAI | [conflict_detection] ✅ Run complete | processed=0 | duration=9ms
2026-02-27 00:03:56 |     INFO | MarketingAdvantageAI | [AgenticValidation] No rows pending validation.
2026-02-27 00:03:56 |     INFO | MarketingAdvantageAI | [agentic_validation] ✅ Run complete | processed=0 | duration=3ms
2026-02-27 00:04:56 |     INFO | MarketingAdvantageAI | [TemporalRevalidation] No rows pending temporal review.
2026-02-27 00:04:56 |     INFO | MarketingAdvantageAI | [temporal_revalidation] ✅ Run complete | processed=0 | duration=0ms
2026-02-27 00:04:56 |     INFO | MarketingAdvantageAI | [ConflictEngine] No rows pending conflict analysis.
2026-02-27 00:04:56 |     INFO | MarketingAdvantageAI | [AgenticValidation] No rows pending validation.
2026-02-27 00:04:56 |     INFO | MarketingAdvantageAI | [conflict_detection] ✅ Run complete | processed=0 | duration=10ms
2026-02-27 00:04:56 |     INFO | MarketingAdvantageAI | [agentic_validation] ✅ Run complete | processed=0 | duration=8ms
2026-02-27 00:05:56 |     INFO | MarketingAdvantageAI | [AgenticValidation] No rows pending validation.
2026-02-27 00:05:56 |     INFO | MarketingAdvantageAI | [agentic_validation] ✅ Run complete | processed=0 | duration=5ms
2026-02-27 00:06:56 |     INFO | MarketingAdvantageAI | [ConflictEngine] No rows pending conflict analysis.
2026-02-27 00:06:56 |     INFO | MarketingAdvantageAI | [conflict_detection] ✅ Run complete | processed=0 | duration=4ms
2026-02-27 00:06:56 |     INFO | MarketingAdvantageAI | [AgenticValidation] No rows pending validation.
2026-02-27 00:06:56 |     INFO | MarketingAdvantageAI | [agentic_validation] ✅ Run complete | processed=0 | duration=4ms
2026-02-27 00:07:56 |     INFO | MarketingAdvantageAI | [AgenticValidation] No rows pending validation.
2026-02-27 00:07:56 |     INFO | MarketingAdvantageAI | [agentic_validation] ✅ Run complete | processed=0 | duration=105ms
2026-02-27 00:12:09 |  WARNING | MarketingAdvantageAI | [HealthMonitor] Unhealthy workers detected: agentic_validation (stalled, 253s since last run)
2026-02-27 00:12:09 |     INFO | MarketingAdvantageAI | [TemporalRevalidation] No rows pending temporal review.
2026-02-27 00:12:09 |     INFO | MarketingAdvantageAI | [temporal_revalidation] ✅ Run complete | processed=0 | duration=64ms
2026-02-27 00:12:09 |     INFO | MarketingAdvantageAI | [AgenticValidation] No rows pending validation.
2026-02-27 00:12:09 |     INFO | MarketingAdvantageAI | [ConflictEngine] No rows pending conflict analysis.
2026-02-27 00:12:09 |     INFO | MarketingAdvantageAI | [agentic_validation] ✅ Run complete | processed=0 | duration=370ms
2026-02-27 00:12:09 |     INFO | MarketingAdvantageAI | [conflict_detection] ✅ Run complete | processed=0 | duration=381ms
2026-02-27 00:13:09 |     INFO | MarketingAdvantageAI | [AgenticValidation] No rows pending validation.
2026-02-27 00:13:09 |     INFO | MarketingAdvantageAI | [agentic_validation] ✅ Run complete | processed=0 | duration=6ms
2026-02-27 00:14:09 |     INFO | MarketingAdvantageAI | [ConflictEngine] No rows pending conflict analysis.
2026-02-27 00:14:09 |     INFO | MarketingAdvantageAI | [AgenticValidation] No rows pending validation.
2026-02-27 00:14:09 |     INFO | MarketingAdvantageAI | [conflict_detection] ✅ Run complete | processed=0 | duration=10ms
2026-02-27 00:14:09 |     INFO | MarketingAdvantageAI | [agentic_validation] ✅ Run complete | processed=0 | duration=8ms
2026-02-27 19:02:41 |     INFO | MarketingAdvantageAI | [IngestionV2] ChromaDB client initialized at ./chroma_db
2026-02-27 19:02:41 |     INFO | MarketingAdvantageAI | [IngestionV2] Found ChromaDB collections: ['ingested_content']
2026-02-27 19:02:41 |     INFO | MarketingAdvantageAI | [IngestionV2] ✅ Connected to existing collection 'ingested_content'
2026-02-27 19:02:41 |     INFO | MarketingAdvantageAI | [WatcherIngestorV2] Background watcher started with FastAPI server.
2026-02-27 19:02:41 |     INFO | MarketingAdvantageAI | [Scheduler] Starting validation scheduler | validation_interval=60s | conflict_interval=120s | temporal_interval=300s
2026-02-27 19:02:41 |     INFO | MarketingAdvantageAI | [Scheduler] Started 4 background tasks (validation: True, conflict: True, temporal: True)
2026-02-27 19:02:41 |     INFO | MarketingAdvantageAI | [WatcherIngestorV2] 👀 Watching folder: C:\ProjectK\MarketingAdvantage_AI_v1\static\uploads\manual
2026-02-27 19:02:41 |     INFO | MarketingAdvantageAI | [agentic_validation] Worker started
2026-02-27 19:02:41 |     INFO | MarketingAdvantageAI | [conflict_detection] Worker started
2026-02-27 19:02:41 |     INFO | MarketingAdvantageAI | [temporal_revalidation] Worker started
2026-02-27 19:02:41 |     INFO | MarketingAdvantageAI | [HealthMonitor] Health monitor started
2026-02-27 19:03:41 |     INFO | MarketingAdvantageAI | [AgenticValidation] No rows pending validation.
2026-02-27 19:03:41 |     INFO | MarketingAdvantageAI | [agentic_validation] ✅ Run complete | processed=0 | duration=207ms
2026-02-27 19:04:41 |     INFO | MarketingAdvantageAI | [AgenticValidation] No rows pending validation.
2026-02-27 19:04:41 |     INFO | MarketingAdvantageAI | [agentic_validation] ✅ Run complete | processed=0 | duration=4ms
2026-02-27 19:04:51 |     INFO | MarketingAdvantageAI | [ConflictEngine] No rows pending conflict analysis.
2026-02-27 19:04:51 |     INFO | MarketingAdvantageAI | [conflict_detection] ✅ Run complete | processed=0 | duration=8ms
2026-02-27 19:05:41 |     INFO | MarketingAdvantageAI | [AgenticValidation] No rows pending validation.
2026-02-27 19:05:41 |     INFO | MarketingAdvantageAI | [agentic_validation] ✅ Run complete | processed=0 | duration=6ms
2026-02-27 19:06:41 |     INFO | MarketingAdvantageAI | [AgenticValidation] No rows pending validation.
2026-02-27 19:06:41 |     INFO | MarketingAdvantageAI | [agentic_validation] ✅ Run complete | processed=0 | duration=7ms
2026-02-27 19:06:51 |     INFO | MarketingAdvantageAI | [ConflictEngine] No rows pending conflict analysis.
2026-02-27 19:06:51 |     INFO | MarketingAdvantageAI | [conflict_detection] ✅ Run complete | processed=0 | duration=7ms
2026-02-27 19:07:41 |     INFO | MarketingAdvantageAI | [TemporalRevalidation] No rows pending temporal review.
2026-02-27 19:07:41 |     INFO | MarketingAdvantageAI | [temporal_revalidation] ✅ Run complete | processed=0 | duration=10ms
2026-02-27 19:07:41 |     INFO | MarketingAdvantageAI | [AgenticValidation] No rows pending validation.
2026-02-27 19:07:41 |     INFO | MarketingAdvantageAI | [agentic_validation] ✅ Run complete | processed=0 | duration=3ms
2026-02-27 19:08:41 |     INFO | MarketingAdvantageAI | [AgenticValidation] No rows pending validation.
2026-02-27 19:08:41 |     INFO | MarketingAdvantageAI | [agentic_validation] ✅ Run complete | processed=0 | duration=2ms
2026-02-27 19:08:51 |     INFO | MarketingAdvantageAI | [ConflictEngine] No rows pending conflict analysis.
2026-02-27 19:08:51 |     INFO | MarketingAdvantageAI | [conflict_detection] ✅ Run complete | processed=0 | duration=6ms
2026-02-27 19:09:41 |     INFO | MarketingAdvantageAI | [AgenticValidation] No rows pending validation.
2026-02-27 19:09:41 |     INFO | MarketingAdvantageAI | [agentic_validation] ✅ Run complete | processed=0 | duration=6ms
2026-02-27 19:10:41 |     INFO | MarketingAdvantageAI | [AgenticValidation] No rows pending validation.
2026-02-27 19:10:41 |     INFO | MarketingAdvantageAI | [agentic_validation] ✅ Run complete | processed=0 | duration=6ms
2026-02-27 19:10:51 |     INFO | MarketingAdvantageAI | [ConflictEngine] No rows pending conflict analysis.
2026-02-27 19:10:51 |     INFO | MarketingAdvantageAI | [conflict_detection] ✅ Run complete | processed=0 | duration=3ms
2026-02-27 19:11:41 |     INFO | MarketingAdvantageAI | [AgenticValidation] No rows pending validation.
2026-02-27 19:11:41 |     INFO | MarketingAdvantageAI | [agentic_validation] ✅ Run complete | processed=0 | duration=6ms
2026-02-27 19:17:44 |  WARNING | MarketingAdvantageAI | [HealthMonitor] Unhealthy workers detected: agentic_validation (stalled, 363s since last run), conflict_detection (stalled, 413s since last run)
2026-02-27 19:17:44 |     INFO | MarketingAdvantageAI | [TemporalRevalidation] No rows pending temporal review.
2026-02-27 19:17:44 |     INFO | MarketingAdvantageAI | [temporal_revalidation] ✅ Run complete | processed=0 | duration=120ms
2026-02-27 19:17:45 |     INFO | MarketingAdvantageAI | [AgenticValidation] No rows pending validation.
2026-02-27 19:17:45 |     INFO | MarketingAdvantageAI | [ConflictEngine] No rows pending conflict analysis.
2026-02-27 19:17:45 |     INFO | MarketingAdvantageAI | [agentic_validation] ✅ Run complete | processed=0 | duration=614ms
2026-02-27 19:17:45 |     INFO | MarketingAdvantageAI | [conflict_detection] ✅ Run complete | processed=0 | duration=583ms
2026-02-27 19:18:45 |     INFO | MarketingAdvantageAI | [AgenticValidation] No rows pending validation.
2026-02-27 19:18:45 |     INFO | MarketingAdvantageAI | [agentic_validation] ✅ Run complete | processed=0 | duration=4ms
2026-02-27 19:19:45 |     INFO | MarketingAdvantageAI | [AgenticValidation] No rows pending validation.
2026-02-27 19:19:45 |     INFO | MarketingAdvantageAI | [ConflictEngine] No rows pending conflict analysis.
2026-02-27 19:19:45 |     INFO | MarketingAdvantageAI | [agentic_validation] ✅ Run complete | processed=0 | duration=5ms
2026-02-27 19:19:45 |     INFO | MarketingAdvantageAI | [conflict_detection] ✅ Run complete | processed=0 | duration=7ms
2026-02-27 19:20:45 |     INFO | MarketingAdvantageAI | [AgenticValidation] No rows pending validation.
2026-02-27 19:20:45 |     INFO | MarketingAdvantageAI | [agentic_validation] ✅ Run complete | processed=0 | duration=7ms
2026-02-27 19:21:45 |     INFO | MarketingAdvantageAI | [AgenticValidation] No rows pending validation.
2026-02-27 19:21:45 |     INFO | MarketingAdvantageAI | [ConflictEngine] No rows pending conflict analysis.
2026-02-27 19:21:45 |     INFO | MarketingAdvantageAI | [agentic_validation] ✅ Run complete | processed=0 | duration=8ms
2026-02-27 19:21:45 |     INFO | MarketingAdvantageAI | [conflict_detection] ✅ Run complete | processed=0 | duration=6ms
2026-02-27 19:22:44 |     INFO | MarketingAdvantageAI | [TemporalRevalidation] No rows pending temporal review.
2026-02-27 19:22:44 |     INFO | MarketingAdvantageAI | [temporal_revalidation] ✅ Run complete | processed=0 | duration=7ms
2026-02-27 19:22:45 |     INFO | MarketingAdvantageAI | [AgenticValidation] No rows pending validation.
2026-02-27 19:22:45 |     INFO | MarketingAdvantageAI | [agentic_validation] ✅ Run complete | processed=0 | duration=3ms
2026-02-27 19:25:00 |     INFO | MarketingAdvantageAI | [AgenticValidation] No rows pending validation.
2026-02-27 19:25:00 |     INFO | MarketingAdvantageAI | [agentic_validation] ✅ Run complete | processed=0 | duration=30ms
2026-02-27 19:25:00 |     INFO | MarketingAdvantageAI | [ConflictEngine] No rows pending conflict analysis.
2026-02-27 19:25:00 |     INFO | MarketingAdvantageAI | [conflict_detection] ✅ Run complete | processed=0 | duration=49ms
2026-02-27 19:26:00 |     INFO | MarketingAdvantageAI | [AgenticValidation] No rows pending validation.
2026-02-27 19:26:00 |     INFO | MarketingAdvantageAI | [agentic_validation] ✅ Run complete | processed=0 | duration=7ms
2026-02-27 19:27:00 |     INFO | MarketingAdvantageAI | [ConflictEngine] No rows pending conflict analysis.
2026-02-27 19:27:00 |     INFO | MarketingAdvantageAI | [AgenticValidation] No rows pending validation.
2026-02-27 19:27:00 |     INFO | MarketingAdvantageAI | [conflict_detection] ✅ Run complete | processed=0 | duration=8ms
2026-02-27 19:27:00 |     INFO | MarketingAdvantageAI | [agentic_validation] ✅ Run complete | processed=0 | duration=8ms
2026-02-27 19:27:44 |     INFO | MarketingAdvantageAI | [TemporalRevalidation] No rows pending temporal review.
2026-02-27 19:27:44 |     INFO | MarketingAdvantageAI | [temporal_revalidation] ✅ Run complete | processed=0 | duration=0ms
2026-02-27 19:28:00 |     INFO | MarketingAdvantageAI | [AgenticValidation] No rows pending validation.
2026-02-27 19:28:00 |     INFO | MarketingAdvantageAI | [agentic_validation] ✅ Run complete | processed=0 | duration=3ms
2026-02-27 19:28:12 |     INFO | MarketingAdvantageAI | [Scheduler] Initiating graceful shutdown...
2026-02-27 19:28:12 |     INFO | MarketingAdvantageAI | [conflict_detection] Worker stopped
2026-02-27 19:28:12 |     INFO | MarketingAdvantageAI | [temporal_revalidation] Worker stopped
2026-02-27 19:28:12 |     INFO | MarketingAdvantageAI | [HealthMonitor] Health monitor stopped
2026-02-27 19:28:12 |     INFO | MarketingAdvantageAI | [agentic_validation] Worker stopped
2026-02-27 19:28:12 |     INFO | MarketingAdvantageAI | [Scheduler] All tasks completed gracefully
2026-02-27 19:28:12 |     INFO | MarketingAdvantageAI | [Scheduler] Scheduler stopped
2026-02-27 19:28:48 |     INFO | MarketingAdvantageAI | [IngestionV2] ChromaDB client initialized at ./chroma_db
2026-02-27 19:28:48 |     INFO | MarketingAdvantageAI | [IngestionV2] Found ChromaDB collections: ['ingested_content']
2026-02-27 19:28:48 |     INFO | MarketingAdvantageAI | [IngestionV2] ✅ Connected to existing collection 'ingested_content'
2026-02-27 19:28:48 |     INFO | MarketingAdvantageAI | [WatcherIngestorV2] Background watcher started with FastAPI server.
2026-02-27 19:28:48 |     INFO | MarketingAdvantageAI | [Scheduler] Starting validation scheduler | validation_interval=60s | conflict_interval=120s | temporal_interval=300s
2026-02-27 19:28:48 |     INFO | MarketingAdvantageAI | [Scheduler] Started 4 background tasks (validation: True, conflict: True, temporal: True)
2026-02-27 19:28:48 |     INFO | MarketingAdvantageAI | [WatcherIngestorV2] 👀 Watching folder: C:\ProjectK\MarketingAdvantage_AI_v1\static\uploads\manual
2026-02-27 19:28:48 |     INFO | MarketingAdvantageAI | [agentic_validation] Worker started
2026-02-27 19:28:48 |     INFO | MarketingAdvantageAI | [conflict_detection] Worker started
2026-02-27 19:28:48 |     INFO | MarketingAdvantageAI | [temporal_revalidation] Worker started
2026-02-27 19:28:48 |     INFO | MarketingAdvantageAI | [HealthMonitor] Health monitor started
2026-02-27 19:29:48 |     INFO | MarketingAdvantageAI | [AgenticValidation] No rows pending validation.
2026-02-27 19:29:48 |     INFO | MarketingAdvantageAI | [agentic_validation] ✅ Run complete | processed=0 | duration=121ms
2026-02-27 19:30:48 |     INFO | MarketingAdvantageAI | [AgenticValidation] No rows pending validation.
2026-02-27 19:30:48 |     INFO | MarketingAdvantageAI | [agentic_validation] ✅ Run complete | processed=0 | duration=4ms
2026-02-27 19:30:58 |     INFO | MarketingAdvantageAI | [ConflictEngine] No rows pending conflict analysis.
2026-02-27 19:30:58 |     INFO | MarketingAdvantageAI | [conflict_detection] ✅ Run complete | processed=0 | duration=5ms
2026-02-27 19:31:48 |     INFO | MarketingAdvantageAI | [AgenticValidation] No rows pending validation.
2026-02-27 19:31:48 |     INFO | MarketingAdvantageAI | [agentic_validation] ✅ Run complete | processed=0 | duration=6ms
2026-02-27 19:32:48 |     INFO | MarketingAdvantageAI | [AgenticValidation] No rows pending validation.
2026-02-27 19:32:48 |     INFO | MarketingAdvantageAI | [agentic_validation] ✅ Run complete | processed=0 | duration=5ms
2026-02-27 19:32:58 |     INFO | MarketingAdvantageAI | [ConflictEngine] No rows pending conflict analysis.
2026-02-27 19:32:58 |     INFO | MarketingAdvantageAI | [conflict_detection] ✅ Run complete | processed=0 | duration=4ms
2026-02-27 19:33:48 |     INFO | MarketingAdvantageAI | [TemporalRevalidation] No rows pending temporal review.
2026-02-27 19:33:48 |     INFO | MarketingAdvantageAI | [temporal_revalidation] ✅ Run complete | processed=0 | duration=9ms
2026-02-27 19:33:48 |     INFO | MarketingAdvantageAI | [AgenticValidation] No rows pending validation.
2026-02-27 19:33:48 |     INFO | MarketingAdvantageAI | [agentic_validation] ✅ Run complete | processed=0 | duration=5ms
2026-02-27 19:34:48 |     INFO | MarketingAdvantageAI | [AgenticValidation] No rows pending validation.
2026-02-27 19:34:48 |     INFO | MarketingAdvantageAI | [agentic_validation] ✅ Run complete | processed=0 | duration=5ms
2026-02-27 19:41:04 |  WARNING | MarketingAdvantageAI | [HealthMonitor] Unhealthy workers detected: agentic_validation (stalled, 376s since last run), conflict_detection (stalled, 486s since last run)
2026-02-27 19:41:04 |     INFO | MarketingAdvantageAI | [ConflictEngine] No rows pending conflict analysis.
2026-02-27 19:41:04 |     INFO | MarketingAdvantageAI | [conflict_detection] ✅ Run complete | processed=0 | duration=68ms
2026-02-27 19:41:05 |     INFO | MarketingAdvantageAI | [AgenticValidation] No rows pending validation.
2026-02-27 19:41:05 |     INFO | MarketingAdvantageAI | [TemporalRevalidation] No rows pending temporal review.
2026-02-27 19:41:05 |     INFO | MarketingAdvantageAI | [agentic_validation] ✅ Run complete | processed=0 | duration=309ms
2026-02-27 19:41:05 |     INFO | MarketingAdvantageAI | [temporal_revalidation] ✅ Run complete | processed=0 | duration=304ms
2026-02-27 19:42:05 |     INFO | MarketingAdvantageAI | [AgenticValidation] No rows pending validation.
2026-02-27 19:42:05 |     INFO | MarketingAdvantageAI | [agentic_validation] ✅ Run complete | processed=0 | duration=0ms
2026-02-27 19:42:17 |     INFO | MarketingAdvantageAI | [Scheduler] Initiating graceful shutdown...
2026-02-27 19:42:17 |     INFO | MarketingAdvantageAI | [conflict_detection] Worker stopped
2026-02-27 19:42:17 |     INFO | MarketingAdvantageAI | [temporal_revalidation] Worker stopped
2026-02-27 19:42:17 |     INFO | MarketingAdvantageAI | [HealthMonitor] Health monitor stopped
2026-02-27 19:42:17 |     INFO | MarketingAdvantageAI | [agentic_validation] Worker stopped
2026-02-27 19:42:17 |     INFO | MarketingAdvantageAI | [Scheduler] All tasks completed gracefully
2026-02-27 19:42:17 |     INFO | MarketingAdvantageAI | [Scheduler] Scheduler stopped
2026-02-27 19:42:34 |     INFO | MarketingAdvantageAI | [IngestionV2] ChromaDB client initialized at ./chroma_db
2026-02-27 19:42:34 |     INFO | MarketingAdvantageAI | [IngestionV2] Found ChromaDB collections: ['ingested_content']
2026-02-27 19:42:34 |     INFO | MarketingAdvantageAI | [IngestionV2] ✅ Connected to existing collection 'ingested_content'
2026-02-27 19:42:34 |     INFO | MarketingAdvantageAI | [WatcherIngestorV2] Background watcher started with FastAPI server.
2026-02-27 19:42:34 |     INFO | MarketingAdvantageAI | [Scheduler] Starting validation scheduler | validation_interval=60s | conflict_interval=120s | temporal_interval=300s
2026-02-27 19:42:34 |     INFO | MarketingAdvantageAI | [Scheduler] Started 4 background tasks (validation: True, conflict: True, temporal: True)
2026-02-27 19:42:34 |     INFO | MarketingAdvantageAI | [WatcherIngestorV2] 👀 Watching folder: C:\ProjectK\MarketingAdvantage_AI_v1\static\uploads\manual
2026-02-27 19:42:34 |     INFO | MarketingAdvantageAI | [agentic_validation] Worker started
2026-02-27 19:42:34 |     INFO | MarketingAdvantageAI | [conflict_detection] Worker started
2026-02-27 19:42:34 |     INFO | MarketingAdvantageAI | [temporal_revalidation] Worker started
2026-02-27 19:42:34 |     INFO | MarketingAdvantageAI | [HealthMonitor] Health monitor started
2026-02-27 19:43:34 |     INFO | MarketingAdvantageAI | [AgenticValidation] No rows pending validation.
2026-02-27 19:43:34 |     INFO | MarketingAdvantageAI | [agentic_validation] ✅ Run complete | processed=0 | duration=117ms
2026-02-27 19:44:34 |     INFO | MarketingAdvantageAI | [AgenticValidation] No rows pending validation.
2026-02-27 19:44:34 |     INFO | MarketingAdvantageAI | [agentic_validation] ✅ Run complete | processed=0 | duration=0ms
2026-02-27 19:44:44 |     INFO | MarketingAdvantageAI | [ConflictEngine] No rows pending conflict analysis.
2026-02-27 19:44:44 |     INFO | MarketingAdvantageAI | [conflict_detection] ✅ Run complete | processed=0 | duration=12ms
2026-02-27 19:45:34 |     INFO | MarketingAdvantageAI | [AgenticValidation] No rows pending validation.
2026-02-27 19:45:34 |     INFO | MarketingAdvantageAI | [agentic_validation] ✅ Run complete | processed=0 | duration=5ms
2026-02-27 19:45:58 |     INFO | MarketingAdvantageAI | [Scheduler] Initiating graceful shutdown...
2026-02-27 19:45:58 |     INFO | MarketingAdvantageAI | [temporal_revalidation] Worker stopped
2026-02-27 19:45:58 |     INFO | MarketingAdvantageAI | [conflict_detection] Worker stopped
2026-02-27 19:45:58 |     INFO | MarketingAdvantageAI | [HealthMonitor] Health monitor stopped
2026-02-27 19:45:58 |     INFO | MarketingAdvantageAI | [agentic_validation] Worker stopped
2026-02-27 19:45:58 |     INFO | MarketingAdvantageAI | [Scheduler] All tasks completed gracefully
2026-02-27 19:45:58 |     INFO | MarketingAdvantageAI | [Scheduler] Scheduler stopped
2026-02-27 19:46:14 |     INFO | MarketingAdvantageAI | [IngestionV2] ChromaDB client initialized at ./chroma_db
2026-02-27 19:46:14 |     INFO | MarketingAdvantageAI | [IngestionV2] Found ChromaDB collections: ['ingested_content']
2026-02-27 19:46:14 |     INFO | MarketingAdvantageAI | [IngestionV2] ✅ Connected to existing collection 'ingested_content'
2026-02-27 19:46:14 |     INFO | MarketingAdvantageAI | [WatcherIngestorV2] Background watcher started with FastAPI server.
2026-02-27 19:46:14 |     INFO | MarketingAdvantageAI | [Scheduler] Starting validation scheduler | validation_interval=60s | conflict_interval=120s | temporal_interval=300s
2026-02-27 19:46:14 |     INFO | MarketingAdvantageAI | [Scheduler] Started 4 background tasks (validation: True, conflict: True, temporal: True)
2026-02-27 19:46:14 |     INFO | MarketingAdvantageAI | [WatcherIngestorV2] 👀 Watching folder: C:\ProjectK\MarketingAdvantage_AI_v1\static\uploads\manual
2026-02-27 19:46:14 |     INFO | MarketingAdvantageAI | [agentic_validation] Worker started
2026-02-27 19:46:14 |     INFO | MarketingAdvantageAI | [conflict_detection] Worker started
2026-02-27 19:46:14 |     INFO | MarketingAdvantageAI | [temporal_revalidation] Worker started
2026-02-27 19:46:14 |     INFO | MarketingAdvantageAI | [HealthMonitor] Health monitor started
2026-02-27 19:47:14 |     INFO | MarketingAdvantageAI | [AgenticValidation] No rows pending validation.
2026-02-27 19:47:14 |     INFO | MarketingAdvantageAI | [agentic_validation] ✅ Run complete | processed=0 | duration=112ms
2026-02-27 19:48:14 |     INFO | MarketingAdvantageAI | [AgenticValidation] No rows pending validation.
2026-02-27 19:48:14 |     INFO | MarketingAdvantageAI | [agentic_validation] ✅ Run complete | processed=0 | duration=6ms
2026-02-27 19:48:24 |     INFO | MarketingAdvantageAI | [ConflictEngine] No rows pending conflict analysis.
2026-02-27 19:48:24 |     INFO | MarketingAdvantageAI | [conflict_detection] ✅ Run complete | processed=0 | duration=8ms
2026-02-27 19:49:14 |     INFO | MarketingAdvantageAI | [AgenticValidation] No rows pending validation.
2026-02-27 19:49:14 |     INFO | MarketingAdvantageAI | [agentic_validation] ✅ Run complete | processed=0 | duration=5ms
2026-02-27 19:50:14 |     INFO | MarketingAdvantageAI | [AgenticValidation] No rows pending validation.
2026-02-27 19:50:14 |     INFO | MarketingAdvantageAI | [agentic_validation] ✅ Run complete | processed=0 | duration=4ms
2026-02-27 19:50:24 |     INFO | MarketingAdvantageAI | [ConflictEngine] No rows pending conflict analysis.
2026-02-27 19:50:24 |     INFO | MarketingAdvantageAI | [conflict_detection] ✅ Run complete | processed=0 | duration=0ms
2026-02-27 19:51:14 |     INFO | MarketingAdvantageAI | [TemporalRevalidation] No rows pending temporal review.
2026-02-27 19:51:14 |     INFO | MarketingAdvantageAI | [temporal_revalidation] ✅ Run complete | processed=0 | duration=6ms
2026-02-27 19:51:14 |     INFO | MarketingAdvantageAI | [AgenticValidation] No rows pending validation.
2026-02-27 19:51:14 |     INFO | MarketingAdvantageAI | [agentic_validation] ✅ Run complete | processed=0 | duration=7ms
2026-02-27 19:52:14 |     INFO | MarketingAdvantageAI | [AgenticValidation] No rows pending validation.
2026-02-27 19:52:14 |     INFO | MarketingAdvantageAI | [agentic_validation] ✅ Run complete | processed=0 | duration=6ms
2026-02-27 19:52:24 |     INFO | MarketingAdvantageAI | [ConflictEngine] No rows pending conflict analysis.
2026-02-27 19:52:24 |     INFO | MarketingAdvantageAI | [conflict_detection] ✅ Run complete | processed=0 | duration=4ms
2026-02-27 19:53:14 |     INFO | MarketingAdvantageAI | [AgenticValidation] No rows pending validation.
2026-02-27 19:53:14 |     INFO | MarketingAdvantageAI | [agentic_validation] ✅ Run complete | processed=0 | duration=0ms
2026-02-27 19:54:14 |     INFO | MarketingAdvantageAI | [AgenticValidation] No rows pending validation.
2026-02-27 19:54:14 |     INFO | MarketingAdvantageAI | [agentic_validation] ✅ Run complete | processed=0 | duration=3ms
2026-02-27 19:54:24 |     INFO | MarketingAdvantageAI | [ConflictEngine] No rows pending conflict analysis.
2026-02-27 19:54:24 |     INFO | MarketingAdvantageAI | [conflict_detection] ✅ Run complete | processed=0 | duration=6ms
2026-02-27 19:55:14 |     INFO | MarketingAdvantageAI | [AgenticValidation] No rows pending validation.
2026-02-27 19:55:14 |     INFO | MarketingAdvantageAI | [agentic_validation] ✅ Run complete | processed=0 | duration=4ms
2026-02-27 19:56:14 |     INFO | MarketingAdvantageAI | [TemporalRevalidation] No rows pending temporal review.
2026-02-27 19:56:14 |     INFO | MarketingAdvantageAI | [temporal_revalidation] ✅ Run complete | processed=0 | duration=7ms
2026-02-27 19:56:14 |     INFO | MarketingAdvantageAI | [AgenticValidation] No rows pending validation.
2026-02-27 19:56:14 |     INFO | MarketingAdvantageAI | [agentic_validation] ✅ Run complete | processed=0 | duration=5ms
2026-02-27 19:56:24 |     INFO | MarketingAdvantageAI | [ConflictEngine] No rows pending conflict analysis.
2026-02-27 19:56:24 |     INFO | MarketingAdvantageAI | [conflict_detection] ✅ Run complete | processed=0 | duration=4ms
2026-02-27 20:11:08 |  WARNING | MarketingAdvantageAI | [HealthMonitor] Unhealthy workers detected: agentic_validation (stalled, 893s since last run), conflict_detection (stalled, 884s since last run)
2026-02-27 20:11:08 |     INFO | MarketingAdvantageAI | [AgenticValidation] No rows pending validation.
2026-02-27 20:11:08 |     INFO | MarketingAdvantageAI | [agentic_validation] ✅ Run complete | processed=0 | duration=62ms
2026-02-27 20:11:08 |     INFO | MarketingAdvantageAI | [ConflictEngine] No rows pending conflict analysis.
2026-02-27 20:11:08 |     INFO | MarketingAdvantageAI | [TemporalRevalidation] No rows pending temporal review.
2026-02-27 20:11:08 |     INFO | MarketingAdvantageAI | [conflict_detection] ✅ Run complete | processed=0 | duration=563ms
2026-02-27 20:11:08 |     INFO | MarketingAdvantageAI | [temporal_revalidation] ✅ Run complete | processed=0 | duration=555ms
2026-02-27 22:44:57 |  WARNING | MarketingAdvantageAI | [HealthMonitor] Unhealthy workers detected: agentic_validation (stalled, 9229s since last run), conflict_detection (stalled, 9229s since last run), temporal_revalidation (stalled, 9229s since last run)
2026-02-27 22:44:58 |     INFO | MarketingAdvantageAI | [AgenticValidation] No rows pending validation.
2026-02-27 22:44:58 |     INFO | MarketingAdvantageAI | [TemporalRevalidation] No rows pending temporal review.
2026-02-27 22:44:58 |     INFO | MarketingAdvantageAI | [ConflictEngine] No rows pending conflict analysis.
2026-02-27 22:44:58 |     INFO | MarketingAdvantageAI | [agentic_validation] ✅ Run complete | processed=0 | duration=544ms
2026-02-27 22:44:58 |     INFO | MarketingAdvantageAI | [temporal_revalidation] ✅ Run complete | processed=0 | duration=544ms
2026-02-27 22:44:58 |     INFO | MarketingAdvantageAI | [conflict_detection] ✅ Run complete | processed=0 | duration=546ms
2026-02-27 22:45:56 |     INFO | MarketingAdvantageAI | [AgenticValidation] No rows pending validation.
2026-02-27 22:45:56 |     INFO | MarketingAdvantageAI | [agentic_validation] ✅ Run complete | processed=0 | duration=5ms
2026-02-27 22:46:56 |     INFO | MarketingAdvantageAI | [ConflictEngine] No rows pending conflict analysis.
2026-02-27 22:46:56 |     INFO | MarketingAdvantageAI | [AgenticValidation] No rows pending validation.
2026-02-27 22:46:56 |     INFO | MarketingAdvantageAI | [conflict_detection] ✅ Run complete | processed=0 | duration=9ms
2026-02-27 22:46:56 |     INFO | MarketingAdvantageAI | [agentic_validation] ✅ Run complete | processed=0 | duration=7ms
2026-02-27 22:47:56 |     INFO | MarketingAdvantageAI | [AgenticValidation] No rows pending validation.
2026-02-27 22:47:56 |     INFO | MarketingAdvantageAI | [agentic_validation] ✅ Run complete | processed=0 | duration=4ms
2026-02-27 22:48:56 |     INFO | MarketingAdvantageAI | [ConflictEngine] No rows pending conflict analysis.
2026-02-27 22:48:56 |     INFO | MarketingAdvantageAI | [AgenticValidation] No rows pending validation.
2026-02-27 22:48:56 |     INFO | MarketingAdvantageAI | [conflict_detection] ✅ Run complete | processed=0 | duration=7ms
2026-02-27 22:48:56 |     INFO | MarketingAdvantageAI | [agentic_validation] ✅ Run complete | processed=0 | duration=7ms
2026-02-27 22:49:56 |     INFO | MarketingAdvantageAI | [TemporalRevalidation] No rows pending temporal review.
2026-02-27 22:49:56 |     INFO | MarketingAdvantageAI | [AgenticValidation] No rows pending validation.
2026-02-27 22:49:56 |     INFO | MarketingAdvantageAI | [temporal_revalidation] ✅ Run complete | processed=0 | duration=7ms
2026-02-27 22:49:56 |     INFO | MarketingAdvantageAI | [agentic_validation] ✅ Run complete | processed=0 | duration=5ms
2026-02-27 22:50:56 |     INFO | MarketingAdvantageAI | [ConflictEngine] No rows pending conflict analysis.
2026-02-27 22:50:56 |     INFO | MarketingAdvantageAI | [conflict_detection] ✅ Run complete | processed=0 | duration=4ms
2026-02-27 22:50:56 |     INFO | MarketingAdvantageAI | [AgenticValidation] No rows pending validation.
2026-02-27 22:50:56 |     INFO | MarketingAdvantageAI | [agentic_validation] ✅ Run complete | processed=0 | duration=4ms
2026-02-27 22:51:56 |     INFO | MarketingAdvantageAI | [AgenticValidation] No rows pending validation.
2026-02-27 22:51:56 |     INFO | MarketingAdvantageAI | [agentic_validation] ✅ Run complete | processed=0 | duration=5ms
2026-02-27 22:52:56 |     INFO | MarketingAdvantageAI | [ConflictEngine] No rows pending conflict analysis.
2026-02-27 22:52:56 |     INFO | MarketingAdvantageAI | [conflict_detection] ✅ Run complete | processed=0 | duration=4ms
2026-02-27 22:52:57 |     INFO | MarketingAdvantageAI | [AgenticValidation] No rows pending validation.
2026-02-27 22:52:57 |     INFO | MarketingAdvantageAI | [agentic_validation] ✅ Run complete | processed=0 | duration=4ms
2026-02-27 22:53:19 |     INFO | MarketingAdvantageAI | [Scheduler] Initiating graceful shutdown...
2026-02-27 22:53:19 |     INFO | MarketingAdvantageAI | [temporal_revalidation] Worker stopped
2026-02-27 22:53:19 |     INFO | MarketingAdvantageAI | [HealthMonitor] Health monitor stopped
2026-02-27 22:53:19 |     INFO | MarketingAdvantageAI | [conflict_detection] Worker stopped
2026-02-27 22:53:19 |     INFO | MarketingAdvantageAI | [agentic_validation] Worker stopped
2026-02-27 22:53:19 |     INFO | MarketingAdvantageAI | [Scheduler] All tasks completed gracefully
2026-02-27 22:53:19 |     INFO | MarketingAdvantageAI | [Scheduler] Scheduler stopped
2026-02-27 23:51:43 |     INFO | MarketingAdvantageAI | [IngestionV2] ChromaDB client initialized at ./chroma_db
2026-02-27 23:51:43 |     INFO | MarketingAdvantageAI | [IngestionV2] Found ChromaDB collections: ['ingested_content']
2026-02-27 23:51:43 |     INFO | MarketingAdvantageAI | [IngestionV2] ✅ Connected to existing collection 'ingested_content'
2026-02-27 23:51:43 |     INFO | MarketingAdvantageAI | [WatcherIngestorV2] Background watcher started with FastAPI server.
2026-02-27 23:51:43 |     INFO | MarketingAdvantageAI | [Scheduler] Starting validation scheduler | validation_interval=60s | conflict_interval=120s | temporal_interval=300s
2026-02-27 23:51:43 |     INFO | MarketingAdvantageAI | [Scheduler] Started 4 background tasks (validation: True, conflict: True, temporal: True)
2026-02-27 23:51:43 |     INFO | MarketingAdvantageAI | [WatcherIngestorV2] 👀 Watching folder: C:\ProjectK\MarketingAdvantage_AI_v1\static\uploads\manual
2026-02-27 23:51:43 |     INFO | MarketingAdvantageAI | [agentic_validation] Worker started
2026-02-27 23:51:43 |     INFO | MarketingAdvantageAI | [conflict_detection] Worker started
2026-02-27 23:51:43 |     INFO | MarketingAdvantageAI | [temporal_revalidation] Worker started
2026-02-27 23:51:43 |     INFO | MarketingAdvantageAI | [HealthMonitor] Health monitor started
2026-02-27 23:52:44 |     INFO | MarketingAdvantageAI | [AgenticValidation] No rows pending validation.
2026-02-27 23:52:44 |     INFO | MarketingAdvantageAI | [agentic_validation] ✅ Run complete | processed=0 | duration=566ms
2026-02-27 23:53:44 |     INFO | MarketingAdvantageAI | [AgenticValidation] No rows pending validation.
2026-02-27 23:53:44 |     INFO | MarketingAdvantageAI | [agentic_validation] ✅ Run complete | processed=0 | duration=3ms
2026-02-27 23:53:53 |     INFO | MarketingAdvantageAI | [ConflictEngine] No rows pending conflict analysis.
2026-02-27 23:53:53 |     INFO | MarketingAdvantageAI | [conflict_detection] ✅ Run complete | processed=0 | duration=7ms
2026-02-27 23:54:44 |     INFO | MarketingAdvantageAI | [AgenticValidation] No rows pending validation.
2026-02-27 23:54:44 |     INFO | MarketingAdvantageAI | [agentic_validation] ✅ Run complete | processed=0 | duration=4ms
2026-02-27 23:55:44 |     INFO | MarketingAdvantageAI | [AgenticValidation] No rows pending validation.
2026-02-27 23:55:44 |     INFO | MarketingAdvantageAI | [agentic_validation] ✅ Run complete | processed=0 | duration=2ms
2026-02-27 23:55:53 |     INFO | MarketingAdvantageAI | [ConflictEngine] No rows pending conflict analysis.
2026-02-27 23:55:53 |     INFO | MarketingAdvantageAI | [conflict_detection] ✅ Run complete | processed=0 | duration=3ms
2026-02-27 23:56:43 |     INFO | MarketingAdvantageAI | [TemporalRevalidation] No rows pending temporal review.
2026-02-27 23:56:43 |     INFO | MarketingAdvantageAI | [temporal_revalidation] ✅ Run complete | processed=0 | duration=7ms
2026-02-27 23:56:44 |     INFO | MarketingAdvantageAI | [AgenticValidation] No rows pending validation.
2026-02-27 23:56:44 |     INFO | MarketingAdvantageAI | [agentic_validation] ✅ Run complete | processed=0 | duration=3ms
2026-02-27 23:57:44 |     INFO | MarketingAdvantageAI | [AgenticValidation] No rows pending validation.
2026-02-27 23:57:44 |     INFO | MarketingAdvantageAI | [agentic_validation] ✅ Run complete | processed=0 | duration=4ms
2026-02-27 23:57:53 |     INFO | MarketingAdvantageAI | [ConflictEngine] No rows pending conflict analysis.
2026-02-27 23:57:53 |     INFO | MarketingAdvantageAI | [conflict_detection] ✅ Run complete | processed=0 | duration=4ms
2026-02-27 23:58:44 |     INFO | MarketingAdvantageAI | [AgenticValidation] No rows pending validation.
2026-02-27 23:58:44 |     INFO | MarketingAdvantageAI | [agentic_validation] ✅ Run complete | processed=0 | duration=4ms
2026-02-27 23:59:44 |     INFO | MarketingAdvantageAI | [AgenticValidation] No rows pending validation.
2026-02-27 23:59:44 |     INFO | MarketingAdvantageAI | [agentic_validation] ✅ Run complete | processed=0 | duration=11ms
2026-02-27 23:59:53 |     INFO | MarketingAdvantageAI | [ConflictEngine] No rows pending conflict analysis.
2026-02-27 23:59:53 |     INFO | MarketingAdvantageAI | [conflict_detection] ✅ Run complete | processed=0 | duration=3ms
2026-02-28 00:00:44 |     INFO | MarketingAdvantageAI | [AgenticValidation] No rows pending validation.
2026-02-28 00:00:44 |     INFO | MarketingAdvantageAI | [agentic_validation] ✅ Run complete | processed=0 | duration=5ms
2026-02-28 00:01:43 |     INFO | MarketingAdvantageAI | [TemporalRevalidation] No rows pending temporal review.
2026-02-28 00:01:43 |     INFO | MarketingAdvantageAI | [temporal_revalidation] ✅ Run complete | processed=0 | duration=3ms
2026-02-28 00:01:44 |     INFO | MarketingAdvantageAI | [AgenticValidation] No rows pending validation.
2026-02-28 00:01:44 |     INFO | MarketingAdvantageAI | [agentic_validation] ✅ Run complete | processed=0 | duration=3ms
2026-02-28 00:01:53 |     INFO | MarketingAdvantageAI | [ConflictEngine] No rows pending conflict analysis.
2026-02-28 00:01:53 |     INFO | MarketingAdvantageAI | [conflict_detection] ✅ Run complete | processed=0 | duration=4ms
2026-02-28 00:02:44 |     INFO | MarketingAdvantageAI | [AgenticValidation] No rows pending validation.
2026-02-28 00:02:44 |     INFO | MarketingAdvantageAI | [agentic_validation] ✅ Run complete | processed=0 | duration=4ms
2026-02-28 00:03:44 |     INFO | MarketingAdvantageAI | [AgenticValidation] No rows pending validation.
2026-02-28 00:03:44 |     INFO | MarketingAdvantageAI | [agentic_validation] ✅ Run complete | processed=0 | duration=4ms
2026-02-28 00:03:53 |     INFO | MarketingAdvantageAI | [ConflictEngine] No rows pending conflict analysis.
2026-02-28 00:03:53 |     INFO | MarketingAdvantageAI | [conflict_detection] ✅ Run complete | processed=0 | duration=5ms
2026-02-28 00:04:44 |     INFO | MarketingAdvantageAI | [AgenticValidation] No rows pending validation.
2026-02-28 00:04:44 |     INFO | MarketingAdvantageAI | [agentic_validation] ✅ Run complete | processed=0 | duration=4ms
2026-02-28 00:05:44 |     INFO | MarketingAdvantageAI | [AgenticValidation] No rows pending validation.
2026-02-28 00:05:44 |     INFO | MarketingAdvantageAI | [agentic_validation] ✅ Run complete | processed=0 | duration=3ms
2026-02-28 00:05:53 |     INFO | MarketingAdvantageAI | [ConflictEngine] No rows pending conflict analysis.
2026-02-28 00:05:53 |     INFO | MarketingAdvantageAI | [conflict_detection] ✅ Run complete | processed=0 | duration=4ms
2026-02-28 00:06:43 |     INFO | MarketingAdvantageAI | [TemporalRevalidation] No rows pending temporal review.
2026-02-28 00:06:43 |     INFO | MarketingAdvantageAI | [temporal_revalidation] ✅ Run complete | processed=0 | duration=3ms
2026-02-28 00:06:44 |     INFO | MarketingAdvantageAI | [AgenticValidation] No rows pending validation.
2026-02-28 00:06:44 |     INFO | MarketingAdvantageAI | [agentic_validation] ✅ Run complete | processed=0 | duration=5ms
2026-02-28 00:07:44 |     INFO | MarketingAdvantageAI | [AgenticValidation] No rows pending validation.
2026-02-28 00:07:44 |     INFO | MarketingAdvantageAI | [agentic_validation] ✅ Run complete | processed=0 | duration=4ms
2026-02-28 00:07:53 |     INFO | MarketingAdvantageAI | [ConflictEngine] No rows pending conflict analysis.
2026-02-28 00:07:53 |     INFO | MarketingAdvantageAI | [conflict_detection] ✅ Run complete | processed=0 | duration=4ms
2026-02-28 00:08:44 |     INFO | MarketingAdvantageAI | [AgenticValidation] No rows pending validation.
2026-02-28 00:08:44 |     INFO | MarketingAdvantageAI | [agentic_validation] ✅ Run complete | processed=0 | duration=4ms
2026-02-28 00:09:44 |     INFO | MarketingAdvantageAI | [AgenticValidation] No rows pending validation.
2026-02-28 00:09:44 |     INFO | MarketingAdvantageAI | [agentic_validation] ✅ Run complete | processed=0 | duration=3ms
2026-02-28 00:09:53 |     INFO | MarketingAdvantageAI | [ConflictEngine] No rows pending conflict analysis.
2026-02-28 00:09:53 |     INFO | MarketingAdvantageAI | [conflict_detection] ✅ Run complete | processed=0 | duration=4ms
2026-02-28 00:10:44 |     INFO | MarketingAdvantageAI | [AgenticValidation] No rows pending validation.
2026-02-28 00:10:44 |     INFO | MarketingAdvantageAI | [agentic_validation] ✅ Run complete | processed=0 | duration=4ms
2026-02-28 00:11:43 |     INFO | MarketingAdvantageAI | [TemporalRevalidation] No rows pending temporal review.
2026-02-28 00:11:43 |     INFO | MarketingAdvantageAI | [temporal_revalidation] ✅ Run complete | processed=0 | duration=3ms
2026-02-28 00:11:44 |     INFO | MarketingAdvantageAI | [AgenticValidation] No rows pending validation.
2026-02-28 00:11:44 |     INFO | MarketingAdvantageAI | [agentic_validation] ✅ Run complete | processed=0 | duration=4ms
2026-02-28 00:11:53 |     INFO | MarketingAdvantageAI | [ConflictEngine] No rows pending conflict analysis.
2026-02-28 00:11:53 |     INFO | MarketingAdvantageAI | [conflict_detection] ✅ Run complete | processed=0 | duration=13ms
2026-02-28 00:12:44 |     INFO | MarketingAdvantageAI | [AgenticValidation] No rows pending validation.
2026-02-28 00:12:44 |     INFO | MarketingAdvantageAI | [agentic_validation] ✅ Run complete | processed=0 | duration=3ms
2026-02-28 00:13:44 |     INFO | MarketingAdvantageAI | [AgenticValidation] No rows pending validation.
2026-02-28 00:13:44 |     INFO | MarketingAdvantageAI | [agentic_validation] ✅ Run complete | processed=0 | duration=4ms
2026-02-28 00:13:53 |     INFO | MarketingAdvantageAI | [ConflictEngine] No rows pending conflict analysis.
2026-02-28 00:13:53 |     INFO | MarketingAdvantageAI | [conflict_detection] ✅ Run complete | processed=0 | duration=4ms
2026-02-28 00:14:44 |     INFO | MarketingAdvantageAI | [AgenticValidation] No rows pending validation.
2026-02-28 00:14:44 |     INFO | MarketingAdvantageAI | [agentic_validation] ✅ Run complete | processed=0 | duration=4ms
2026-02-28 00:15:44 |     INFO | MarketingAdvantageAI | [AgenticValidation] No rows pending validation.
2026-02-28 00:15:44 |     INFO | MarketingAdvantageAI | [agentic_validation] ✅ Run complete | processed=0 | duration=5ms
2026-02-28 00:15:53 |     INFO | MarketingAdvantageAI | [ConflictEngine] No rows pending conflict analysis.
2026-02-28 00:15:53 |     INFO | MarketingAdvantageAI | [conflict_detection] ✅ Run complete | processed=0 | duration=3ms
2026-02-28 00:16:43 |     INFO | MarketingAdvantageAI | [TemporalRevalidation] No rows pending temporal review.
2026-02-28 00:16:43 |     INFO | MarketingAdvantageAI | [temporal_revalidation] ✅ Run complete | processed=0 | duration=4ms
2026-02-28 00:16:44 |     INFO | MarketingAdvantageAI | [AgenticValidation] No rows pending validation.
2026-02-28 00:16:44 |     INFO | MarketingAdvantageAI | [agentic_validation] ✅ Run complete | processed=0 | duration=4ms
2026-02-28 00:17:44 |     INFO | MarketingAdvantageAI | [AgenticValidation] No rows pending validation.
2026-02-28 00:17:44 |     INFO | MarketingAdvantageAI | [agentic_validation] ✅ Run complete | processed=0 | duration=4ms
2026-02-28 00:17:53 |     INFO | MarketingAdvantageAI | [ConflictEngine] No rows pending conflict analysis.
2026-02-28 00:17:53 |     INFO | MarketingAdvantageAI | [conflict_detection] ✅ Run complete | processed=0 | duration=3ms
2026-02-28 00:18:44 |     INFO | MarketingAdvantageAI | [AgenticValidation] No rows pending validation.
2026-02-28 00:18:44 |     INFO | MarketingAdvantageAI | [agentic_validation] ✅ Run complete | processed=0 | duration=4ms
2026-02-28 00:19:44 |     INFO | MarketingAdvantageAI | [AgenticValidation] No rows pending validation.
2026-02-28 00:19:44 |     INFO | MarketingAdvantageAI | [agentic_validation] ✅ Run complete | processed=0 | duration=4ms
2026-02-28 00:19:53 |     INFO | MarketingAdvantageAI | [ConflictEngine] No rows pending conflict analysis.
2026-02-28 00:19:53 |     INFO | MarketingAdvantageAI | [conflict_detection] ✅ Run complete | processed=0 | duration=4ms
2026-02-28 00:20:44 |     INFO | MarketingAdvantageAI | [AgenticValidation] No rows pending validation.
2026-02-28 00:20:44 |     INFO | MarketingAdvantageAI | [agentic_validation] ✅ Run complete | processed=0 | duration=4ms
2026-02-28 00:21:43 |     INFO | MarketingAdvantageAI | [TemporalRevalidation] No rows pending temporal review.
2026-02-28 00:21:43 |     INFO | MarketingAdvantageAI | [temporal_revalidation] ✅ Run complete | processed=0 | duration=4ms
2026-02-28 00:21:44 |     INFO | MarketingAdvantageAI | [AgenticValidation] No rows pending validation.
2026-02-28 00:21:44 |     INFO | MarketingAdvantageAI | [agentic_validation] ✅ Run complete | processed=0 | duration=3ms
2026-02-28 00:21:53 |     INFO | MarketingAdvantageAI | [ConflictEngine] No rows pending conflict analysis.
2026-02-28 00:21:53 |     INFO | MarketingAdvantageAI | [conflict_detection] ✅ Run complete | processed=0 | duration=4ms
2026-02-28 00:22:44 |     INFO | MarketingAdvantageAI | [AgenticValidation] No rows pending validation.
2026-02-28 00:22:44 |     INFO | MarketingAdvantageAI | [agentic_validation] ✅ Run complete | processed=0 | duration=61ms
2026-02-28 00:23:44 |     INFO | MarketingAdvantageAI | [AgenticValidation] No rows pending validation.
2026-02-28 00:23:44 |     INFO | MarketingAdvantageAI | [agentic_validation] ✅ Run complete | processed=0 | duration=4ms
2026-02-28 00:23:53 |     INFO | MarketingAdvantageAI | [ConflictEngine] No rows pending conflict analysis.
2026-02-28 00:23:53 |     INFO | MarketingAdvantageAI | [conflict_detection] ✅ Run complete | processed=0 | duration=4ms
2026-02-28 00:24:49 |     INFO | MarketingAdvantageAI | [AgenticValidation] No rows pending validation.
2026-02-28 00:24:49 |     INFO | MarketingAdvantageAI | [agentic_validation] ✅ Run complete | processed=0 | duration=13ms
2026-02-28 00:25:49 |     INFO | MarketingAdvantageAI | [AgenticValidation] No rows pending validation.
2026-02-28 00:25:49 |     INFO | MarketingAdvantageAI | [agentic_validation] ✅ Run complete | processed=0 | duration=8ms
2026-02-28 00:25:53 |     INFO | MarketingAdvantageAI | [ConflictEngine] No rows pending conflict analysis.
2026-02-28 00:25:53 |     INFO | MarketingAdvantageAI | [conflict_detection] ✅ Run complete | processed=0 | duration=3ms
2026-02-28 00:26:43 |     INFO | MarketingAdvantageAI | [TemporalRevalidation] No rows pending temporal review.
2026-02-28 00:26:43 |     INFO | MarketingAdvantageAI | [temporal_revalidation] ✅ Run complete | processed=0 | duration=7ms
2026-02-28 00:26:49 |     INFO | MarketingAdvantageAI | [AgenticValidation] No rows pending validation.
2026-02-28 00:26:49 |     INFO | MarketingAdvantageAI | [agentic_validation] ✅ Run complete | processed=0 | duration=5ms
2026-02-28 00:27:49 |     INFO | MarketingAdvantageAI | [AgenticValidation] No rows pending validation.
2026-02-28 00:27:49 |     INFO | MarketingAdvantageAI | [agentic_validation] ✅ Run complete | processed=0 | duration=5ms
2026-02-28 00:27:53 |     INFO | MarketingAdvantageAI | [ConflictEngine] No rows pending conflict analysis.
2026-02-28 00:27:53 |     INFO | MarketingAdvantageAI | [conflict_detection] ✅ Run complete | processed=0 | duration=6ms
2026-02-28 00:28:49 |     INFO | MarketingAdvantageAI | [AgenticValidation] No rows pending validation.
2026-02-28 00:28:49 |     INFO | MarketingAdvantageAI | [agentic_validation] ✅ Run complete | processed=0 | duration=5ms
2026-02-28 00:29:49 |     INFO | MarketingAdvantageAI | [AgenticValidation] No rows pending validation.
2026-02-28 00:29:49 |     INFO | MarketingAdvantageAI | [agentic_validation] ✅ Run complete | processed=0 | duration=8ms
2026-02-28 00:29:53 |     INFO | MarketingAdvantageAI | [ConflictEngine] No rows pending conflict analysis.
2026-02-28 00:29:53 |     INFO | MarketingAdvantageAI | [conflict_detection] ✅ Run complete | processed=0 | duration=6ms
2026-02-28 00:30:49 |     INFO | MarketingAdvantageAI | [AgenticValidation] No rows pending validation.
2026-02-28 00:30:49 |     INFO | MarketingAdvantageAI | [agentic_validation] ✅ Run complete | processed=0 | duration=3ms
2026-02-28 00:31:43 |     INFO | MarketingAdvantageAI | [TemporalRevalidation] No rows pending temporal review.
2026-02-28 00:31:43 |     INFO | MarketingAdvantageAI | [temporal_revalidation] ✅ Run complete | processed=0 | duration=4ms
2026-02-28 00:31:49 |     INFO | MarketingAdvantageAI | [AgenticValidation] No rows pending validation.
2026-02-28 00:31:49 |     INFO | MarketingAdvantageAI | [agentic_validation] ✅ Run complete | processed=0 | duration=5ms
2026-02-28 00:31:53 |     INFO | MarketingAdvantageAI | [ConflictEngine] No rows pending conflict analysis.
2026-02-28 00:31:53 |     INFO | MarketingAdvantageAI | [conflict_detection] ✅ Run complete | processed=0 | duration=3ms
2026-02-28 00:32:49 |     INFO | MarketingAdvantageAI | [AgenticValidation] No rows pending validation.
2026-02-28 00:32:49 |     INFO | MarketingAdvantageAI | [agentic_validation] ✅ Run complete | processed=0 | duration=4ms
2026-02-28 00:33:49 |     INFO | MarketingAdvantageAI | [AgenticValidation] No rows pending validation.
2026-02-28 00:33:49 |     INFO | MarketingAdvantageAI | [agentic_validation] ✅ Run complete | processed=0 | duration=5ms
2026-02-28 00:33:53 |     INFO | MarketingAdvantageAI | [ConflictEngine] No rows pending conflict analysis.
2026-02-28 00:33:53 |     INFO | MarketingAdvantageAI | [conflict_detection] ✅ Run complete | processed=0 | duration=4ms
2026-02-28 00:34:49 |     INFO | MarketingAdvantageAI | [AgenticValidation] No rows pending validation.
2026-02-28 00:34:49 |     INFO | MarketingAdvantageAI | [agentic_validation] ✅ Run complete | processed=0 | duration=5ms
2026-02-28 00:35:49 |     INFO | MarketingAdvantageAI | [AgenticValidation] No rows pending validation.
2026-02-28 00:35:49 |     INFO | MarketingAdvantageAI | [agentic_validation] ✅ Run complete | processed=0 | duration=5ms
2026-02-28 00:35:53 |     INFO | MarketingAdvantageAI | [ConflictEngine] No rows pending conflict analysis.
2026-02-28 00:35:53 |     INFO | MarketingAdvantageAI | [conflict_detection] ✅ Run complete | processed=0 | duration=2ms
2026-02-28 00:36:43 |     INFO | MarketingAdvantageAI | [TemporalRevalidation] No rows pending temporal review.
2026-02-28 00:36:43 |     INFO | MarketingAdvantageAI | [temporal_revalidation] ✅ Run complete | processed=0 | duration=6ms
2026-02-28 00:36:49 |     INFO | MarketingAdvantageAI | [AgenticValidation] No rows pending validation.
2026-02-28 00:36:49 |     INFO | MarketingAdvantageAI | [agentic_validation] ✅ Run complete | processed=0 | duration=2ms
2026-02-28 00:37:49 |     INFO | MarketingAdvantageAI | [AgenticValidation] No rows pending validation.
2026-02-28 00:37:49 |     INFO | MarketingAdvantageAI | [agentic_validation] ✅ Run complete | processed=0 | duration=4ms
2026-02-28 00:37:53 |     INFO | MarketingAdvantageAI | [ConflictEngine] No rows pending conflict analysis.
2026-02-28 00:37:53 |     INFO | MarketingAdvantageAI | [conflict_detection] ✅ Run complete | processed=0 | duration=1ms
2026-02-28 00:38:49 |     INFO | MarketingAdvantageAI | [AgenticValidation] No rows pending validation.
2026-02-28 00:38:49 |     INFO | MarketingAdvantageAI | [agentic_validation] ✅ Run complete | processed=0 | duration=4ms
2026-02-28 00:39:49 |     INFO | MarketingAdvantageAI | [AgenticValidation] No rows pending validation.
2026-02-28 00:39:49 |     INFO | MarketingAdvantageAI | [agentic_validation] ✅ Run complete | processed=0 | duration=6ms
2026-02-28 00:39:53 |     INFO | MarketingAdvantageAI | [ConflictEngine] No rows pending conflict analysis.
2026-02-28 00:39:53 |     INFO | MarketingAdvantageAI | [conflict_detection] ✅ Run complete | processed=0 | duration=3ms
2026-02-28 00:40:49 |     INFO | MarketingAdvantageAI | [AgenticValidation] No rows pending validation.
2026-02-28 00:40:49 |     INFO | MarketingAdvantageAI | [agentic_validation] ✅ Run complete | processed=0 | duration=4ms
2026-02-28 00:41:43 |     INFO | MarketingAdvantageAI | [TemporalRevalidation] No rows pending temporal review.
2026-02-28 00:41:43 |     INFO | MarketingAdvantageAI | [temporal_revalidation] ✅ Run complete | processed=0 | duration=2ms
2026-02-28 00:41:49 |     INFO | MarketingAdvantageAI | [AgenticValidation] No rows pending validation.
2026-02-28 00:41:49 |     INFO | MarketingAdvantageAI | [agentic_validation] ✅ Run complete | processed=0 | duration=3ms
2026-02-28 00:41:53 |     INFO | MarketingAdvantageAI | [ConflictEngine] No rows pending conflict analysis.
2026-02-28 00:41:53 |     INFO | MarketingAdvantageAI | [conflict_detection] ✅ Run complete | processed=0 | duration=3ms
2026-02-28 00:42:49 |     INFO | MarketingAdvantageAI | [AgenticValidation] No rows pending validation.
2026-02-28 00:42:49 |     INFO | MarketingAdvantageAI | [agentic_validation] ✅ Run complete | processed=0 | duration=4ms
2026-02-28 00:43:49 |     INFO | MarketingAdvantageAI | [AgenticValidation] No rows pending validation.
2026-02-28 00:43:49 |     INFO | MarketingAdvantageAI | [agentic_validation] ✅ Run complete | processed=0 | duration=2ms
2026-02-28 00:43:53 |     INFO | MarketingAdvantageAI | [ConflictEngine] No rows pending conflict analysis.
2026-02-28 00:43:53 |     INFO | MarketingAdvantageAI | [conflict_detection] ✅ Run complete | processed=0 | duration=1ms
2026-02-28 00:44:49 |     INFO | MarketingAdvantageAI | [AgenticValidation] No rows pending validation.
2026-02-28 00:44:49 |     INFO | MarketingAdvantageAI | [agentic_validation] ✅ Run complete | processed=0 | duration=8ms
2026-02-28 00:45:49 |     INFO | MarketingAdvantageAI | [AgenticValidation] No rows pending validation.
2026-02-28 00:45:49 |     INFO | MarketingAdvantageAI | [agentic_validation] ✅ Run complete | processed=0 | duration=6ms
2026-02-28 00:45:53 |     INFO | MarketingAdvantageAI | [ConflictEngine] No rows pending conflict analysis.
2026-02-28 00:45:53 |     INFO | MarketingAdvantageAI | [conflict_detection] ✅ Run complete | processed=0 | duration=6ms
2026-02-28 00:46:43 |     INFO | MarketingAdvantageAI | [TemporalRevalidation] No rows pending temporal review.
2026-02-28 00:46:43 |     INFO | MarketingAdvantageAI | [temporal_revalidation] ✅ Run complete | processed=0 | duration=5ms
2026-02-28 00:46:49 |     INFO | MarketingAdvantageAI | [AgenticValidation] No rows pending validation.
2026-02-28 00:46:49 |     INFO | MarketingAdvantageAI | [agentic_validation] ✅ Run complete | processed=0 | duration=3ms
2026-02-28 00:47:49 |     INFO | MarketingAdvantageAI | [AgenticValidation] No rows pending validation.
2026-02-28 00:47:49 |     INFO | MarketingAdvantageAI | [agentic_validation] ✅ Run complete | processed=0 | duration=8ms
2026-02-28 00:47:53 |     INFO | MarketingAdvantageAI | [ConflictEngine] No rows pending conflict analysis.
2026-02-28 00:47:53 |     INFO | MarketingAdvantageAI | [conflict_detection] ✅ Run complete | processed=0 | duration=5ms
2026-02-28 00:48:49 |     INFO | MarketingAdvantageAI | [AgenticValidation] No rows pending validation.
2026-02-28 00:48:49 |     INFO | MarketingAdvantageAI | [agentic_validation] ✅ Run complete | processed=0 | duration=8ms
2026-02-28 00:49:49 |     INFO | MarketingAdvantageAI | [AgenticValidation] No rows pending validation.
2026-02-28 00:49:49 |     INFO | MarketingAdvantageAI | [agentic_validation] ✅ Run complete | processed=0 | duration=4ms
2026-02-28 00:49:54 |     INFO | MarketingAdvantageAI | [ConflictEngine] No rows pending conflict analysis.
2026-02-28 00:49:54 |     INFO | MarketingAdvantageAI | [conflict_detection] ✅ Run complete | processed=0 | duration=4ms
2026-02-28 00:50:49 |     INFO | MarketingAdvantageAI | [AgenticValidation] No rows pending validation.
2026-02-28 00:50:49 |     INFO | MarketingAdvantageAI | [agentic_validation] ✅ Run complete | processed=0 | duration=6ms
2026-02-28 00:51:43 |     INFO | MarketingAdvantageAI | [TemporalRevalidation] No rows pending temporal review.
2026-02-28 00:51:43 |     INFO | MarketingAdvantageAI | [temporal_revalidation] ✅ Run complete | processed=0 | duration=8ms
2026-02-28 00:51:49 |     INFO | MarketingAdvantageAI | [AgenticValidation] No rows pending validation.
2026-02-28 00:51:49 |     INFO | MarketingAdvantageAI | [agentic_validation] ✅ Run complete | processed=0 | duration=0ms
2026-02-28 00:51:54 |     INFO | MarketingAdvantageAI | [ConflictEngine] No rows pending conflict analysis.
2026-02-28 00:51:54 |     INFO | MarketingAdvantageAI | [conflict_detection] ✅ Run complete | processed=0 | duration=7ms
2026-02-28 00:52:49 |     INFO | MarketingAdvantageAI | [AgenticValidation] No rows pending validation.
2026-02-28 00:52:49 |     INFO | MarketingAdvantageAI | [agentic_validation] ✅ Run complete | processed=0 | duration=128ms
2026-02-28 00:53:49 |     INFO | MarketingAdvantageAI | [AgenticValidation] No rows pending validation.
2026-02-28 00:53:49 |     INFO | MarketingAdvantageAI | [agentic_validation] ✅ Run complete | processed=0 | duration=5ms
2026-02-28 00:53:54 |     INFO | MarketingAdvantageAI | [ConflictEngine] No rows pending conflict analysis.
2026-02-28 00:53:54 |     INFO | MarketingAdvantageAI | [conflict_detection] ✅ Run complete | processed=0 | duration=4ms
2026-02-28 00:54:49 |     INFO | MarketingAdvantageAI | [AgenticValidation] No rows pending validation.
2026-02-28 00:54:49 |     INFO | MarketingAdvantageAI | [agentic_validation] ✅ Run complete | processed=0 | duration=5ms
2026-02-28 00:55:49 |     INFO | MarketingAdvantageAI | [AgenticValidation] No rows pending validation.
2026-02-28 00:55:49 |     INFO | MarketingAdvantageAI | [agentic_validation] ✅ Run complete | processed=0 | duration=5ms
2026-02-28 00:55:54 |     INFO | MarketingAdvantageAI | [ConflictEngine] No rows pending conflict analysis.
2026-02-28 00:55:54 |     INFO | MarketingAdvantageAI | [conflict_detection] ✅ Run complete | processed=0 | duration=3ms
2026-02-28 00:56:43 |     INFO | MarketingAdvantageAI | [TemporalRevalidation] No rows pending temporal review.
2026-02-28 00:56:43 |     INFO | MarketingAdvantageAI | [temporal_revalidation] ✅ Run complete | processed=0 | duration=6ms
2026-02-28 00:56:49 |     INFO | MarketingAdvantageAI | [AgenticValidation] No rows pending validation.
2026-02-28 00:56:49 |     INFO | MarketingAdvantageAI | [agentic_validation] ✅ Run complete | processed=0 | duration=3ms
2026-02-28 00:57:49 |     INFO | MarketingAdvantageAI | [AgenticValidation] No rows pending validation.
2026-02-28 00:57:49 |     INFO | MarketingAdvantageAI | [agentic_validation] ✅ Run complete | processed=0 | duration=7ms
2026-02-28 00:57:54 |     INFO | MarketingAdvantageAI | [ConflictEngine] No rows pending conflict analysis.
2026-02-28 00:57:54 |     INFO | MarketingAdvantageAI | [conflict_detection] ✅ Run complete | processed=0 | duration=7ms
2026-02-28 00:58:49 |     INFO | MarketingAdvantageAI | [AgenticValidation] No rows pending validation.
2026-02-28 00:58:49 |     INFO | MarketingAdvantageAI | [agentic_validation] ✅ Run complete | processed=0 | duration=9ms
2026-02-28 00:59:49 |     INFO | MarketingAdvantageAI | [AgenticValidation] No rows pending validation.
2026-02-28 00:59:49 |     INFO | MarketingAdvantageAI | [agentic_validation] ✅ Run complete | processed=0 | duration=4ms
2026-02-28 00:59:54 |     INFO | MarketingAdvantageAI | [ConflictEngine] No rows pending conflict analysis.
2026-02-28 00:59:54 |     INFO | MarketingAdvantageAI | [conflict_detection] ✅ Run complete | processed=0 | duration=3ms
2026-02-28 01:00:49 |     INFO | MarketingAdvantageAI | [AgenticValidation] No rows pending validation.
2026-02-28 01:00:49 |     INFO | MarketingAdvantageAI | [agentic_validation] ✅ Run complete | processed=0 | duration=4ms
2026-02-28 01:01:43 |     INFO | MarketingAdvantageAI | [TemporalRevalidation] No rows pending temporal review.
2026-02-28 01:01:43 |     INFO | MarketingAdvantageAI | [temporal_revalidation] ✅ Run complete | processed=0 | duration=6ms
2026-02-28 01:01:49 |     INFO | MarketingAdvantageAI | [AgenticValidation] No rows pending validation.
2026-02-28 01:01:49 |     INFO | MarketingAdvantageAI | [agentic_validation] ✅ Run complete | processed=0 | duration=3ms
2026-02-28 01:01:54 |     INFO | MarketingAdvantageAI | [ConflictEngine] No rows pending conflict analysis.
2026-02-28 01:01:54 |     INFO | MarketingAdvantageAI | [conflict_detection] ✅ Run complete | processed=0 | duration=6ms
2026-02-28 01:02:49 |     INFO | MarketingAdvantageAI | [AgenticValidation] No rows pending validation.
2026-02-28 01:02:49 |     INFO | MarketingAdvantageAI | [agentic_validation] ✅ Run complete | processed=0 | duration=5ms
2026-02-28 01:03:49 |     INFO | MarketingAdvantageAI | [AgenticValidation] No rows pending validation.
2026-02-28 01:03:49 |     INFO | MarketingAdvantageAI | [agentic_validation] ✅ Run complete | processed=0 | duration=1ms
2026-02-28 01:03:54 |     INFO | MarketingAdvantageAI | [ConflictEngine] No rows pending conflict analysis.
2026-02-28 01:03:54 |     INFO | MarketingAdvantageAI | [conflict_detection] ✅ Run complete | processed=0 | duration=4ms
2026-02-28 01:04:49 |     INFO | MarketingAdvantageAI | [AgenticValidation] No rows pending validation.
2026-02-28 01:04:49 |     INFO | MarketingAdvantageAI | [agentic_validation] ✅ Run complete | processed=0 | duration=7ms
2026-02-28 01:46:43 |  WARNING | MarketingAdvantageAI | [HealthMonitor] Unhealthy workers detected: agentic_validation (stalled, 2514s since last run), conflict_detection (stalled, 2570s since last run), temporal_revalidation (stalled, 2700s since last run)
2026-02-28 01:46:44 |     INFO | MarketingAdvantageAI | [ConflictEngine] No rows pending conflict analysis.
2026-02-28 01:46:44 |     INFO | MarketingAdvantageAI | [conflict_detection] ✅ Run complete | processed=0 | duration=546ms
2026-02-28 01:46:44 |     INFO | MarketingAdvantageAI | [AgenticValidation] No rows pending validation.
2026-02-28 01:46:44 |     INFO | MarketingAdvantageAI | [agentic_validation] ✅ Run complete | processed=0 | duration=884ms
2026-02-28 01:46:44 |     INFO | MarketingAdvantageAI | [TemporalRevalidation] No rows pending temporal review.
2026-02-28 01:46:44 |     INFO | MarketingAdvantageAI | [temporal_revalidation] ✅ Run complete | processed=0 | duration=845ms
2026-02-28 06:33:22 |  WARNING | MarketingAdvantageAI | [HealthMonitor] Unhealthy workers detected: agentic_validation (stalled, 17198s since last run), conflict_detection (stalled, 17198s since last run), temporal_revalidation (stalled, 17198s since last run)
2026-02-28 06:33:22 |     INFO | MarketingAdvantageAI | [TemporalRevalidation] No rows pending temporal review.
2026-02-28 06:33:22 |     INFO | MarketingAdvantageAI | [ConflictEngine] No rows pending conflict analysis.
2026-02-28 06:33:22 |     INFO | MarketingAdvantageAI | [AgenticValidation] No rows pending validation.
2026-02-28 06:33:22 |     INFO | MarketingAdvantageAI | [temporal_revalidation] ✅ Run complete | processed=0 | duration=472ms
2026-02-28 06:33:22 |     INFO | MarketingAdvantageAI | [conflict_detection] ✅ Run complete | processed=0 | duration=475ms
2026-02-28 06:33:22 |     INFO | MarketingAdvantageAI | [agentic_validation] ✅ Run complete | processed=0 | duration=491ms
2026-02-28 08:22:12 |  WARNING | MarketingAdvantageAI | [HealthMonitor] Unhealthy workers detected: agentic_validation (stalled, 6530s since last run), conflict_detection (stalled, 6530s since last run), temporal_revalidation (stalled, 6530s since last run)
2026-02-28 08:22:13 |     INFO | MarketingAdvantageAI | [ConflictEngine] No rows pending conflict analysis.
2026-02-28 08:22:13 |     INFO | MarketingAdvantageAI | [conflict_detection] ✅ Run complete | processed=0 | duration=498ms
2026-02-28 08:22:13 |     INFO | MarketingAdvantageAI | [TemporalRevalidation] No rows pending temporal review.
2026-02-28 08:22:13 |     INFO | MarketingAdvantageAI | [temporal_revalidation] ✅ Run complete | processed=0 | duration=494ms
2026-02-28 08:22:13 |     INFO | MarketingAdvantageAI | [AgenticValidation] No rows pending validation.
2026-02-28 08:22:13 |     INFO | MarketingAdvantageAI | [agentic_validation] ✅ Run complete | processed=0 | duration=535ms
2026-02-28 08:23:13 |     INFO | MarketingAdvantageAI | [AgenticValidation] No rows pending validation.
2026-02-28 08:23:13 |     INFO | MarketingAdvantageAI | [agentic_validation] ✅ Run complete | processed=0 | duration=6ms
2026-02-28 08:24:13 |     INFO | MarketingAdvantageAI | [AgenticValidation] No rows pending validation.
2026-02-28 08:24:13 |     INFO | MarketingAdvantageAI | [ConflictEngine] No rows pending conflict analysis.
2026-02-28 08:24:13 |     INFO | MarketingAdvantageAI | [agentic_validation] ✅ Run complete | processed=0 | duration=8ms
2026-02-28 08:24:13 |     INFO | MarketingAdvantageAI | [conflict_detection] ✅ Run complete | processed=0 | duration=6ms
2026-02-28 08:25:13 |     INFO | MarketingAdvantageAI | [AgenticValidation] No rows pending validation.
2026-02-28 08:25:13 |     INFO | MarketingAdvantageAI | [agentic_validation] ✅ Run complete | processed=0 | duration=5ms
2026-02-28 09:02:20 |  WARNING | MarketingAdvantageAI | [HealthMonitor] Unhealthy workers detected: agentic_validation (stalled, 2227s since last run), conflict_detection (stalled, 2287s since last run), temporal_revalidation (stalled, 2408s since last run)
2026-02-28 09:02:21 |     INFO | MarketingAdvantageAI | [AgenticValidation] No rows pending validation.
2026-02-28 09:02:21 |     INFO | MarketingAdvantageAI | [agentic_validation] ✅ Run complete | processed=0 | duration=754ms
2026-02-28 09:02:21 |     INFO | MarketingAdvantageAI | [TemporalRevalidation] No rows pending temporal review.
2026-02-28 09:02:21 |     INFO | MarketingAdvantageAI | [temporal_revalidation] ✅ Run complete | processed=0 | duration=764ms
2026-02-28 09:02:21 |     INFO | MarketingAdvantageAI | [ConflictEngine] No rows pending conflict analysis.
2026-02-28 09:02:21 |     INFO | MarketingAdvantageAI | [conflict_detection] ✅ Run complete | processed=0 | duration=795ms
2026-02-28 09:03:21 |     INFO | MarketingAdvantageAI | [AgenticValidation] No rows pending validation.
2026-02-28 09:03:21 |     INFO | MarketingAdvantageAI | [agentic_validation] ✅ Run complete | processed=0 | duration=6ms
2026-02-28 09:04:21 |     INFO | MarketingAdvantageAI | [AgenticValidation] No rows pending validation.
2026-02-28 09:04:21 |     INFO | MarketingAdvantageAI | [agentic_validation] ✅ Run complete | processed=0 | duration=7ms
2026-02-28 09:04:21 |     INFO | MarketingAdvantageAI | [ConflictEngine] No rows pending conflict analysis.
2026-02-28 09:04:21 |     INFO | MarketingAdvantageAI | [conflict_detection] ✅ Run complete | processed=0 | duration=6ms
2026-02-28 09:05:21 |     INFO | MarketingAdvantageAI | [AgenticValidation] No rows pending validation.
2026-02-28 09:05:21 |     INFO | MarketingAdvantageAI | [agentic_validation] ✅ Run complete | processed=0 | duration=1ms
2026-02-28 09:06:21 |     INFO | MarketingAdvantageAI | [AgenticValidation] No rows pending validation.
2026-02-28 09:06:21 |     INFO | MarketingAdvantageAI | [ConflictEngine] No rows pending conflict analysis.
2026-02-28 09:06:21 |     INFO | MarketingAdvantageAI | [agentic_validation] ✅ Run complete | processed=0 | duration=8ms
2026-02-28 09:06:21 |     INFO | MarketingAdvantageAI | [conflict_detection] ✅ Run complete | processed=0 | duration=8ms
2026-02-28 09:07:21 |     INFO | MarketingAdvantageAI | [TemporalRevalidation] No rows pending temporal review.
2026-02-28 09:07:21 |     INFO | MarketingAdvantageAI | [temporal_revalidation] ✅ Run complete | processed=0 | duration=2ms
2026-02-28 09:07:21 |     INFO | MarketingAdvantageAI | [AgenticValidation] No rows pending validation.
2026-02-28 09:07:21 |     INFO | MarketingAdvantageAI | [agentic_validation] ✅ Run complete | processed=0 | duration=5ms
2026-02-28 09:08:21 |     INFO | MarketingAdvantageAI | [AgenticValidation] No rows pending validation.
2026-02-28 09:08:21 |     INFO | MarketingAdvantageAI | [ConflictEngine] No rows pending conflict analysis.
2026-02-28 09:08:21 |     INFO | MarketingAdvantageAI | [agentic_validation] ✅ Run complete | processed=0 | duration=7ms
2026-02-28 09:08:21 |     INFO | MarketingAdvantageAI | [conflict_detection] ✅ Run complete | processed=0 | duration=7ms
2026-02-28 09:09:21 |     INFO | MarketingAdvantageAI | [AgenticValidation] No rows pending validation.
2026-02-28 09:09:21 |     INFO | MarketingAdvantageAI | [agentic_validation] ✅ Run complete | processed=0 | duration=4ms
2026-02-28 09:10:21 |     INFO | MarketingAdvantageAI | [ConflictEngine] No rows pending conflict analysis.
2026-02-28 09:10:21 |     INFO | MarketingAdvantageAI | [conflict_detection] ✅ Run complete | processed=0 | duration=8ms
2026-02-28 09:10:21 |     INFO | MarketingAdvantageAI | [AgenticValidation] No rows pending validation.
2026-02-28 09:10:21 |     INFO | MarketingAdvantageAI | [agentic_validation] ✅ Run complete | processed=0 | duration=8ms
2026-02-28 09:11:21 |     INFO | MarketingAdvantageAI | [AgenticValidation] No rows pending validation.
2026-02-28 09:11:21 |     INFO | MarketingAdvantageAI | [agentic_validation] ✅ Run complete | processed=0 | duration=6ms
2026-02-28 09:12:21 |     INFO | MarketingAdvantageAI | [TemporalRevalidation] No rows pending temporal review.
2026-02-28 09:12:21 |     INFO | MarketingAdvantageAI | [temporal_revalidation] ✅ Run complete | processed=0 | duration=5ms
2026-02-28 09:12:21 |     INFO | MarketingAdvantageAI | [AgenticValidation] No rows pending validation.
2026-02-28 09:12:21 |     INFO | MarketingAdvantageAI | [ConflictEngine] No rows pending conflict analysis.
2026-02-28 09:12:21 |     INFO | MarketingAdvantageAI | [agentic_validation] ✅ Run complete | processed=0 | duration=6ms
2026-02-28 09:12:21 |     INFO | MarketingAdvantageAI | [conflict_detection] ✅ Run complete | processed=0 | duration=10ms
2026-02-28 09:13:21 |     INFO | MarketingAdvantageAI | [AgenticValidation] No rows pending validation.
2026-02-28 09:13:21 |     INFO | MarketingAdvantageAI | [agentic_validation] ✅ Run complete | processed=0 | duration=2ms
2026-02-28 09:14:21 |     INFO | MarketingAdvantageAI | [AgenticValidation] No rows pending validation.
2026-02-28 09:14:21 |     INFO | MarketingAdvantageAI | [agentic_validation] ✅ Run complete | processed=0 | duration=5ms
2026-02-28 09:14:21 |     INFO | MarketingAdvantageAI | [ConflictEngine] No rows pending conflict analysis.
2026-02-28 09:14:21 |     INFO | MarketingAdvantageAI | [conflict_detection] ✅ Run complete | processed=0 | duration=11ms
2026-02-28 09:15:21 |     INFO | MarketingAdvantageAI | [AgenticValidation] No rows pending validation.
2026-02-28 09:15:21 |     INFO | MarketingAdvantageAI | [agentic_validation] ✅ Run complete | processed=0 | duration=5ms
2026-02-28 09:16:21 |     INFO | MarketingAdvantageAI | [AgenticValidation] No rows pending validation.
2026-02-28 09:16:21 |     INFO | MarketingAdvantageAI | [agentic_validation] ✅ Run complete | processed=0 | duration=9ms
2026-02-28 09:16:21 |     INFO | MarketingAdvantageAI | [ConflictEngine] No rows pending conflict analysis.
2026-02-28 09:16:21 |     INFO | MarketingAdvantageAI | [conflict_detection] ✅ Run complete | processed=0 | duration=12ms
2026-02-28 09:17:21 |     INFO | MarketingAdvantageAI | [TemporalRevalidation] No rows pending temporal review.
2026-02-28 09:17:21 |     INFO | MarketingAdvantageAI | [temporal_revalidation] ✅ Run complete | processed=0 | duration=2ms
2026-02-28 09:17:21 |     INFO | MarketingAdvantageAI | [AgenticValidation] No rows pending validation.
2026-02-28 09:17:21 |     INFO | MarketingAdvantageAI | [agentic_validation] ✅ Run complete | processed=0 | duration=6ms
2026-02-28 09:18:21 |     INFO | MarketingAdvantageAI | [ConflictEngine] No rows pending conflict analysis.
2026-02-28 09:18:21 |     INFO | MarketingAdvantageAI | [conflict_detection] ✅ Run complete | processed=0 | duration=5ms
2026-02-28 09:18:21 |     INFO | MarketingAdvantageAI | [AgenticValidation] No rows pending validation.
2026-02-28 09:18:21 |     INFO | MarketingAdvantageAI | [agentic_validation] ✅ Run complete | processed=0 | duration=3ms
2026-02-28 09:19:21 |     INFO | MarketingAdvantageAI | [AgenticValidation] No rows pending validation.
2026-02-28 09:19:21 |     INFO | MarketingAdvantageAI | [agentic_validation] ✅ Run complete | processed=0 | duration=2ms
2026-02-28 09:20:21 |     INFO | MarketingAdvantageAI | [ConflictEngine] No rows pending conflict analysis.
2026-02-28 09:20:21 |     INFO | MarketingAdvantageAI | [conflict_detection] ✅ Run complete | processed=0 | duration=3ms
2026-02-28 09:20:21 |     INFO | MarketingAdvantageAI | [AgenticValidation] No rows pending validation.
2026-02-28 09:20:21 |     INFO | MarketingAdvantageAI | [agentic_validation] ✅ Run complete | processed=0 | duration=6ms
2026-02-28 09:21:21 |     INFO | MarketingAdvantageAI | [AgenticValidation] No rows pending validation.
2026-02-28 09:21:21 |     INFO | MarketingAdvantageAI | [agentic_validation] ✅ Run complete | processed=0 | duration=6ms
2026-02-28 09:22:21 |     INFO | MarketingAdvantageAI | [TemporalRevalidation] No rows pending temporal review.
2026-02-28 09:22:21 |     INFO | MarketingAdvantageAI | [temporal_revalidation] ✅ Run complete | processed=0 | duration=3ms
2026-02-28 09:22:21 |     INFO | MarketingAdvantageAI | [AgenticValidation] No rows pending validation.
2026-02-28 09:22:21 |     INFO | MarketingAdvantageAI | [ConflictEngine] No rows pending conflict analysis.
2026-02-28 09:22:21 |     INFO | MarketingAdvantageAI | [agentic_validation] ✅ Run complete | processed=0 | duration=13ms
2026-02-28 09:22:21 |     INFO | MarketingAdvantageAI | [conflict_detection] ✅ Run complete | processed=0 | duration=48ms
2026-02-28 09:23:21 |     INFO | MarketingAdvantageAI | [AgenticValidation] No rows pending validation.
2026-02-28 09:23:21 |     INFO | MarketingAdvantageAI | [agentic_validation] ✅ Run complete | processed=0 | duration=7ms
2026-02-28 09:24:21 |     INFO | MarketingAdvantageAI | [AgenticValidation] No rows pending validation.
2026-02-28 09:24:21 |     INFO | MarketingAdvantageAI | [ConflictEngine] No rows pending conflict analysis.
2026-02-28 09:24:21 |     INFO | MarketingAdvantageAI | [agentic_validation] ✅ Run complete | processed=0 | duration=8ms
2026-02-28 09:24:21 |     INFO | MarketingAdvantageAI | [conflict_detection] ✅ Run complete | processed=0 | duration=8ms
2026-02-28 09:25:21 |     INFO | MarketingAdvantageAI | [AgenticValidation] No rows pending validation.
2026-02-28 09:25:21 |     INFO | MarketingAdvantageAI | [agentic_validation] ✅ Run complete | processed=0 | duration=8ms
2026-02-28 09:26:21 |     INFO | MarketingAdvantageAI | [AgenticValidation] No rows pending validation.
2026-02-28 09:26:21 |     INFO | MarketingAdvantageAI | [ConflictEngine] No rows pending conflict analysis.
2026-02-28 09:26:21 |     INFO | MarketingAdvantageAI | [agentic_validation] ✅ Run complete | processed=0 | duration=6ms
2026-02-28 09:26:21 |     INFO | MarketingAdvantageAI | [conflict_detection] ✅ Run complete | processed=0 | duration=8ms
2026-02-28 09:27:21 |     INFO | MarketingAdvantageAI | [TemporalRevalidation] No rows pending temporal review.
2026-02-28 09:27:21 |     INFO | MarketingAdvantageAI | [temporal_revalidation] ✅ Run complete | processed=0 | duration=5ms
2026-02-28 09:27:21 |     INFO | MarketingAdvantageAI | [AgenticValidation] No rows pending validation.
2026-02-28 09:27:21 |     INFO | MarketingAdvantageAI | [agentic_validation] ✅ Run complete | processed=0 | duration=5ms
2026-02-28 09:28:21 |     INFO | MarketingAdvantageAI | [AgenticValidation] No rows pending validation.
2026-02-28 09:28:21 |     INFO | MarketingAdvantageAI | [ConflictEngine] No rows pending conflict analysis.
2026-02-28 09:28:21 |     INFO | MarketingAdvantageAI | [agentic_validation] ✅ Run complete | processed=0 | duration=6ms
2026-02-28 09:28:21 |     INFO | MarketingAdvantageAI | [conflict_detection] ✅ Run complete | processed=0 | duration=8ms
2026-02-28 09:29:22 |     INFO | MarketingAdvantageAI | [AgenticValidation] No rows pending validation.
2026-02-28 09:29:22 |     INFO | MarketingAdvantageAI | [agentic_validation] ✅ Run complete | processed=0 | duration=6ms
2026-02-28 09:30:22 |     INFO | MarketingAdvantageAI | [ConflictEngine] No rows pending conflict analysis.
2026-02-28 09:30:22 |     INFO | MarketingAdvantageAI | [conflict_detection] ✅ Run complete | processed=0 | duration=8ms
2026-02-28 09:30:22 |     INFO | MarketingAdvantageAI | [AgenticValidation] No rows pending validation.
2026-02-28 09:30:22 |     INFO | MarketingAdvantageAI | [agentic_validation] ✅ Run complete | processed=0 | duration=7ms
2026-02-28 09:45:15 |  WARNING | MarketingAdvantageAI | [HealthMonitor] Unhealthy workers detected: agentic_validation (stalled, 893s since last run), conflict_detection (stalled, 893s since last run), temporal_revalidation (stalled, 1073s since last run)
2026-02-28 09:45:16 |     INFO | MarketingAdvantageAI | [ConflictEngine] No rows pending conflict analysis.
2026-02-28 09:45:16 |     INFO | MarketingAdvantageAI | [TemporalRevalidation] No rows pending temporal review.
2026-02-28 09:45:16 |     INFO | MarketingAdvantageAI | [AgenticValidation] No rows pending validation.
2026-02-28 09:45:16 |     INFO | MarketingAdvantageAI | [conflict_detection] ✅ Run complete | processed=0 | duration=901ms
2026-02-28 09:45:16 |     INFO | MarketingAdvantageAI | [temporal_revalidation] ✅ Run complete | processed=0 | duration=917ms
2026-02-28 09:45:16 |     INFO | MarketingAdvantageAI | [agentic_validation] ✅ Run complete | processed=0 | duration=945ms
2026-02-28 10:43:57 |  WARNING | MarketingAdvantageAI | [HealthMonitor] Unhealthy workers detected: agentic_validation (stalled, 3522s since last run), conflict_detection (stalled, 3522s since last run), temporal_revalidation (stalled, 3522s since last run)
2026-02-28 10:43:57 |     INFO | MarketingAdvantageAI | [ConflictEngine] No rows pending conflict analysis.
2026-02-28 10:43:57 |     INFO | MarketingAdvantageAI | [TemporalRevalidation] No rows pending temporal review.
2026-02-28 10:43:57 |     INFO | MarketingAdvantageAI | [AgenticValidation] No rows pending validation.
2026-02-28 10:43:57 |     INFO | MarketingAdvantageAI | [conflict_detection] ✅ Run complete | processed=0 | duration=518ms
2026-02-28 10:43:57 |     INFO | MarketingAdvantageAI | [temporal_revalidation] ✅ Run complete | processed=0 | duration=513ms
2026-02-28 10:43:57 |     INFO | MarketingAdvantageAI | [agentic_validation] ✅ Run complete | processed=0 | duration=545ms
2026-02-28 10:44:57 |     INFO | MarketingAdvantageAI | [AgenticValidation] No rows pending validation.
2026-02-28 10:44:57 |     INFO | MarketingAdvantageAI | [agentic_validation] ✅ Run complete | processed=0 | duration=5ms
2026-02-28 10:45:57 |     INFO | MarketingAdvantageAI | [ConflictEngine] No rows pending conflict analysis.
2026-02-28 10:45:57 |     INFO | MarketingAdvantageAI | [conflict_detection] ✅ Run complete | processed=0 | duration=5ms
2026-02-28 10:45:57 |     INFO | MarketingAdvantageAI | [AgenticValidation] No rows pending validation.
2026-02-28 10:45:57 |     INFO | MarketingAdvantageAI | [agentic_validation] ✅ Run complete | processed=0 | duration=1ms
2026-02-28 10:46:57 |     INFO | MarketingAdvantageAI | [AgenticValidation] No rows pending validation.
2026-02-28 10:46:57 |     INFO | MarketingAdvantageAI | [agentic_validation] ✅ Run complete | processed=0 | duration=3ms
2026-02-28 10:47:57 |     INFO | MarketingAdvantageAI | [ConflictEngine] No rows pending conflict analysis.
2026-02-28 10:47:57 |     INFO | MarketingAdvantageAI | [conflict_detection] ✅ Run complete | processed=0 | duration=6ms
2026-02-28 10:47:57 |     INFO | MarketingAdvantageAI | [AgenticValidation] No rows pending validation.
2026-02-28 10:47:57 |     INFO | MarketingAdvantageAI | [agentic_validation] ✅ Run complete | processed=0 | duration=6ms
2026-02-28 11:03:48 |  WARNING | MarketingAdvantageAI | [HealthMonitor] Unhealthy workers detected: agentic_validation (stalled, 951s since last run), conflict_detection (stalled, 951s since last run), temporal_revalidation (stalled, 1191s since last run)
2026-02-28 11:03:48 |     INFO | MarketingAdvantageAI | [TemporalRevalidation] No rows pending temporal review.
2026-02-28 11:03:48 |     INFO | MarketingAdvantageAI | [AgenticValidation] No rows pending validation.
2026-02-28 11:03:48 |     INFO | MarketingAdvantageAI | [ConflictEngine] No rows pending conflict analysis.
2026-02-28 11:03:48 |     INFO | MarketingAdvantageAI | [temporal_revalidation] ✅ Run complete | processed=0 | duration=171ms
2026-02-28 11:03:48 |     INFO | MarketingAdvantageAI | [agentic_validation] ✅ Run complete | processed=0 | duration=129ms
2026-02-28 11:03:48 |     INFO | MarketingAdvantageAI | [conflict_detection] ✅ Run complete | processed=0 | duration=104ms
2026-02-28 11:10:48 |  WARNING | MarketingAdvantageAI | [HealthMonitor] Unhealthy workers detected: agentic_validation (stalled, 420s since last run), conflict_detection (stalled, 420s since last run)
2026-02-28 11:10:49 |     INFO | MarketingAdvantageAI | [AgenticValidation] No rows pending validation.
2026-02-28 11:10:49 |     INFO | MarketingAdvantageAI | [ConflictEngine] No rows pending conflict analysis.
2026-02-28 11:10:49 |     INFO | MarketingAdvantageAI | [TemporalRevalidation] No rows pending temporal review.
2026-02-28 11:10:49 |     INFO | MarketingAdvantageAI | [agentic_validation] ✅ Run complete | processed=0 | duration=93ms
2026-02-28 11:10:49 |     INFO | MarketingAdvantageAI | [conflict_detection] ✅ Run complete | processed=0 | duration=72ms
2026-02-28 11:10:49 |     INFO | MarketingAdvantageAI | [temporal_revalidation] ✅ Run complete | processed=0 | duration=71ms
2026-02-28 11:11:49 |     INFO | MarketingAdvantageAI | [AgenticValidation] No rows pending validation.
2026-02-28 11:11:49 |     INFO | MarketingAdvantageAI | [agentic_validation] ✅ Run complete | processed=0 | duration=6ms
2026-02-28 11:12:49 |     INFO | MarketingAdvantageAI | [ConflictEngine] No rows pending conflict analysis.
2026-02-28 11:12:49 |     INFO | MarketingAdvantageAI | [AgenticValidation] No rows pending validation.
2026-02-28 11:12:49 |     INFO | MarketingAdvantageAI | [conflict_detection] ✅ Run complete | processed=0 | duration=6ms
2026-02-28 11:12:49 |     INFO | MarketingAdvantageAI | [agentic_validation] ✅ Run complete | processed=0 | duration=10ms
2026-02-28 11:13:49 |     INFO | MarketingAdvantageAI | [AgenticValidation] No rows pending validation.
2026-02-28 11:13:49 |     INFO | MarketingAdvantageAI | [agentic_validation] ✅ Run complete | processed=0 | duration=6ms
2026-02-28 11:14:49 |     INFO | MarketingAdvantageAI | [ConflictEngine] No rows pending conflict analysis.
2026-02-28 11:14:49 |     INFO | MarketingAdvantageAI | [conflict_detection] ✅ Run complete | processed=0 | duration=105ms
2026-02-28 11:14:49 |     INFO | MarketingAdvantageAI | [AgenticValidation] No rows pending validation.
2026-02-28 11:14:49 |     INFO | MarketingAdvantageAI | [agentic_validation] ✅ Run complete | processed=0 | duration=142ms
2026-02-28 11:15:49 |     INFO | MarketingAdvantageAI | [TemporalRevalidation] No rows pending temporal review.
2026-02-28 11:15:49 |     INFO | MarketingAdvantageAI | [temporal_revalidation] ✅ Run complete | processed=0 | duration=103ms
2026-02-28 11:15:49 |     INFO | MarketingAdvantageAI | [AgenticValidation] No rows pending validation.
2026-02-28 11:15:49 |     INFO | MarketingAdvantageAI | [agentic_validation] ✅ Run complete | processed=0 | duration=1ms
2026-02-28 11:16:49 |     INFO | MarketingAdvantageAI | [ConflictEngine] No rows pending conflict analysis.
2026-02-28 11:16:49 |     INFO | MarketingAdvantageAI | [conflict_detection] ✅ Run complete | processed=0 | duration=4ms
2026-02-28 11:16:49 |     INFO | MarketingAdvantageAI | [AgenticValidation] No rows pending validation.
2026-02-28 11:16:49 |     INFO | MarketingAdvantageAI | [agentic_validation] ✅ Run complete | processed=0 | duration=1ms
2026-02-28 11:23:51 |  WARNING | MarketingAdvantageAI | [HealthMonitor] Unhealthy workers detected: agentic_validation (stalled, 422s since last run), conflict_detection (stalled, 422s since last run)
2026-02-28 11:23:51 |     INFO | MarketingAdvantageAI | [ConflictEngine] No rows pending conflict analysis.
2026-02-28 11:23:51 |     INFO | MarketingAdvantageAI | [TemporalRevalidation] No rows pending temporal review.
2026-02-28 11:23:51 |     INFO | MarketingAdvantageAI | [AgenticValidation] No rows pending validation.
2026-02-28 11:23:51 |     INFO | MarketingAdvantageAI | [conflict_detection] ✅ Run complete | processed=0 | duration=47ms
2026-02-28 11:23:51 |     INFO | MarketingAdvantageAI | [temporal_revalidation] ✅ Run complete | processed=0 | duration=49ms
2026-02-28 11:23:51 |     INFO | MarketingAdvantageAI | [agentic_validation] ✅ Run complete | processed=0 | duration=99ms
2026-02-28 11:24:51 |     INFO | MarketingAdvantageAI | [AgenticValidation] No rows pending validation.
2026-02-28 11:24:51 |     INFO | MarketingAdvantageAI | [agentic_validation] ✅ Run complete | processed=0 | duration=7ms
2026-02-28 11:25:51 |     INFO | MarketingAdvantageAI | [ConflictEngine] No rows pending conflict analysis.
2026-02-28 11:25:51 |     INFO | MarketingAdvantageAI | [conflict_detection] ✅ Run complete | processed=0 | duration=7ms
2026-02-28 11:25:51 |     INFO | MarketingAdvantageAI | [AgenticValidation] No rows pending validation.
2026-02-28 11:25:51 |     INFO | MarketingAdvantageAI | [agentic_validation] ✅ Run complete | processed=0 | duration=6ms
2026-02-28 11:26:51 |     INFO | MarketingAdvantageAI | [AgenticValidation] No rows pending validation.
2026-02-28 11:26:51 |     INFO | MarketingAdvantageAI | [agentic_validation] ✅ Run complete | processed=0 | duration=7ms
2026-02-28 11:29:58 |  WARNING | MarketingAdvantageAI | [HealthMonitor] Unhealthy workers detected: agentic_validation (stalled, 188s since last run)
2026-02-28 11:29:58 |     INFO | MarketingAdvantageAI | [TemporalRevalidation] No rows pending temporal review.
2026-02-28 11:29:58 |     INFO | MarketingAdvantageAI | [ConflictEngine] No rows pending conflict analysis.
2026-02-28 11:29:59 |     INFO | MarketingAdvantageAI | [AgenticValidation] No rows pending validation.
2026-02-28 11:29:59 |     INFO | MarketingAdvantageAI | [temporal_revalidation] ✅ Run complete | processed=0 | duration=83ms
2026-02-28 11:29:59 |     INFO | MarketingAdvantageAI | [conflict_detection] ✅ Run complete | processed=0 | duration=166ms
2026-02-28 11:29:59 |     INFO | MarketingAdvantageAI | [agentic_validation] ✅ Run complete | processed=0 | duration=128ms
2026-02-28 11:30:59 |     INFO | MarketingAdvantageAI | [AgenticValidation] No rows pending validation.
2026-02-28 11:30:59 |     INFO | MarketingAdvantageAI | [agentic_validation] ✅ Run complete | processed=0 | duration=7ms
2026-02-28 11:31:59 |     INFO | MarketingAdvantageAI | [ConflictEngine] No rows pending conflict analysis.
2026-02-28 11:31:59 |     INFO | MarketingAdvantageAI | [AgenticValidation] No rows pending validation.
2026-02-28 11:31:59 |     INFO | MarketingAdvantageAI | [conflict_detection] ✅ Run complete | processed=0 | duration=7ms
2026-02-28 11:31:59 |     INFO | MarketingAdvantageAI | [agentic_validation] ✅ Run complete | processed=0 | duration=6ms
2026-02-28 11:32:59 |     INFO | MarketingAdvantageAI | [AgenticValidation] No rows pending validation.
2026-02-28 11:32:59 |     INFO | MarketingAdvantageAI | [agentic_validation] ✅ Run complete | processed=0 | duration=0ms
2026-02-28 13:08:18 |  WARNING | MarketingAdvantageAI | [HealthMonitor] Unhealthy workers detected: agentic_validation (stalled, 5719s since last run), conflict_detection (stalled, 5779s since last run), temporal_revalidation (stalled, 5899s since last run)
2026-02-28 13:08:19 |     INFO | MarketingAdvantageAI | [ConflictEngine] No rows pending conflict analysis.
2026-02-28 13:08:19 |     INFO | MarketingAdvantageAI | [AgenticValidation] No rows pending validation.
2026-02-28 13:08:19 |     INFO | MarketingAdvantageAI | [TemporalRevalidation] No rows pending temporal review.
2026-02-28 13:08:19 |     INFO | MarketingAdvantageAI | [conflict_detection] ✅ Run complete | processed=0 | duration=812ms
2026-02-28 13:08:19 |     INFO | MarketingAdvantageAI | [agentic_validation] ✅ Run complete | processed=0 | duration=794ms
2026-02-28 13:08:19 |     INFO | MarketingAdvantageAI | [temporal_revalidation] ✅ Run complete | processed=0 | duration=744ms
2026-02-28 13:09:19 |     INFO | MarketingAdvantageAI | [AgenticValidation] No rows pending validation.
2026-02-28 13:09:19 |     INFO | MarketingAdvantageAI | [agentic_validation] ✅ Run complete | processed=0 | duration=6ms
2026-02-28 13:10:19 |     INFO | MarketingAdvantageAI | [AgenticValidation] No rows pending validation.
2026-02-28 13:10:19 |     INFO | MarketingAdvantageAI | [ConflictEngine] No rows pending conflict analysis.
2026-02-28 13:10:19 |     INFO | MarketingAdvantageAI | [agentic_validation] ✅ Run complete | processed=0 | duration=8ms
2026-02-28 13:10:19 |     INFO | MarketingAdvantageAI | [conflict_detection] ✅ Run complete | processed=0 | duration=9ms
2026-02-28 13:11:19 |     INFO | MarketingAdvantageAI | [AgenticValidation] No rows pending validation.
2026-02-28 13:11:19 |     INFO | MarketingAdvantageAI | [agentic_validation] ✅ Run complete | processed=0 | duration=7ms
2026-02-28 13:12:19 |     INFO | MarketingAdvantageAI | [ConflictEngine] No rows pending conflict analysis.
2026-02-28 13:12:19 |     INFO | MarketingAdvantageAI | [AgenticValidation] No rows pending validation.
2026-02-28 13:12:19 |     INFO | MarketingAdvantageAI | [conflict_detection] ✅ Run complete | processed=0 | duration=6ms
2026-02-28 13:12:19 |     INFO | MarketingAdvantageAI | [agentic_validation] ✅ Run complete | processed=0 | duration=9ms
2026-02-28 13:13:19 |     INFO | MarketingAdvantageAI | [TemporalRevalidation] No rows pending temporal review.
2026-02-28 13:13:19 |     INFO | MarketingAdvantageAI | [temporal_revalidation] ✅ Run complete | processed=0 | duration=6ms
2026-02-28 13:13:19 |     INFO | MarketingAdvantageAI | [AgenticValidation] No rows pending validation.
2026-02-28 13:13:19 |     INFO | MarketingAdvantageAI | [agentic_validation] ✅ Run complete | processed=0 | duration=7ms
2026-02-28 13:14:19 |     INFO | MarketingAdvantageAI | [ConflictEngine] No rows pending conflict analysis.
2026-02-28 13:14:19 |     INFO | MarketingAdvantageAI | [AgenticValidation] No rows pending validation.
2026-02-28 13:14:19 |     INFO | MarketingAdvantageAI | [conflict_detection] ✅ Run complete | processed=0 | duration=9ms
2026-02-28 13:14:19 |     INFO | MarketingAdvantageAI | [agentic_validation] ✅ Run complete | processed=0 | duration=7ms
2026-02-28 13:15:19 |     INFO | MarketingAdvantageAI | [AgenticValidation] No rows pending validation.
2026-02-28 13:15:19 |     INFO | MarketingAdvantageAI | [agentic_validation] ✅ Run complete | processed=0 | duration=7ms
2026-02-28 13:16:19 |     INFO | MarketingAdvantageAI | [AgenticValidation] No rows pending validation.
2026-02-28 13:16:19 |     INFO | MarketingAdvantageAI | [agentic_validation] ✅ Run complete | processed=0 | duration=5ms
2026-02-28 13:16:19 |     INFO | MarketingAdvantageAI | [ConflictEngine] No rows pending conflict analysis.
2026-02-28 13:16:19 |     INFO | MarketingAdvantageAI | [conflict_detection] ✅ Run complete | processed=0 | duration=8ms
2026-02-28 13:17:19 |     INFO | MarketingAdvantageAI | [AgenticValidation] No rows pending validation.
2026-02-28 13:17:19 |     INFO | MarketingAdvantageAI | [agentic_validation] ✅ Run complete | processed=0 | duration=5ms
2026-02-28 13:18:17 |     INFO | MarketingAdvantageAI | [TemporalRevalidation] No rows pending temporal review.
2026-02-28 13:18:17 |     INFO | MarketingAdvantageAI | [temporal_revalidation] ✅ Run complete | processed=0 | duration=7ms
2026-02-28 13:18:17 |     INFO | MarketingAdvantageAI | [ConflictEngine] No rows pending conflict analysis.
2026-02-28 13:18:17 |     INFO | MarketingAdvantageAI | [conflict_detection] ✅ Run complete | processed=0 | duration=4ms
2026-02-28 13:18:17 |     INFO | MarketingAdvantageAI | [AgenticValidation] No rows pending validation.
2026-02-28 13:18:17 |     INFO | MarketingAdvantageAI | [agentic_validation] ✅ Run complete | processed=0 | duration=6ms
2026-02-28 13:19:17 |     INFO | MarketingAdvantageAI | [AgenticValidation] No rows pending validation.
2026-02-28 13:19:17 |     INFO | MarketingAdvantageAI | [agentic_validation] ✅ Run complete | processed=0 | duration=7ms
2026-02-28 13:20:17 |     INFO | MarketingAdvantageAI | [ConflictEngine] No rows pending conflict analysis.
2026-02-28 13:20:17 |     INFO | MarketingAdvantageAI | [conflict_detection] ✅ Run complete | processed=0 | duration=8ms
2026-02-28 13:20:17 |     INFO | MarketingAdvantageAI | [AgenticValidation] No rows pending validation.
2026-02-28 13:20:17 |     INFO | MarketingAdvantageAI | [agentic_validation] ✅ Run complete | processed=0 | duration=7ms
2026-02-28 13:21:17 |     INFO | MarketingAdvantageAI | [AgenticValidation] No rows pending validation.
2026-02-28 13:21:17 |     INFO | MarketingAdvantageAI | [agentic_validation] ✅ Run complete | processed=0 | duration=5ms
2026-02-28 13:22:17 |     INFO | MarketingAdvantageAI | [ConflictEngine] No rows pending conflict analysis.
2026-02-28 13:22:17 |     INFO | MarketingAdvantageAI | [AgenticValidation] No rows pending validation.
2026-02-28 13:22:17 |     INFO | MarketingAdvantageAI | [conflict_detection] ✅ Run complete | processed=0 | duration=9ms
2026-02-28 13:22:17 |     INFO | MarketingAdvantageAI | [agentic_validation] ✅ Run complete | processed=0 | duration=9ms
2026-02-28 13:23:17 |     INFO | MarketingAdvantageAI | [TemporalRevalidation] No rows pending temporal review.
2026-02-28 13:23:17 |     INFO | MarketingAdvantageAI | [temporal_revalidation] ✅ Run complete | processed=0 | duration=1ms
2026-02-28 13:23:17 |     INFO | MarketingAdvantageAI | [AgenticValidation] No rows pending validation.
2026-02-28 13:23:17 |     INFO | MarketingAdvantageAI | [agentic_validation] ✅ Run complete | processed=0 | duration=4ms
2026-02-28 13:24:17 |     INFO | MarketingAdvantageAI | [AgenticValidation] No rows pending validation.
2026-02-28 13:24:17 |     INFO | MarketingAdvantageAI | [agentic_validation] ✅ Run complete | processed=0 | duration=7ms
2026-02-28 13:24:17 |     INFO | MarketingAdvantageAI | [ConflictEngine] No rows pending conflict analysis.
2026-02-28 13:24:17 |     INFO | MarketingAdvantageAI | [conflict_detection] ✅ Run complete | processed=0 | duration=7ms
2026-02-28 13:25:17 |     INFO | MarketingAdvantageAI | [AgenticValidation] No rows pending validation.
2026-02-28 13:25:17 |     INFO | MarketingAdvantageAI | [agentic_validation] ✅ Run complete | processed=0 | duration=0ms
2026-02-28 13:26:17 |     INFO | MarketingAdvantageAI | [AgenticValidation] No rows pending validation.
2026-02-28 13:26:17 |     INFO | MarketingAdvantageAI | [ConflictEngine] No rows pending conflict analysis.
2026-02-28 13:26:17 |     INFO | MarketingAdvantageAI | [agentic_validation] ✅ Run complete | processed=0 | duration=9ms
2026-02-28 13:26:17 |     INFO | MarketingAdvantageAI | [conflict_detection] ✅ Run complete | processed=0 | duration=12ms
2026-02-28 13:27:17 |     INFO | MarketingAdvantageAI | [AgenticValidation] No rows pending validation.
2026-02-28 13:27:17 |     INFO | MarketingAdvantageAI | [agentic_validation] ✅ Run complete | processed=0 | duration=5ms
2026-02-28 13:28:17 |     INFO | MarketingAdvantageAI | [TemporalRevalidation] No rows pending temporal review.
2026-02-28 13:28:17 |     INFO | MarketingAdvantageAI | [temporal_revalidation] ✅ Run complete | processed=0 | duration=0ms
2026-02-28 13:28:17 |     INFO | MarketingAdvantageAI | [AgenticValidation] No rows pending validation.
2026-02-28 13:28:17 |     INFO | MarketingAdvantageAI | [agentic_validation] ✅ Run complete | processed=0 | duration=8ms
2026-02-28 13:28:17 |     INFO | MarketingAdvantageAI | [ConflictEngine] No rows pending conflict analysis.
2026-02-28 13:28:17 |     INFO | MarketingAdvantageAI | [conflict_detection] ✅ Run complete | processed=0 | duration=11ms
2026-02-28 13:29:17 |     INFO | MarketingAdvantageAI | [AgenticValidation] No rows pending validation.
2026-02-28 13:29:17 |     INFO | MarketingAdvantageAI | [agentic_validation] ✅ Run complete | processed=0 | duration=5ms
2026-02-28 13:30:17 |     INFO | MarketingAdvantageAI | [AgenticValidation] No rows pending validation.
2026-02-28 13:30:17 |     INFO | MarketingAdvantageAI | [ConflictEngine] No rows pending conflict analysis.
2026-02-28 13:30:17 |     INFO | MarketingAdvantageAI | [agentic_validation] ✅ Run complete | processed=0 | duration=6ms
2026-02-28 13:30:17 |     INFO | MarketingAdvantageAI | [conflict_detection] ✅ Run complete | processed=0 | duration=7ms
2026-02-28 13:31:17 |     INFO | MarketingAdvantageAI | [AgenticValidation] No rows pending validation.
2026-02-28 13:31:17 |     INFO | MarketingAdvantageAI | [agentic_validation] ✅ Run complete | processed=0 | duration=4ms
2026-02-28 13:32:17 |     INFO | MarketingAdvantageAI | [ConflictEngine] No rows pending conflict analysis.
2026-02-28 13:32:17 |     INFO | MarketingAdvantageAI | [AgenticValidation] No rows pending validation.
2026-02-28 13:32:17 |     INFO | MarketingAdvantageAI | [conflict_detection] ✅ Run complete | processed=0 | duration=9ms
2026-02-28 13:32:17 |     INFO | MarketingAdvantageAI | [agentic_validation] ✅ Run complete | processed=0 | duration=7ms
2026-02-28 13:33:17 |     INFO | MarketingAdvantageAI | [TemporalRevalidation] No rows pending temporal review.
2026-02-28 13:33:17 |     INFO | MarketingAdvantageAI | [temporal_revalidation] ✅ Run complete | processed=0 | duration=5ms
2026-02-28 13:33:17 |     INFO | MarketingAdvantageAI | [AgenticValidation] No rows pending validation.
2026-02-28 13:33:17 |     INFO | MarketingAdvantageAI | [agentic_validation] ✅ Run complete | processed=0 | duration=4ms
2026-02-28 13:34:17 |     INFO | MarketingAdvantageAI | [ConflictEngine] No rows pending conflict analysis.
2026-02-28 13:34:17 |     INFO | MarketingAdvantageAI | [conflict_detection] ✅ Run complete | processed=0 | duration=2ms
2026-02-28 13:34:17 |     INFO | MarketingAdvantageAI | [AgenticValidation] No rows pending validation.
2026-02-28 13:34:17 |     INFO | MarketingAdvantageAI | [agentic_validation] ✅ Run complete | processed=0 | duration=6ms
2026-02-28 13:35:17 |     INFO | MarketingAdvantageAI | [AgenticValidation] No rows pending validation.
2026-02-28 13:35:17 |     INFO | MarketingAdvantageAI | [agentic_validation] ✅ Run complete | processed=0 | duration=0ms
2026-02-28 13:36:17 |     INFO | MarketingAdvantageAI | [ConflictEngine] No rows pending conflict analysis.
2026-02-28 13:36:17 |     INFO | MarketingAdvantageAI | [conflict_detection] ✅ Run complete | processed=0 | duration=3ms
2026-02-28 13:36:17 |     INFO | MarketingAdvantageAI | [AgenticValidation] No rows pending validation.
2026-02-28 13:36:17 |     INFO | MarketingAdvantageAI | [agentic_validation] ✅ Run complete | processed=0 | duration=6ms
2026-02-28 13:37:17 |     INFO | MarketingAdvantageAI | [AgenticValidation] No rows pending validation.
2026-02-28 13:37:17 |     INFO | MarketingAdvantageAI | [agentic_validation] ✅ Run complete | processed=0 | duration=8ms
2026-02-28 13:38:17 |     INFO | MarketingAdvantageAI | [TemporalRevalidation] No rows pending temporal review.
2026-02-28 13:38:17 |     INFO | MarketingAdvantageAI | [temporal_revalidation] ✅ Run complete | processed=0 | duration=6ms
2026-02-28 13:38:17 |     INFO | MarketingAdvantageAI | [ConflictEngine] No rows pending conflict analysis.
2026-02-28 13:38:17 |     INFO | MarketingAdvantageAI | [conflict_detection] ✅ Run complete | processed=0 | duration=0ms
2026-02-28 13:38:17 |     INFO | MarketingAdvantageAI | [AgenticValidation] No rows pending validation.
2026-02-28 13:38:17 |     INFO | MarketingAdvantageAI | [agentic_validation] ✅ Run complete | processed=0 | duration=6ms
2026-02-28 13:39:18 |     INFO | MarketingAdvantageAI | [AgenticValidation] No rows pending validation.
2026-02-28 13:39:18 |     INFO | MarketingAdvantageAI | [agentic_validation] ✅ Run complete | processed=0 | duration=130ms
2026-02-28 13:40:17 |     INFO | MarketingAdvantageAI | [ConflictEngine] No rows pending conflict analysis.
2026-02-28 13:40:17 |     INFO | MarketingAdvantageAI | [conflict_detection] ✅ Run complete | processed=0 | duration=112ms
2026-02-28 13:40:18 |     INFO | MarketingAdvantageAI | [AgenticValidation] No rows pending validation.
2026-02-28 13:40:18 |     INFO | MarketingAdvantageAI | [agentic_validation] ✅ Run complete | processed=0 | duration=104ms
2026-02-28 13:41:18 |     INFO | MarketingAdvantageAI | [AgenticValidation] No rows pending validation.
2026-02-28 13:41:18 |     INFO | MarketingAdvantageAI | [agentic_validation] ✅ Run complete | processed=0 | duration=5ms
2026-02-28 13:42:18 |     INFO | MarketingAdvantageAI | [ConflictEngine] No rows pending conflict analysis.
2026-02-28 13:42:18 |     INFO | MarketingAdvantageAI | [conflict_detection] ✅ Run complete | processed=0 | duration=4ms
2026-02-28 13:42:18 |     INFO | MarketingAdvantageAI | [AgenticValidation] No rows pending validation.
2026-02-28 13:42:18 |     INFO | MarketingAdvantageAI | [agentic_validation] ✅ Run complete | processed=0 | duration=5ms
2026-02-28 13:43:17 |     INFO | MarketingAdvantageAI | [TemporalRevalidation] No rows pending temporal review.
2026-02-28 13:43:17 |     INFO | MarketingAdvantageAI | [temporal_revalidation] ✅ Run complete | processed=0 | duration=6ms
2026-02-28 13:43:18 |     INFO | MarketingAdvantageAI | [AgenticValidation] No rows pending validation.
2026-02-28 13:43:18 |     INFO | MarketingAdvantageAI | [agentic_validation] ✅ Run complete | processed=0 | duration=8ms
2026-02-28 13:44:18 |     INFO | MarketingAdvantageAI | [ConflictEngine] No rows pending conflict analysis.
2026-02-28 13:44:18 |     INFO | MarketingAdvantageAI | [conflict_detection] ✅ Run complete | processed=0 | duration=7ms
2026-02-28 13:44:18 |     INFO | MarketingAdvantageAI | [AgenticValidation] No rows pending validation.
2026-02-28 13:44:18 |     INFO | MarketingAdvantageAI | [agentic_validation] ✅ Run complete | processed=0 | duration=6ms
2026-02-28 13:45:18 |     INFO | MarketingAdvantageAI | [AgenticValidation] No rows pending validation.
2026-02-28 13:45:18 |     INFO | MarketingAdvantageAI | [agentic_validation] ✅ Run complete | processed=0 | duration=5ms
2026-02-28 13:46:18 |     INFO | MarketingAdvantageAI | [ConflictEngine] No rows pending conflict analysis.
2026-02-28 13:46:18 |     INFO | MarketingAdvantageAI | [conflict_detection] ✅ Run complete | processed=0 | duration=5ms
2026-02-28 13:46:18 |     INFO | MarketingAdvantageAI | [AgenticValidation] No rows pending validation.
2026-02-28 13:46:18 |     INFO | MarketingAdvantageAI | [agentic_validation] ✅ Run complete | processed=0 | duration=4ms
2026-02-28 13:47:18 |     INFO | MarketingAdvantageAI | [AgenticValidation] No rows pending validation.
2026-02-28 13:47:18 |     INFO | MarketingAdvantageAI | [agentic_validation] ✅ Run complete | processed=0 | duration=3ms
2026-02-28 13:48:17 |     INFO | MarketingAdvantageAI | [TemporalRevalidation] No rows pending temporal review.
2026-02-28 13:48:17 |     INFO | MarketingAdvantageAI | [temporal_revalidation] ✅ Run complete | processed=0 | duration=6ms
2026-02-28 13:48:18 |     INFO | MarketingAdvantageAI | [ConflictEngine] No rows pending conflict analysis.
2026-02-28 13:48:18 |     INFO | MarketingAdvantageAI | [conflict_detection] ✅ Run complete | processed=0 | duration=3ms
2026-02-28 13:48:18 |     INFO | MarketingAdvantageAI | [AgenticValidation] No rows pending validation.
2026-02-28 13:48:18 |     INFO | MarketingAdvantageAI | [agentic_validation] ✅ Run complete | processed=0 | duration=4ms
2026-02-28 13:49:18 |     INFO | MarketingAdvantageAI | [AgenticValidation] No rows pending validation.
2026-02-28 13:49:18 |     INFO | MarketingAdvantageAI | [agentic_validation] ✅ Run complete | processed=0 | duration=2ms
2026-02-28 13:50:18 |     INFO | MarketingAdvantageAI | [ConflictEngine] No rows pending conflict analysis.
2026-02-28 13:50:18 |     INFO | MarketingAdvantageAI | [conflict_detection] ✅ Run complete | processed=0 | duration=5ms
2026-02-28 13:50:18 |     INFO | MarketingAdvantageAI | [AgenticValidation] No rows pending validation.
2026-02-28 13:50:18 |     INFO | MarketingAdvantageAI | [agentic_validation] ✅ Run complete | processed=0 | duration=6ms
2026-02-28 13:51:18 |     INFO | MarketingAdvantageAI | [AgenticValidation] No rows pending validation.
2026-02-28 13:51:18 |     INFO | MarketingAdvantageAI | [agentic_validation] ✅ Run complete | processed=0 | duration=6ms
2026-02-28 13:52:18 |     INFO | MarketingAdvantageAI | [ConflictEngine] No rows pending conflict analysis.
2026-02-28 13:52:18 |     INFO | MarketingAdvantageAI | [conflict_detection] ✅ Run complete | processed=0 | duration=7ms
2026-02-28 13:52:18 |     INFO | MarketingAdvantageAI | [AgenticValidation] No rows pending validation.
2026-02-28 13:52:18 |     INFO | MarketingAdvantageAI | [agentic_validation] ✅ Run complete | processed=0 | duration=4ms
2026-02-28 13:53:17 |     INFO | MarketingAdvantageAI | [TemporalRevalidation] No rows pending temporal review.
2026-02-28 13:53:17 |     INFO | MarketingAdvantageAI | [temporal_revalidation] ✅ Run complete | processed=0 | duration=0ms
2026-02-28 13:53:18 |     INFO | MarketingAdvantageAI | [AgenticValidation] No rows pending validation.
2026-02-28 13:53:18 |     INFO | MarketingAdvantageAI | [agentic_validation] ✅ Run complete | processed=0 | duration=0ms
2026-02-28 13:54:18 |     INFO | MarketingAdvantageAI | [ConflictEngine] No rows pending conflict analysis.
2026-02-28 13:54:18 |     INFO | MarketingAdvantageAI | [conflict_detection] ✅ Run complete | processed=0 | duration=6ms
2026-02-28 13:54:18 |     INFO | MarketingAdvantageAI | [AgenticValidation] No rows pending validation.
2026-02-28 13:54:18 |     INFO | MarketingAdvantageAI | [agentic_validation] ✅ Run complete | processed=0 | duration=4ms
2026-02-28 13:55:18 |     INFO | MarketingAdvantageAI | [AgenticValidation] No rows pending validation.
2026-02-28 13:55:18 |     INFO | MarketingAdvantageAI | [agentic_validation] ✅ Run complete | processed=0 | duration=5ms
2026-02-28 13:56:18 |     INFO | MarketingAdvantageAI | [ConflictEngine] No rows pending conflict analysis.
2026-02-28 13:56:18 |     INFO | MarketingAdvantageAI | [conflict_detection] ✅ Run complete | processed=0 | duration=4ms
2026-02-28 13:56:18 |     INFO | MarketingAdvantageAI | [AgenticValidation] No rows pending validation.
2026-02-28 13:56:18 |     INFO | MarketingAdvantageAI | [agentic_validation] ✅ Run complete | processed=0 | duration=1ms
2026-02-28 13:57:18 |     INFO | MarketingAdvantageAI | [AgenticValidation] No rows pending validation.
2026-02-28 13:57:18 |     INFO | MarketingAdvantageAI | [agentic_validation] ✅ Run complete | processed=0 | duration=5ms
2026-02-28 13:58:17 |     INFO | MarketingAdvantageAI | [TemporalRevalidation] No rows pending temporal review.
2026-02-28 13:58:17 |     INFO | MarketingAdvantageAI | [temporal_revalidation] ✅ Run complete | processed=0 | duration=4ms
2026-02-28 13:58:18 |     INFO | MarketingAdvantageAI | [ConflictEngine] No rows pending conflict analysis.
2026-02-28 13:58:18 |     INFO | MarketingAdvantageAI | [conflict_detection] ✅ Run complete | processed=0 | duration=4ms
2026-02-28 13:58:18 |     INFO | MarketingAdvantageAI | [AgenticValidation] No rows pending validation.
2026-02-28 13:58:18 |     INFO | MarketingAdvantageAI | [agentic_validation] ✅ Run complete | processed=0 | duration=3ms
2026-02-28 13:59:18 |     INFO | MarketingAdvantageAI | [AgenticValidation] No rows pending validation.
2026-02-28 13:59:18 |     INFO | MarketingAdvantageAI | [agentic_validation] ✅ Run complete | processed=0 | duration=4ms
2026-02-28 14:00:18 |     INFO | MarketingAdvantageAI | [ConflictEngine] No rows pending conflict analysis.
2026-02-28 14:00:18 |     INFO | MarketingAdvantageAI | [conflict_detection] ✅ Run complete | processed=0 | duration=4ms
2026-02-28 14:00:18 |     INFO | MarketingAdvantageAI | [AgenticValidation] No rows pending validation.
2026-02-28 14:00:18 |     INFO | MarketingAdvantageAI | [agentic_validation] ✅ Run complete | processed=0 | duration=3ms
2026-02-28 14:01:18 |     INFO | MarketingAdvantageAI | [AgenticValidation] No rows pending validation.
2026-02-28 14:01:18 |     INFO | MarketingAdvantageAI | [agentic_validation] ✅ Run complete | processed=0 | duration=4ms
2026-02-28 14:02:18 |     INFO | MarketingAdvantageAI | [ConflictEngine] No rows pending conflict analysis.
2026-02-28 14:02:18 |     INFO | MarketingAdvantageAI | [conflict_detection] ✅ Run complete | processed=0 | duration=5ms
2026-02-28 14:02:18 |     INFO | MarketingAdvantageAI | [AgenticValidation] No rows pending validation.
2026-02-28 14:02:18 |     INFO | MarketingAdvantageAI | [agentic_validation] ✅ Run complete | processed=0 | duration=5ms
2026-02-28 14:03:17 |     INFO | MarketingAdvantageAI | [TemporalRevalidation] No rows pending temporal review.
2026-02-28 14:03:17 |     INFO | MarketingAdvantageAI | [temporal_revalidation] ✅ Run complete | processed=0 | duration=3ms
2026-02-28 14:03:18 |     INFO | MarketingAdvantageAI | [AgenticValidation] No rows pending validation.
2026-02-28 14:03:18 |     INFO | MarketingAdvantageAI | [agentic_validation] ✅ Run complete | processed=0 | duration=4ms
2026-02-28 14:04:18 |     INFO | MarketingAdvantageAI | [ConflictEngine] No rows pending conflict analysis.
2026-02-28 14:04:18 |     INFO | MarketingAdvantageAI | [conflict_detection] ✅ Run complete | processed=0 | duration=5ms
2026-02-28 14:04:18 |     INFO | MarketingAdvantageAI | [AgenticValidation] No rows pending validation.
2026-02-28 14:04:18 |     INFO | MarketingAdvantageAI | [agentic_validation] ✅ Run complete | processed=0 | duration=4ms
2026-02-28 14:05:18 |     INFO | MarketingAdvantageAI | [AgenticValidation] No rows pending validation.
2026-02-28 14:05:18 |     INFO | MarketingAdvantageAI | [agentic_validation] ✅ Run complete | processed=0 | duration=3ms
2026-02-28 14:06:18 |     INFO | MarketingAdvantageAI | [ConflictEngine] No rows pending conflict analysis.
2026-02-28 14:06:18 |     INFO | MarketingAdvantageAI | [conflict_detection] ✅ Run complete | processed=0 | duration=4ms
2026-02-28 14:06:18 |     INFO | MarketingAdvantageAI | [AgenticValidation] No rows pending validation.
2026-02-28 14:06:18 |     INFO | MarketingAdvantageAI | [agentic_validation] ✅ Run complete | processed=0 | duration=4ms
2026-02-28 14:07:18 |     INFO | MarketingAdvantageAI | [AgenticValidation] No rows pending validation.
2026-02-28 14:07:18 |     INFO | MarketingAdvantageAI | [agentic_validation] ✅ Run complete | processed=0 | duration=5ms
2026-02-28 14:08:17 |     INFO | MarketingAdvantageAI | [TemporalRevalidation] No rows pending temporal review.
2026-02-28 14:08:17 |     INFO | MarketingAdvantageAI | [temporal_revalidation] ✅ Run complete | processed=0 | duration=5ms
2026-02-28 14:08:18 |     INFO | MarketingAdvantageAI | [ConflictEngine] No rows pending conflict analysis.
2026-02-28 14:08:18 |     INFO | MarketingAdvantageAI | [conflict_detection] ✅ Run complete | processed=0 | duration=4ms
2026-02-28 14:08:18 |     INFO | MarketingAdvantageAI | [AgenticValidation] No rows pending validation.
2026-02-28 14:08:18 |     INFO | MarketingAdvantageAI | [agentic_validation] ✅ Run complete | processed=0 | duration=4ms
2026-02-28 14:09:18 |     INFO | MarketingAdvantageAI | [AgenticValidation] No rows pending validation.
2026-02-28 14:09:18 |     INFO | MarketingAdvantageAI | [agentic_validation] ✅ Run complete | processed=0 | duration=60ms
2026-02-28 14:10:18 |     INFO | MarketingAdvantageAI | [ConflictEngine] No rows pending conflict analysis.
2026-02-28 14:10:18 |     INFO | MarketingAdvantageAI | [conflict_detection] ✅ Run complete | processed=0 | duration=60ms
2026-02-28 14:10:18 |     INFO | MarketingAdvantageAI | [AgenticValidation] No rows pending validation.
2026-02-28 14:10:18 |     INFO | MarketingAdvantageAI | [agentic_validation] ✅ Run complete | processed=0 | duration=57ms
2026-02-28 14:11:00 |     INFO | MarketingAdvantageAI | [Scheduler] Initiating graceful shutdown...
2026-02-28 14:11:00 |     INFO | MarketingAdvantageAI | [temporal_revalidation] Worker stopped
2026-02-28 14:11:00 |     INFO | MarketingAdvantageAI | [HealthMonitor] Health monitor stopped
2026-02-28 14:11:00 |     INFO | MarketingAdvantageAI | [conflict_detection] Worker stopped
2026-02-28 14:11:00 |     INFO | MarketingAdvantageAI | [agentic_validation] Worker stopped
2026-02-28 14:11:00 |     INFO | MarketingAdvantageAI | [Scheduler] All tasks completed gracefully
2026-02-28 14:11:00 |     INFO | MarketingAdvantageAI | [Scheduler] Scheduler stopped
2026-02-28 14:11:36 |     INFO | MarketingAdvantageAI | [IngestionV2] ChromaDB client initialized at ./chroma_db
2026-02-28 14:11:36 |     INFO | MarketingAdvantageAI | [IngestionV2] Found ChromaDB collections: ['ingested_content']
2026-02-28 14:11:36 |     INFO | MarketingAdvantageAI | [IngestionV2] ✅ Connected to existing collection 'ingested_content'
2026-02-28 14:11:36 |     INFO | MarketingAdvantageAI | [WatcherIngestorV2] Background watcher started with FastAPI server.
2026-02-28 14:11:36 |     INFO | MarketingAdvantageAI | [Scheduler] Starting validation scheduler | validation_interval=60s | conflict_interval=120s | temporal_interval=300s
2026-02-28 14:11:36 |     INFO | MarketingAdvantageAI | [Scheduler] Started 4 background tasks (validation: True, conflict: True, temporal: True)
2026-02-28 14:11:36 |     INFO | MarketingAdvantageAI | [WatcherIngestorV2] 👀 Watching folder: C:\ProjectK\MarketingAdvantage_AI_v1\static\uploads\manual
2026-02-28 14:11:36 |     INFO | MarketingAdvantageAI | [agentic_validation] Worker started
2026-02-28 14:11:36 |     INFO | MarketingAdvantageAI | [conflict_detection] Worker started
2026-02-28 14:11:36 |     INFO | MarketingAdvantageAI | [temporal_revalidation] Worker started
2026-02-28 14:11:36 |     INFO | MarketingAdvantageAI | [HealthMonitor] Health monitor started
2026-02-28 14:11:55 |     INFO | MarketingAdvantageAI | [Scheduler] Initiating graceful shutdown...
2026-02-28 14:11:55 |     INFO | MarketingAdvantageAI | [agentic_validation] Worker stopped
2026-02-28 14:11:55 |     INFO | MarketingAdvantageAI | [temporal_revalidation] Worker stopped
2026-02-28 14:11:55 |     INFO | MarketingAdvantageAI | [HealthMonitor] Health monitor stopped
2026-02-28 14:11:55 |     INFO | MarketingAdvantageAI | [conflict_detection] Worker stopped
2026-02-28 14:11:55 |     INFO | MarketingAdvantageAI | [Scheduler] All tasks completed gracefully
2026-02-28 14:11:55 |     INFO | MarketingAdvantageAI | [Scheduler] Scheduler stopped
2026-02-28 14:12:05 |     INFO | MarketingAdvantageAI | [IngestionV2] ChromaDB client initialized at ./chroma_db
2026-02-28 14:12:05 |     INFO | MarketingAdvantageAI | [IngestionV2] Found ChromaDB collections: ['ingested_content']
2026-02-28 14:12:05 |     INFO | MarketingAdvantageAI | [IngestionV2] ✅ Connected to existing collection 'ingested_content'
2026-02-28 14:12:05 |     INFO | MarketingAdvantageAI | [WatcherIngestorV2] Background watcher started with FastAPI server.
2026-02-28 14:12:05 |     INFO | MarketingAdvantageAI | [Scheduler] Starting validation scheduler | validation_interval=60s | conflict_interval=120s | temporal_interval=300s
2026-02-28 14:12:05 |     INFO | MarketingAdvantageAI | [Scheduler] Started 4 background tasks (validation: True, conflict: True, temporal: True)
2026-02-28 14:12:05 |     INFO | MarketingAdvantageAI | [WatcherIngestorV2] 👀 Watching folder: C:\ProjectK\MarketingAdvantage_AI_v1\static\uploads\manual
2026-02-28 14:12:05 |     INFO | MarketingAdvantageAI | [agentic_validation] Worker started
2026-02-28 14:12:05 |     INFO | MarketingAdvantageAI | [conflict_detection] Worker started
2026-02-28 14:12:05 |     INFO | MarketingAdvantageAI | [temporal_revalidation] Worker started
2026-02-28 14:12:05 |     INFO | MarketingAdvantageAI | [HealthMonitor] Health monitor started
2026-02-28 14:13:05 |     INFO | MarketingAdvantageAI | [AgenticValidation] No rows pending validation.
2026-02-28 14:13:05 |     INFO | MarketingAdvantageAI | [agentic_validation] ✅ Run complete | processed=0 | duration=68ms
2026-02-28 14:14:05 |     INFO | MarketingAdvantageAI | [AgenticValidation] No rows pending validation.
2026-02-28 14:14:05 |     INFO | MarketingAdvantageAI | [agentic_validation] ✅ Run complete | processed=0 | duration=5ms
2026-02-28 14:14:15 |     INFO | MarketingAdvantageAI | [ConflictEngine] No rows pending conflict analysis.
2026-02-28 14:14:15 |     INFO | MarketingAdvantageAI | [conflict_detection] ✅ Run complete | processed=0 | duration=11ms
2026-02-28 14:15:05 |     INFO | MarketingAdvantageAI | [AgenticValidation] No rows pending validation.
2026-02-28 14:15:05 |     INFO | MarketingAdvantageAI | [agentic_validation] ✅ Run complete | processed=0 | duration=4ms
2026-02-28 14:16:05 |     INFO | MarketingAdvantageAI | [AgenticValidation] No rows pending validation.
2026-02-28 14:16:05 |     INFO | MarketingAdvantageAI | [agentic_validation] ✅ Run complete | processed=0 | duration=3ms
2026-02-28 14:16:15 |     INFO | MarketingAdvantageAI | [ConflictEngine] No rows pending conflict analysis.
2026-02-28 14:16:15 |     INFO | MarketingAdvantageAI | [conflict_detection] ✅ Run complete | processed=0 | duration=3ms
2026-02-28 14:16:22 |     INFO | MarketingAdvantageAI | [Scheduler] Initiating graceful shutdown...
2026-02-28 14:16:22 |     INFO | MarketingAdvantageAI | [temporal_revalidation] Worker stopped
2026-02-28 14:16:22 |     INFO | MarketingAdvantageAI | [HealthMonitor] Health monitor stopped
2026-02-28 14:16:22 |     INFO | MarketingAdvantageAI | [agentic_validation] Worker stopped
2026-02-28 14:16:22 |     INFO | MarketingAdvantageAI | [conflict_detection] Worker stopped
2026-02-28 14:16:22 |     INFO | MarketingAdvantageAI | [Scheduler] All tasks completed gracefully
2026-02-28 14:16:22 |     INFO | MarketingAdvantageAI | [Scheduler] Scheduler stopped
2026-02-28 14:16:32 |     INFO | MarketingAdvantageAI | [IngestionV2] ChromaDB client initialized at ./chroma_db
2026-02-28 14:16:32 |     INFO | MarketingAdvantageAI | [IngestionV2] Found ChromaDB collections: ['ingested_content']
2026-02-28 14:16:32 |     INFO | MarketingAdvantageAI | [IngestionV2] ✅ Connected to existing collection 'ingested_content'
2026-02-28 14:16:32 |     INFO | MarketingAdvantageAI | [WatcherIngestorV2] Background watcher started with FastAPI server.
2026-02-28 14:16:32 |     INFO | MarketingAdvantageAI | [Scheduler] Starting validation scheduler | validation_interval=60s | conflict_interval=120s | temporal_interval=300s
2026-02-28 14:16:32 |     INFO | MarketingAdvantageAI | [Scheduler] Started 4 background tasks (validation: True, conflict: True, temporal: True)
2026-02-28 14:16:32 |     INFO | MarketingAdvantageAI | [WatcherIngestorV2] 👀 Watching folder: C:\ProjectK\MarketingAdvantage_AI_v1\static\uploads\manual
2026-02-28 14:16:32 |     INFO | MarketingAdvantageAI | [agentic_validation] Worker started
2026-02-28 14:16:32 |     INFO | MarketingAdvantageAI | [conflict_detection] Worker started
2026-02-28 14:16:32 |     INFO | MarketingAdvantageAI | [temporal_revalidation] Worker started
2026-02-28 14:16:32 |     INFO | MarketingAdvantageAI | [HealthMonitor] Health monitor started
2026-02-28 14:17:32 |     INFO | MarketingAdvantageAI | [AgenticValidation] No rows pending validation.
2026-02-28 14:17:32 |     INFO | MarketingAdvantageAI | [agentic_validation] ✅ Run complete | processed=0 | duration=67ms
2026-02-28 14:17:49 |     INFO | MarketingAdvantageAI | [Scheduler] Initiating graceful shutdown...
2026-02-28 14:17:49 |     INFO | MarketingAdvantageAI | [temporal_revalidation] Worker stopped
2026-02-28 14:17:49 |     INFO | MarketingAdvantageAI | [conflict_detection] Worker stopped
2026-02-28 14:17:49 |     INFO | MarketingAdvantageAI | [HealthMonitor] Health monitor stopped
2026-02-28 14:17:49 |     INFO | MarketingAdvantageAI | [agentic_validation] Worker stopped
2026-02-28 14:17:49 |     INFO | MarketingAdvantageAI | [Scheduler] All tasks completed gracefully
2026-02-28 14:17:49 |     INFO | MarketingAdvantageAI | [Scheduler] Scheduler stopped
2026-02-28 14:17:59 |     INFO | MarketingAdvantageAI | [ERROR] Failed to initialize ChromaDB client: name 'chromadb' is not defined
2026-02-28 14:17:59 |     INFO | MarketingAdvantageAI | [WatcherIngestorV2] Background watcher started with FastAPI server.
2026-02-28 14:17:59 |     INFO | MarketingAdvantageAI | [Scheduler] Starting validation scheduler | validation_interval=60s | conflict_interval=120s | temporal_interval=300s
2026-02-28 14:17:59 |     INFO | MarketingAdvantageAI | [Scheduler] Started 4 background tasks (validation: True, conflict: True, temporal: True)
2026-02-28 14:17:59 |     INFO | MarketingAdvantageAI | [WatcherIngestorV2] 👀 Watching folder: C:\ProjectK\MarketingAdvantage_AI_v1\static\uploads\manual
2026-02-28 14:17:59 |     INFO | MarketingAdvantageAI | [agentic_validation] Worker started
2026-02-28 14:17:59 |     INFO | MarketingAdvantageAI | [conflict_detection] Worker started
2026-02-28 14:17:59 |     INFO | MarketingAdvantageAI | [temporal_revalidation] Worker started
2026-02-28 14:17:59 |     INFO | MarketingAdvantageAI | [HealthMonitor] Health monitor started
2026-02-28 14:18:46 |     INFO | MarketingAdvantageAI | [Scheduler] Initiating graceful shutdown...
2026-02-28 14:18:46 |     INFO | MarketingAdvantageAI | [agentic_validation] Worker stopped
2026-02-28 14:18:46 |     INFO | MarketingAdvantageAI | [temporal_revalidation] Worker stopped
2026-02-28 14:18:46 |     INFO | MarketingAdvantageAI | [HealthMonitor] Health monitor stopped
2026-02-28 14:18:46 |     INFO | MarketingAdvantageAI | [conflict_detection] Worker stopped
2026-02-28 14:18:46 |     INFO | MarketingAdvantageAI | [Scheduler] All tasks completed gracefully
2026-02-28 14:18:46 |     INFO | MarketingAdvantageAI | [Scheduler] Scheduler stopped
2026-02-28 14:18:56 |     INFO | MarketingAdvantageAI | [WatcherIngestorV2] Background watcher started with FastAPI server.
2026-02-28 14:18:56 |     INFO | MarketingAdvantageAI | [Scheduler] Starting validation scheduler | validation_interval=60s | conflict_interval=120s | temporal_interval=300s
2026-02-28 14:18:56 |     INFO | MarketingAdvantageAI | [Scheduler] Started 4 background tasks (validation: True, conflict: True, temporal: True)
2026-02-28 14:18:56 |     INFO | MarketingAdvantageAI | [WatcherIngestorV2] 👀 Watching folder: C:\ProjectK\MarketingAdvantage_AI_v1\static\uploads\manual
2026-02-28 14:18:56 |     INFO | MarketingAdvantageAI | [agentic_validation] Worker started
2026-02-28 14:18:56 |     INFO | MarketingAdvantageAI | [conflict_detection] Worker started
2026-02-28 14:18:56 |     INFO | MarketingAdvantageAI | [temporal_revalidation] Worker started
2026-02-28 14:18:56 |     INFO | MarketingAdvantageAI | [HealthMonitor] Health monitor started
2026-02-28 14:19:56 |     INFO | MarketingAdvantageAI | [AgenticValidation] No rows pending validation.
2026-02-28 14:19:56 |     INFO | MarketingAdvantageAI | [agentic_validation] ✅ Run complete | processed=0 | duration=69ms
2026-02-28 14:20:56 |     INFO | MarketingAdvantageAI | [AgenticValidation] No rows pending validation.
2026-02-28 14:20:56 |     INFO | MarketingAdvantageAI | [agentic_validation] ✅ Run complete | processed=0 | duration=4ms
2026-02-28 14:21:06 |     INFO | MarketingAdvantageAI | [ConflictEngine] No rows pending conflict analysis.
2026-02-28 14:21:06 |     INFO | MarketingAdvantageAI | [conflict_detection] ✅ Run complete | processed=0 | duration=6ms
2026-02-28 14:21:17 |     INFO | MarketingAdvantageAI | [Scheduler] Initiating graceful shutdown...
2026-02-28 14:21:17 |     INFO | MarketingAdvantageAI | [temporal_revalidation] Worker stopped
2026-02-28 14:21:17 |     INFO | MarketingAdvantageAI | [HealthMonitor] Health monitor stopped
2026-02-28 14:21:17 |     INFO | MarketingAdvantageAI | [agentic_validation] Worker stopped
2026-02-28 14:21:17 |     INFO | MarketingAdvantageAI | [conflict_detection] Worker stopped
2026-02-28 14:21:17 |     INFO | MarketingAdvantageAI | [Scheduler] All tasks completed gracefully
2026-02-28 14:21:17 |     INFO | MarketingAdvantageAI | [Scheduler] Scheduler stopped
2026-02-28 23:20:51 |     INFO | MarketingAdvantageAI | [WatcherIngestorV2] Background watcher started with FastAPI server.
2026-02-28 23:20:51 |     INFO | MarketingAdvantageAI | [Scheduler] Starting validation scheduler | validation_interval=60s | conflict_interval=120s | temporal_interval=300s
2026-02-28 23:20:51 |     INFO | MarketingAdvantageAI | [Scheduler] Started 4 background tasks (validation: True, conflict: True, temporal: True)
2026-02-28 23:20:51 |     INFO | MarketingAdvantageAI | [WatcherIngestorV2] 👀 Watching folder: C:\ProjectK\MarketingAdvantage_AI_v1\static\uploads\manual
2026-02-28 23:20:51 |     INFO | MarketingAdvantageAI | [agentic_validation] Worker started
2026-02-28 23:20:51 |     INFO | MarketingAdvantageAI | [conflict_detection] Worker started
2026-02-28 23:20:51 |     INFO | MarketingAdvantageAI | [temporal_revalidation] Worker started
2026-02-28 23:20:51 |     INFO | MarketingAdvantageAI | [HealthMonitor] Health monitor started
2026-02-28 23:21:51 |    ERROR | MarketingAdvantageAI | [agentic_validation] ❌ Run failed | error=password authentication failed for user "postgres" | consecutive_failures=1
2026-02-28 23:22:51 |    ERROR | MarketingAdvantageAI | [agentic_validation] ❌ Run failed | error=password authentication failed for user "postgres" | consecutive_failures=2
2026-02-28 23:23:01 |    ERROR | MarketingAdvantageAI | [conflict_detection] ❌ Run failed | error=password authentication failed for user "postgres" | consecutive_failures=1
2026-02-28 23:23:51 |    ERROR | MarketingAdvantageAI | [agentic_validation] ❌ Run failed | error=password authentication failed for user "postgres" | consecutive_failures=3
2026-02-28 23:24:23 |     INFO | MarketingAdvantageAI | [WatcherIngestorV2] 📥 Detected new file → MASTER_INTEGRATION_GUIDE.txt
2026-02-28 23:24:23 |  WARNING | MarketingAdvantageAI | [file_router_v2] Ingestion failed: password authentication failed for user "postgres"
2026-02-28 23:24:23 |  WARNING | MarketingAdvantageAI | [WatcherIngestorV2] ❌ Failed to process MASTER_INTEGRATION_GUIDE.txt: 500: password authentication failed for user "postgres"
2026-02-28 23:24:32 |     INFO | MarketingAdvantageAI | [Scheduler] Initiating graceful shutdown...
2026-02-28 23:24:32 |     INFO | MarketingAdvantageAI | [temporal_revalidation] Worker stopped
2026-02-28 23:24:33 |     INFO | MarketingAdvantageAI | [conflict_detection] Worker stopped
2026-02-28 23:24:33 |     INFO | MarketingAdvantageAI | [HealthMonitor] Health monitor stopped
2026-02-28 23:24:33 |     INFO | MarketingAdvantageAI | [agentic_validation] Worker stopped
2026-02-28 23:24:33 |     INFO | MarketingAdvantageAI | [Scheduler] All tasks completed gracefully
2026-02-28 23:24:33 |     INFO | MarketingAdvantageAI | [Scheduler] Scheduler stopped
2026-02-28 23:24:40 |     INFO | MarketingAdvantageAI | [WatcherIngestorV2] Background watcher started with FastAPI server.
2026-02-28 23:24:40 |     INFO | MarketingAdvantageAI | [Scheduler] Starting validation scheduler | validation_interval=60s | conflict_interval=120s | temporal_interval=300s
2026-02-28 23:24:40 |     INFO | MarketingAdvantageAI | [Scheduler] Started 4 background tasks (validation: True, conflict: True, temporal: True)
2026-02-28 23:24:40 |     INFO | MarketingAdvantageAI | [WatcherIngestorV2] 👀 Watching folder: C:\ProjectK\MarketingAdvantage_AI_v1\static\uploads\manual
2026-02-28 23:24:40 |     INFO | MarketingAdvantageAI | [agentic_validation] Worker started
2026-02-28 23:24:40 |     INFO | MarketingAdvantageAI | [conflict_detection] Worker started
2026-02-28 23:24:40 |     INFO | MarketingAdvantageAI | [temporal_revalidation] Worker started
2026-02-28 23:24:40 |     INFO | MarketingAdvantageAI | [HealthMonitor] Health monitor started
2026-02-28 23:25:40 |     INFO | MarketingAdvantageAI | [AgenticValidation] No rows pending validation.
2026-02-28 23:25:40 |     INFO | MarketingAdvantageAI | [agentic_validation] ✅ Run complete | processed=0 | duration=147ms
2026-02-28 23:25:57 |     INFO | MarketingAdvantageAI | [WatcherIngestorV2] 📥 Detected new file → MASTER_INTEGRATION_GUIDE.txt
2026-02-28 23:25:57 |     INFO | MarketingAdvantageAI | [text_parser_v2] Reading text file: static\uploads\api\MASTER_INTEGRATION_GUIDE_4f58e0baf543433daca4e90c5dc16e17.txt
2026-02-28 23:25:57 |     INFO | MarketingAdvantageAI | [text_parser_v2] LLM normalization skipped (disabled).
2026-02-28 23:25:57 |     INFO | MarketingAdvantageAI | [ERROR] Direct ingestion failed for 3919a498-0bfd-41d5-9c43-532ee7e4978f: type object 'IngestionServiceV2' has no attribute '_extract_chunks'
2026-02-28 23:25:57 |  WARNING | MarketingAdvantageAI | [file_router_v2] Ingestion failed: type object 'IngestionServiceV2' has no attribute '_set_file_error'
2026-02-28 23:25:57 |  WARNING | MarketingAdvantageAI | [WatcherIngestorV2] ❌ Failed to process MASTER_INTEGRATION_GUIDE.txt: 500: type object 'IngestionServiceV2' has no attribute '_set_file_error'
2026-02-28 23:26:40 |     INFO | MarketingAdvantageAI | [AgenticValidation] No rows pending validation.
2026-02-28 23:26:40 |     INFO | MarketingAdvantageAI | [agentic_validation] ✅ Run complete | processed=0 | duration=7ms
2026-02-28 23:26:50 |     INFO | MarketingAdvantageAI | [ConflictEngine] No rows pending conflict analysis.
2026-02-28 23:26:50 |     INFO | MarketingAdvantageAI | [conflict_detection] ✅ Run complete | processed=0 | duration=10ms
2026-02-28 23:27:40 |     INFO | MarketingAdvantageAI | [AgenticValidation] No rows pending validation.
2026-02-28 23:27:40 |     INFO | MarketingAdvantageAI | [agentic_validation] ✅ Run complete | processed=0 | duration=6ms
2026-02-28 23:28:40 |     INFO | MarketingAdvantageAI | [AgenticValidation] No rows pending validation.
2026-02-28 23:28:40 |     INFO | MarketingAdvantageAI | [agentic_validation] ✅ Run complete | processed=0 | duration=6ms
2026-02-28 23:28:50 |     INFO | MarketingAdvantageAI | [ConflictEngine] No rows pending conflict analysis.
2026-02-28 23:28:50 |     INFO | MarketingAdvantageAI | [conflict_detection] ✅ Run complete | processed=0 | duration=7ms
2026-02-28 23:29:40 |     INFO | MarketingAdvantageAI | [TemporalRevalidation] No rows pending temporal review.
2026-02-28 23:29:40 |     INFO | MarketingAdvantageAI | [temporal_revalidation] ✅ Run complete | processed=0 | duration=29ms
2026-02-28 23:29:40 |     INFO | MarketingAdvantageAI | [AgenticValidation] No rows pending validation.
2026-02-28 23:29:40 |     INFO | MarketingAdvantageAI | [agentic_validation] ✅ Run complete | processed=0 | duration=26ms
2026-02-28 23:30:40 |     INFO | MarketingAdvantageAI | [AgenticValidation] No rows pending validation.
2026-02-28 23:30:40 |     INFO | MarketingAdvantageAI | [agentic_validation] ✅ Run complete | processed=0 | duration=4ms
2026-02-28 23:30:50 |     INFO | MarketingAdvantageAI | [ConflictEngine] No rows pending conflict analysis.
2026-02-28 23:30:50 |     INFO | MarketingAdvantageAI | [conflict_detection] ✅ Run complete | processed=0 | duration=6ms
2026-02-28 23:31:40 |     INFO | MarketingAdvantageAI | [AgenticValidation] No rows pending validation.
2026-02-28 23:31:40 |     INFO | MarketingAdvantageAI | [agentic_validation] ✅ Run complete | processed=0 | duration=4ms
2026-02-28 23:32:40 |     INFO | MarketingAdvantageAI | [AgenticValidation] No rows pending validation.
2026-02-28 23:32:40 |     INFO | MarketingAdvantageAI | [agentic_validation] ✅ Run complete | processed=0 | duration=4ms
2026-02-28 23:32:50 |     INFO | MarketingAdvantageAI | [ConflictEngine] No rows pending conflict analysis.
2026-02-28 23:32:50 |     INFO | MarketingAdvantageAI | [conflict_detection] ✅ Run complete | processed=0 | duration=4ms
2026-02-28 23:33:40 |     INFO | MarketingAdvantageAI | [AgenticValidation] No rows pending validation.
2026-02-28 23:33:40 |     INFO | MarketingAdvantageAI | [agentic_validation] ✅ Run complete | processed=0 | duration=5ms
2026-02-28 23:34:40 |     INFO | MarketingAdvantageAI | [TemporalRevalidation] No rows pending temporal review.
2026-02-28 23:34:40 |     INFO | MarketingAdvantageAI | [temporal_revalidation] ✅ Run complete | processed=0 | duration=6ms
2026-02-28 23:34:40 |     INFO | MarketingAdvantageAI | [AgenticValidation] No rows pending validation.
2026-02-28 23:34:40 |     INFO | MarketingAdvantageAI | [agentic_validation] ✅ Run complete | processed=0 | duration=7ms
2026-02-28 23:34:50 |     INFO | MarketingAdvantageAI | [ConflictEngine] No rows pending conflict analysis.
2026-02-28 23:34:50 |     INFO | MarketingAdvantageAI | [conflict_detection] ✅ Run complete | processed=0 | duration=7ms
2026-02-28 23:35:14 |     INFO | MarketingAdvantageAI | [Scheduler] Initiating graceful shutdown...
2026-02-28 23:35:14 |     INFO | MarketingAdvantageAI | [temporal_revalidation] Worker stopped
2026-02-28 23:35:14 |     INFO | MarketingAdvantageAI | [HealthMonitor] Health monitor stopped
2026-02-28 23:35:14 |     INFO | MarketingAdvantageAI | [agentic_validation] Worker stopped
2026-02-28 23:35:14 |     INFO | MarketingAdvantageAI | [conflict_detection] Worker stopped
2026-02-28 23:35:14 |     INFO | MarketingAdvantageAI | [Scheduler] All tasks completed gracefully
2026-02-28 23:35:14 |     INFO | MarketingAdvantageAI | [Scheduler] Scheduler stopped
2026-02-28 23:35:20 |     INFO | MarketingAdvantageAI | [WatcherIngestorV2] Background watcher started with FastAPI server.
2026-02-28 23:35:20 |     INFO | MarketingAdvantageAI | [Scheduler] Starting validation scheduler | validation_interval=60s | conflict_interval=120s | temporal_interval=300s
2026-02-28 23:35:20 |     INFO | MarketingAdvantageAI | [Scheduler] Started 4 background tasks (validation: True, conflict: True, temporal: True)
2026-02-28 23:35:20 |     INFO | MarketingAdvantageAI | [WatcherIngestorV2] 👀 Watching folder: C:\ProjectK\MarketingAdvantage_AI_v1\static\uploads\manual
2026-02-28 23:35:20 |     INFO | MarketingAdvantageAI | [agentic_validation] Worker started
2026-02-28 23:35:20 |     INFO | MarketingAdvantageAI | [conflict_detection] Worker started
2026-02-28 23:35:20 |     INFO | MarketingAdvantageAI | [temporal_revalidation] Worker started
2026-02-28 23:35:20 |     INFO | MarketingAdvantageAI | [HealthMonitor] Health monitor started
2026-02-28 23:35:54 |     INFO | MarketingAdvantageAI | [Scheduler] Initiating graceful shutdown...
2026-02-28 23:35:54 |     INFO | MarketingAdvantageAI | [agentic_validation] Worker stopped
2026-02-28 23:35:54 |     INFO | MarketingAdvantageAI | [temporal_revalidation] Worker stopped
2026-02-28 23:35:54 |     INFO | MarketingAdvantageAI | [HealthMonitor] Health monitor stopped
2026-02-28 23:35:54 |     INFO | MarketingAdvantageAI | [conflict_detection] Worker stopped
2026-02-28 23:35:54 |     INFO | MarketingAdvantageAI | [Scheduler] All tasks completed gracefully
2026-02-28 23:35:54 |     INFO | MarketingAdvantageAI | [Scheduler] Scheduler stopped
2026-02-28 23:36:29 |     INFO | MarketingAdvantageAI | [WatcherIngestorV2] Background watcher started with FastAPI server.
2026-02-28 23:36:29 |     INFO | MarketingAdvantageAI | [Scheduler] Starting validation scheduler | validation_interval=60s | conflict_interval=120s | temporal_interval=300s
2026-02-28 23:36:29 |     INFO | MarketingAdvantageAI | [Scheduler] Started 4 background tasks (validation: True, conflict: True, temporal: True)
2026-02-28 23:36:29 |     INFO | MarketingAdvantageAI | [WatcherIngestorV2] 👀 Watching folder: C:\ProjectK\MarketingAdvantage_AI_v1\static\uploads\manual
2026-02-28 23:36:29 |     INFO | MarketingAdvantageAI | [agentic_validation] Worker started
2026-02-28 23:36:29 |     INFO | MarketingAdvantageAI | [conflict_detection] Worker started
2026-02-28 23:36:29 |     INFO | MarketingAdvantageAI | [temporal_revalidation] Worker started
2026-02-28 23:36:29 |     INFO | MarketingAdvantageAI | [HealthMonitor] Health monitor started
2026-02-28 23:37:30 |     INFO | MarketingAdvantageAI | [AgenticValidation] No rows pending validation.
2026-02-28 23:37:30 |     INFO | MarketingAdvantageAI | [agentic_validation] ✅ Run complete | processed=0 | duration=137ms
2026-02-28 23:37:50 |     INFO | MarketingAdvantageAI | [WatcherIngestorV2] 📥 Detected new file → MASTER_INTEGRATION_GUIDE.txt
2026-02-28 23:37:50 |  WARNING | MarketingAdvantageAI | [file_router_v2] DB duplicate detected: MASTER_INTEGRATION_GUIDE.txt
2026-02-28 23:37:50 |     INFO | MarketingAdvantageAI | [WatcherIngestorV2] ✅ Auto-ingested MASTER_INTEGRATION_GUIDE.txt: status=skipped
2026-02-28 23:38:21 |     INFO | MarketingAdvantageAI | [WatcherIngestorV2] 📥 Detected new file → MASTER_INTEGRATION_GUIDE.txt
2026-02-28 23:38:21 |     INFO | MarketingAdvantageAI | [text_parser_v2] Reading text file: static\uploads\api\MASTER_INTEGRATION_GUIDE_9150e14a25f34dd493e66f49baa9e64f.txt
2026-02-28 23:38:21 |     INFO | MarketingAdvantageAI | [text_parser_v2] LLM normalization skipped (disabled).
2026-02-28 23:38:21 |     INFO | MarketingAdvantageAI | [segmenter_v2] Added/Updated GCI entry 0bfa660c...)
2026-02-28 23:38:21 |     INFO | MarketingAdvantageAI | [segmenter_v2] Added/Updated GCI entry 6c77c4e7...)
2026-02-28 23:38:21 |     INFO | MarketingAdvantageAI | [segmenter_v2] Added/Updated GCI entry 994e2e7f...)
2026-02-28 23:38:21 |     INFO | MarketingAdvantageAI | [segmenter_v2] Added/Updated GCI entry f2a240bd...)
2026-02-28 23:38:21 |     INFO | MarketingAdvantageAI | [segmenter_v2] Added/Updated GCI entry 6be80fc9...)
2026-02-28 23:38:21 |     INFO | MarketingAdvantageAI | [segmenter_v2] Added/Updated GCI entry 912d3efd...)
2026-02-28 23:38:21 |     INFO | MarketingAdvantageAI | [segmenter_v2] Added/Updated GCI entry 1865db33...)
2026-02-28 23:38:21 |     INFO | MarketingAdvantageAI | [segmenter_v2] Added/Updated GCI entry 6e92f27e...)
2026-02-28 23:38:21 |     INFO | MarketingAdvantageAI | [segmenter_v2] Added/Updated GCI entry d729eb90...)
2026-02-28 23:38:21 |     INFO | MarketingAdvantageAI | [segmenter_v2] Added/Updated GCI entry cb7c1a70...)
2026-02-28 23:38:21 |     INFO | MarketingAdvantageAI | [segmenter_v2] Added/Updated GCI entry 90a0a2c4...)
2026-02-28 23:38:21 |     INFO | MarketingAdvantageAI | [segmenter_v2] Added/Updated GCI entry 10ee42a8...)
2026-02-28 23:38:21 |     INFO | MarketingAdvantageAI | [segmenter_v2] Added/Updated GCI entry 344f8c60...)
2026-02-28 23:38:21 |     INFO | MarketingAdvantageAI | [segmenter_v2] Added/Updated GCI entry abb992a5...)
2026-02-28 23:38:21 |     INFO | MarketingAdvantageAI | [segmenter_v2] Added/Updated GCI entry bbd52f37...)
2026-02-28 23:38:21 |     INFO | MarketingAdvantageAI | [segmenter_v2] Added/Updated GCI entry 43764a24...)
2026-02-28 23:38:21 |     INFO | MarketingAdvantageAI | [segmenter_v2] Added/Updated GCI entry a1d01486...)
2026-02-28 23:38:21 |     INFO | MarketingAdvantageAI | [segmenter_v2] Added/Updated GCI entry fbca3c33...)
2026-02-28 23:38:21 |     INFO | MarketingAdvantageAI | [segmenter_v2] Added/Updated GCI entry 6c1f7de2...)
2026-02-28 23:38:21 |     INFO | MarketingAdvantageAI | [segmenter_v2] Added/Updated GCI entry bdfb3bfa...)
2026-02-28 23:38:21 |     INFO | MarketingAdvantageAI | [segmenter_v2] Added/Updated GCI entry 11c472a1...)
2026-02-28 23:38:21 |     INFO | MarketingAdvantageAI | [segmenter_v2] Added/Updated GCI entry 274ad240...)
2026-02-28 23:38:21 |     INFO | MarketingAdvantageAI | [segmenter_v2] Added/Updated GCI entry aac1cccb...)
2026-02-28 23:38:21 |     INFO | MarketingAdvantageAI | [segmenter_v2] Added/Updated GCI entry c6c94490...)
2026-02-28 23:38:21 |     INFO | MarketingAdvantageAI | [segmenter_v2] Added/Updated GCI entry cc1dc044...)
2026-02-28 23:38:21 |     INFO | MarketingAdvantageAI | [segmenter_v2] Added/Updated GCI entry ec69e7b4...)
2026-02-28 23:38:21 |     INFO | MarketingAdvantageAI | [segmenter_v2] Added/Updated GCI entry 07222c98...)
2026-02-28 23:38:21 |     INFO | MarketingAdvantageAI | [segmenter_v2] Added/Updated GCI entry ecb74a8c...)
2026-02-28 23:38:21 |     INFO | MarketingAdvantageAI | [segmenter_v2] Added/Updated GCI entry ad339c7b...)
2026-02-28 23:38:21 |     INFO | MarketingAdvantageAI | [segmenter_v2] Added/Updated GCI entry b67e4617...)
2026-02-28 23:38:21 |     INFO | MarketingAdvantageAI | [segmenter_v2] Added/Updated GCI entry c12b0e7a...)
2026-02-28 23:38:21 |     INFO | MarketingAdvantageAI | [segmenter_v2] Added/Updated GCI entry 0bfa660c...)
2026-02-28 23:38:21 |     INFO | MarketingAdvantageAI | [segmenter_v2] Added/Updated GCI entry 6c77c4e7...)
2026-02-28 23:38:21 |     INFO | MarketingAdvantageAI | [segmenter_v2] Added/Updated GCI entry 994e2e7f...)
2026-02-28 23:38:21 |     INFO | MarketingAdvantageAI | [segmenter_v2] Added/Updated GCI entry f2a240bd...)
2026-02-28 23:38:21 |     INFO | MarketingAdvantageAI | [segmenter_v2] Added/Updated GCI entry c0d04306...)
2026-02-28 23:38:21 |     INFO | MarketingAdvantageAI | [segmenter_v2] Added/Updated GCI entry 6be80fc9...)
2026-02-28 23:38:21 |     INFO | MarketingAdvantageAI | [segmenter_v2] Added/Updated GCI entry 912d3efd...)
2026-02-28 23:38:21 |     INFO | MarketingAdvantageAI | [segmenter_v2] Added/Updated GCI entry 70eb40ea...)
2026-02-28 23:38:21 |     INFO | MarketingAdvantageAI | [segmenter_v2] Added/Updated GCI entry 1865db33...)
2026-02-28 23:38:21 |     INFO | MarketingAdvantageAI | [segmenter_v2] Added/Updated GCI entry 6e92f27e...)
2026-02-28 23:38:21 |     INFO | MarketingAdvantageAI | [segmenter_v2] Added/Updated GCI entry d729eb90...)
2026-02-28 23:38:22 |     INFO | MarketingAdvantageAI | [segmenter_v2] Added/Updated GCI entry cb7c1a70...)
2026-02-28 23:38:22 |     INFO | MarketingAdvantageAI | [segmenter_v2] Added/Updated GCI entry aaa40b8a...)
2026-02-28 23:38:22 |     INFO | MarketingAdvantageAI | [segmenter_v2] Added/Updated GCI entry 4afcfba1...)
2026-02-28 23:38:22 |     INFO | MarketingAdvantageAI | [segmenter_v2] Added/Updated GCI entry 221123a6...)
2026-02-28 23:38:22 |     INFO | MarketingAdvantageAI | [segmenter_v2] Added/Updated GCI entry df9c5d47...)
2026-02-28 23:38:22 |     INFO | MarketingAdvantageAI | [segmenter_v2] Added/Updated GCI entry effeed29...)
2026-02-28 23:38:22 |     INFO | MarketingAdvantageAI | [segmenter_v2] Added/Updated GCI entry a1662455...)
2026-02-28 23:38:22 |     INFO | MarketingAdvantageAI | [segmenter_v2] Added/Updated GCI entry 16c106ed...)
2026-02-28 23:38:22 |     INFO | MarketingAdvantageAI | [segmenter_v2] Added/Updated GCI entry 90a0a2c4...)
2026-02-28 23:38:22 |     INFO | MarketingAdvantageAI | [segmenter_v2] Added/Updated GCI entry 10ee42a8...)
2026-02-28 23:38:22 |     INFO | MarketingAdvantageAI | [segmenter_v2] Added/Updated GCI entry 6ae6b275...)
2026-02-28 23:38:22 |     INFO | MarketingAdvantageAI | [segmenter_v2] Added/Updated GCI entry 344f8c60...)
2026-02-28 23:38:22 |     INFO | MarketingAdvantageAI | [segmenter_v2] Added/Updated GCI entry abb992a5...)
2026-02-28 23:38:22 |     INFO | MarketingAdvantageAI | [segmenter_v2] Added/Updated GCI entry bbd52f37...)
2026-02-28 23:38:22 |     INFO | MarketingAdvantageAI | [segmenter_v2] Added/Updated GCI entry 43764a24...)
2026-02-28 23:38:22 |     INFO | MarketingAdvantageAI | [segmenter_v2] Added/Updated GCI entry a1d01486...)
2026-02-28 23:38:22 |     INFO | MarketingAdvantageAI | [segmenter_v2] Added/Updated GCI entry fbca3c33...)
2026-02-28 23:38:22 |     INFO | MarketingAdvantageAI | [segmenter_v2] Added/Updated GCI entry 6c1f7de2...)
2026-02-28 23:38:22 |     INFO | MarketingAdvantageAI | [segmenter_v2] Added/Updated GCI entry bdfb3bfa...)
2026-02-28 23:38:22 |     INFO | MarketingAdvantageAI | [segmenter_v2] Added/Updated GCI entry 11c472a1...)
2026-02-28 23:38:22 |     INFO | MarketingAdvantageAI | [segmenter_v2] Added/Updated GCI entry 274ad240...)
2026-02-28 23:38:22 |     INFO | MarketingAdvantageAI | [segmenter_v2] Added/Updated GCI entry aac1cccb...)
2026-02-28 23:38:22 |     INFO | MarketingAdvantageAI | [segmenter_v2] Added/Updated GCI entry afe31761...)
2026-02-28 23:38:22 |     INFO | MarketingAdvantageAI | [segmenter_v2] Added/Updated GCI entry aa7de8de...)
2026-02-28 23:38:22 |     INFO | MarketingAdvantageAI | [segmenter_v2] Added/Updated GCI entry 4d9cede9...)
2026-02-28 23:38:22 |     INFO | MarketingAdvantageAI | [segmenter_v2] Added/Updated GCI entry c6c94490...)
2026-02-28 23:38:22 |     INFO | MarketingAdvantageAI | [segmenter_v2] Added/Updated GCI entry cc1dc044...)
2026-02-28 23:38:22 |     INFO | MarketingAdvantageAI | [segmenter_v2] Added/Updated GCI entry ec69e7b4...)
2026-02-28 23:38:22 |     INFO | MarketingAdvantageAI | [segmenter_v2] Added/Updated GCI entry 07222c98...)
2026-02-28 23:38:22 |     INFO | MarketingAdvantageAI | [segmenter_v2] Added/Updated GCI entry 788f5f5e...)
2026-02-28 23:38:22 |     INFO | MarketingAdvantageAI | [segmenter_v2] Added/Updated GCI entry f3b7ace7...)
2026-02-28 23:38:22 |     INFO | MarketingAdvantageAI | [Dedup Engine] Starting 3-layer dedup for 46 chunks
2026-02-28 23:38:22 |     INFO | MarketingAdvantageAI | [Dedup Layer 3] Found in GCI: id=ecb74a8c-a82c-42b8-a9c0-21d4908e3942, occurrences=2
2026-02-28 23:38:22 |     INFO | MarketingAdvantageAI | [Dedup L1+L3] Cross-file duplicate: hash=7af4e0e7beca..., occurrences=2
2026-02-28 23:38:22 |     INFO | MarketingAdvantageAI | [Dedup Layer 3] Found in GCI: id=ad339c7b-18d8-4e3d-aaea-87468496af63, occurrences=2
2026-02-28 23:38:22 |     INFO | MarketingAdvantageAI | [Dedup L1+L3] Cross-file duplicate: hash=d89e95bfca3a..., occurrences=2
2026-02-28 23:38:22 |     INFO | MarketingAdvantageAI | [Dedup Layer 3] Found in GCI: id=b67e4617-d5b9-4903-8571-82aeb9d3c554, occurrences=2
2026-02-28 23:38:22 |     INFO | MarketingAdvantageAI | [Dedup L1+L3] Cross-file duplicate: hash=94c3baf37ef1..., occurrences=2
2026-02-28 23:38:22 |     INFO | MarketingAdvantageAI | [Dedup Layer 3] Found in GCI: id=c12b0e7a-ae65-4589-9f12-6619360547ab, occurrences=2
2026-02-28 23:38:22 |     INFO | MarketingAdvantageAI | [Dedup L1+L3] Cross-file duplicate: hash=3e21b34fdb73..., occurrences=2
2026-02-28 23:38:22 |     INFO | MarketingAdvantageAI | [Dedup Layer 3] Found in GCI: id=0bfa660c-8be7-4424-bcda-063195ec7a2f, occurrences=3
2026-02-28 23:38:22 |     INFO | MarketingAdvantageAI | [Dedup L1+L3] Cross-file duplicate: hash=e3a82c03566e..., occurrences=3
2026-02-28 23:38:22 |     INFO | MarketingAdvantageAI | [Dedup Layer 3] Found in GCI: id=6c77c4e7-8faa-47e5-b6d5-d0ba33e0136b, occurrences=3
2026-02-28 23:38:22 |     INFO | MarketingAdvantageAI | [Dedup L1+L3] Cross-file duplicate: hash=570674b898fc..., occurrences=3
2026-02-28 23:38:22 |     INFO | MarketingAdvantageAI | [Dedup Layer 3] Found in GCI: id=994e2e7f-023f-492e-a17c-f7aca86d9f92, occurrences=3
2026-02-28 23:38:22 |     INFO | MarketingAdvantageAI | [Dedup L1+L3] Cross-file duplicate: hash=259d2542dfd7..., occurrences=3
2026-02-28 23:38:22 |     INFO | MarketingAdvantageAI | [Dedup Layer 3] Found in GCI: id=f2a240bd-3137-4207-886d-019e0584cdbd, occurrences=3
2026-02-28 23:38:22 |     INFO | MarketingAdvantageAI | [Dedup L1+L3] Cross-file duplicate: hash=2a2720919041..., occurrences=3
2026-02-28 23:38:22 |     INFO | MarketingAdvantageAI | [Dedup Layer 3] Found in GCI: id=c0d04306-9ec7-4a3f-8f78-87fb3656f6c8, occurrences=2
2026-02-28 23:38:22 |     INFO | MarketingAdvantageAI | [Dedup L1+L3] Cross-file duplicate: hash=af0c7600c75d..., occurrences=2
2026-02-28 23:38:22 |     INFO | MarketingAdvantageAI | [Dedup Layer 3] Found in GCI: id=6be80fc9-9d03-4eb3-90df-e4f7b7be3bba, occurrences=3
2026-02-28 23:38:22 |     INFO | MarketingAdvantageAI | [Dedup L1+L3] Cross-file duplicate: hash=2d95bb600276..., occurrences=3
2026-02-28 23:38:22 |     INFO | MarketingAdvantageAI | [Dedup Layer 3] Found in GCI: id=912d3efd-bf61-4dc2-abf6-9de95592ab41, occurrences=3
2026-02-28 23:38:22 |     INFO | MarketingAdvantageAI | [Dedup L1+L3] Cross-file duplicate: hash=31aa59a6e91c..., occurrences=3
2026-02-28 23:38:22 |     INFO | MarketingAdvantageAI | [Dedup Layer 3] Found in GCI: id=70eb40ea-74e8-4f49-8f11-0e6b6e64ff83, occurrences=2
2026-02-28 23:38:22 |     INFO | MarketingAdvantageAI | [Dedup L1+L3] Cross-file duplicate: hash=0c406a4160b8..., occurrences=2
2026-02-28 23:38:22 |     INFO | MarketingAdvantageAI | [Dedup Layer 3] Found in GCI: id=1865db33-a20e-4de7-ac6c-75618d9afa67, occurrences=3
2026-02-28 23:38:22 |     INFO | MarketingAdvantageAI | [Dedup L1+L3] Cross-file duplicate: hash=7b7d48db40dd..., occurrences=3
2026-02-28 23:38:22 |     INFO | MarketingAdvantageAI | [Dedup Layer 3] Found in GCI: id=6e92f27e-8e83-45f0-80ed-869d28f047fd, occurrences=3
2026-02-28 23:38:22 |     INFO | MarketingAdvantageAI | [Dedup L1+L3] Cross-file duplicate: hash=f8cd37bed992..., occurrences=3
2026-02-28 23:38:22 |     INFO | MarketingAdvantageAI | [Dedup Layer 3] Found in GCI: id=d729eb90-b9bf-46c8-8688-40dfaba3c608, occurrences=3
2026-02-28 23:38:22 |     INFO | MarketingAdvantageAI | [Dedup L1+L3] Cross-file duplicate: hash=09b1c35e1716..., occurrences=3
2026-02-28 23:38:22 |     INFO | MarketingAdvantageAI | [Dedup Layer 3] Found in GCI: id=cb7c1a70-f226-40d6-9ca6-20d5e66904e9, occurrences=3
2026-02-28 23:38:22 |     INFO | MarketingAdvantageAI | [Dedup L1+L3] Cross-file duplicate: hash=0ffb5f7673ac..., occurrences=3
2026-02-28 23:38:22 |     INFO | MarketingAdvantageAI | [Dedup Layer 3] Found in GCI: id=aaa40b8a-a69f-4e04-8d61-2f8c028057c6, occurrences=2
2026-02-28 23:38:22 |     INFO | MarketingAdvantageAI | [Dedup L1+L3] Cross-file duplicate: hash=e8f11c10addc..., occurrences=2
2026-02-28 23:38:22 |     INFO | MarketingAdvantageAI | [Dedup Layer 3] Found in GCI: id=4afcfba1-ecb2-4f6e-95a5-bf2b8a3fb9db, occurrences=2
2026-02-28 23:38:22 |     INFO | MarketingAdvantageAI | [Dedup L1+L3] Cross-file duplicate: hash=aff2925237ac..., occurrences=2
2026-02-28 23:38:22 |     INFO | MarketingAdvantageAI | [Dedup Layer 3] Found in GCI: id=221123a6-1528-45f8-87a0-b5388f9b9f40, occurrences=2
2026-02-28 23:38:22 |     INFO | MarketingAdvantageAI | [Dedup L1+L3] Cross-file duplicate: hash=46f2ebba390a..., occurrences=2
2026-02-28 23:38:22 |     INFO | MarketingAdvantageAI | [Dedup Layer 3] Found in GCI: id=df9c5d47-06c6-4700-ad96-4d5a6c3db20d, occurrences=2
2026-02-28 23:38:22 |     INFO | MarketingAdvantageAI | [Dedup L1+L3] Cross-file duplicate: hash=518f40cbad54..., occurrences=2
2026-02-28 23:38:22 |     INFO | MarketingAdvantageAI | [Dedup Layer 3] Found in GCI: id=effeed29-05c9-44d7-b167-8eb4116fc0e7, occurrences=2
2026-02-28 23:38:22 |     INFO | MarketingAdvantageAI | [Dedup L1+L3] Cross-file duplicate: hash=52ad6c1a7ac4..., occurrences=2
2026-02-28 23:38:22 |     INFO | MarketingAdvantageAI | [Dedup Layer 3] Found in GCI: id=a1662455-3e3e-4ffa-a341-9f856c7d11c6, occurrences=2
2026-02-28 23:38:22 |     INFO | MarketingAdvantageAI | [Dedup L1+L3] Cross-file duplicate: hash=f263c5a3c0ff..., occurrences=2
2026-02-28 23:38:22 |     INFO | MarketingAdvantageAI | [Dedup Layer 3] Found in GCI: id=16c106ed-57b2-422d-973a-17d63cfc59d8, occurrences=2
2026-02-28 23:38:22 |     INFO | MarketingAdvantageAI | [Dedup L1+L3] Cross-file duplicate: hash=b6adec554f53..., occurrences=2
2026-02-28 23:38:22 |     INFO | MarketingAdvantageAI | [Dedup Layer 3] Found in GCI: id=90a0a2c4-6bc0-41c9-9090-0e9055ad1bb8, occurrences=3
2026-02-28 23:38:22 |     INFO | MarketingAdvantageAI | [Dedup L1+L3] Cross-file duplicate: hash=29932563af08..., occurrences=3
2026-02-28 23:38:22 |     INFO | MarketingAdvantageAI | [Dedup Layer 3] Found in GCI: id=10ee42a8-6093-4af2-8345-527f42261fd4, occurrences=3
2026-02-28 23:38:22 |     INFO | MarketingAdvantageAI | [Dedup L1+L3] Cross-file duplicate: hash=8f35bc679f43..., occurrences=3
2026-02-28 23:38:22 |     INFO | MarketingAdvantageAI | [Dedup Layer 3] Found in GCI: id=6ae6b275-0224-4a62-9b6c-066f427d69a9, occurrences=2
2026-02-28 23:38:22 |     INFO | MarketingAdvantageAI | [Dedup L1+L3] Cross-file duplicate: hash=4b3ee26618c3..., occurrences=2
2026-02-28 23:38:22 |     INFO | MarketingAdvantageAI | [Dedup Layer 3] Found in GCI: id=344f8c60-aea1-4dc7-a077-0c18bb73f10c, occurrences=3
2026-02-28 23:38:22 |     INFO | MarketingAdvantageAI | [Dedup L1+L3] Cross-file duplicate: hash=9b8f1404fc7b..., occurrences=3
2026-02-28 23:38:22 |     INFO | MarketingAdvantageAI | [Dedup Layer 3] Found in GCI: id=abb992a5-ec64-44a3-8748-68074c345bd9, occurrences=3
2026-02-28 23:38:22 |     INFO | MarketingAdvantageAI | [Dedup L1+L3] Cross-file duplicate: hash=e17d12078a64..., occurrences=3
2026-02-28 23:38:22 |     INFO | MarketingAdvantageAI | [Dedup Layer 3] Found in GCI: id=bbd52f37-73cb-4950-b550-f44924fbb902, occurrences=3
2026-02-28 23:38:22 |     INFO | MarketingAdvantageAI | [Dedup L1+L3] Cross-file duplicate: hash=fd98796dffc7..., occurrences=3
2026-02-28 23:38:22 |     INFO | MarketingAdvantageAI | [Dedup Layer 3] Found in GCI: id=43764a24-e1b7-468f-98c3-9317395b8289, occurrences=3
2026-02-28 23:38:22 |     INFO | MarketingAdvantageAI | [Dedup L1+L3] Cross-file duplicate: hash=89f278911263..., occurrences=3
2026-02-28 23:38:22 |     INFO | MarketingAdvantageAI | [Dedup Layer 3] Found in GCI: id=a1d01486-7180-45a7-b987-a9318e696364, occurrences=3
2026-02-28 23:38:22 |     INFO | MarketingAdvantageAI | [Dedup L1+L3] Cross-file duplicate: hash=8b29af5339f0..., occurrences=3
2026-02-28 23:38:22 |     INFO | MarketingAdvantageAI | [Dedup Layer 3] Found in GCI: id=fbca3c33-8e09-40cd-9dbb-d50452f89e13, occurrences=3
2026-02-28 23:38:22 |     INFO | MarketingAdvantageAI | [Dedup L1+L3] Cross-file duplicate: hash=13cb9ba49c26..., occurrences=3
2026-02-28 23:38:22 |     INFO | MarketingAdvantageAI | [Dedup Layer 3] Found in GCI: id=6c1f7de2-16af-4bf8-b92e-609763dfc383, occurrences=3
2026-02-28 23:38:22 |     INFO | MarketingAdvantageAI | [Dedup L1+L3] Cross-file duplicate: hash=bb390592f9e8..., occurrences=3
2026-02-28 23:38:22 |     INFO | MarketingAdvantageAI | [Dedup Layer 3] Found in GCI: id=bdfb3bfa-8fe6-4efc-8832-ea4759b14df9, occurrences=3
2026-02-28 23:38:22 |     INFO | MarketingAdvantageAI | [Dedup L1+L3] Cross-file duplicate: hash=ac75b425de8c..., occurrences=3
2026-02-28 23:38:22 |     INFO | MarketingAdvantageAI | [Dedup Layer 3] Found in GCI: id=11c472a1-a547-433c-9a84-738fc3f115df, occurrences=3
2026-02-28 23:38:22 |     INFO | MarketingAdvantageAI | [Dedup L1+L3] Cross-file duplicate: hash=25783940b1e1..., occurrences=3
2026-02-28 23:38:22 |     INFO | MarketingAdvantageAI | [Dedup Layer 3] Found in GCI: id=274ad240-6c90-4f46-b61b-bb5f4be007c5, occurrences=3
2026-02-28 23:38:22 |     INFO | MarketingAdvantageAI | [Dedup L1+L3] Cross-file duplicate: hash=2e251dc4d594..., occurrences=3
2026-02-28 23:38:22 |     INFO | MarketingAdvantageAI | [Dedup Layer 3] Found in GCI: id=aac1cccb-123c-4761-94a1-9bb064066a8f, occurrences=3
2026-02-28 23:38:22 |     INFO | MarketingAdvantageAI | [Dedup L1+L3] Cross-file duplicate: hash=a56421e65551..., occurrences=3
2026-02-28 23:38:22 |     INFO | MarketingAdvantageAI | [Dedup Layer 3] Found in GCI: id=afe31761-9bcc-490f-bc59-72da281e109e, occurrences=2
2026-02-28 23:38:22 |     INFO | MarketingAdvantageAI | [Dedup L1+L3] Cross-file duplicate: hash=e4881ea28f50..., occurrences=2
2026-02-28 23:38:22 |     INFO | MarketingAdvantageAI | [Dedup Layer 3] Found in GCI: id=aa7de8de-5579-413f-acd2-eabaf053bc80, occurrences=2
2026-02-28 23:38:22 |     INFO | MarketingAdvantageAI | [Dedup L1+L3] Cross-file duplicate: hash=f2386c563be4..., occurrences=2
2026-02-28 23:38:22 |     INFO | MarketingAdvantageAI | [Dedup Layer 3] Found in GCI: id=4d9cede9-aa8a-48f3-964e-541d2fbd5ea7, occurrences=2
2026-02-28 23:38:22 |     INFO | MarketingAdvantageAI | [Dedup L1+L3] Cross-file duplicate: hash=d16d61d217c3..., occurrences=2
2026-02-28 23:38:22 |     INFO | MarketingAdvantageAI | [Dedup Layer 3] Found in GCI: id=c6c94490-e5c5-43a3-983e-2bfc51ef5b4c, occurrences=3
2026-02-28 23:38:22 |     INFO | MarketingAdvantageAI | [Dedup L1+L3] Cross-file duplicate: hash=86e264b3c55f..., occurrences=3
2026-02-28 23:38:22 |     INFO | MarketingAdvantageAI | [Dedup Layer 3] Found in GCI: id=cc1dc044-ad34-470c-bb98-77787cf4f9a5, occurrences=3
2026-02-28 23:38:22 |     INFO | MarketingAdvantageAI | [Dedup L1+L3] Cross-file duplicate: hash=dc3ec9addfd1..., occurrences=3
2026-02-28 23:38:22 |     INFO | MarketingAdvantageAI | [Dedup Layer 3] Found in GCI: id=ec69e7b4-bf7a-4231-9130-9262f17d7548, occurrences=3
2026-02-28 23:38:22 |     INFO | MarketingAdvantageAI | [Dedup L1+L3] Cross-file duplicate: hash=c7755d43bf1b..., occurrences=3
2026-02-28 23:38:22 |     INFO | MarketingAdvantageAI | [Dedup Layer 3] Found in GCI: id=07222c98-9594-4207-a565-4f1467b04994, occurrences=3
2026-02-28 23:38:22 |     INFO | MarketingAdvantageAI | [Dedup L1+L3] Cross-file duplicate: hash=8575d37125f2..., occurrences=3
2026-02-28 23:38:22 |     INFO | MarketingAdvantageAI | [Dedup Layer 3] Found in GCI: id=788f5f5e-f060-41f9-bd9b-04c49685780e, occurrences=2
2026-02-28 23:38:22 |     INFO | MarketingAdvantageAI | [Dedup L1+L3] Cross-file duplicate: hash=bf360b2c707d..., occurrences=2
2026-02-28 23:38:22 |     INFO | MarketingAdvantageAI | [Dedup Layer 3] Found in GCI: id=f3b7ace7-1fa1-4a25-9ce6-92c914fac3a4, occurrences=2
2026-02-28 23:38:22 |     INFO | MarketingAdvantageAI | [Dedup L1+L3] Cross-file duplicate: hash=916583b0de7c..., occurrences=2
2026-02-28 23:38:22 |     INFO | MarketingAdvantageAI | [Dedup Engine] Complete: 0 unique, 46 duplicates (100.00% reduction) | L1: 0, L2: 0, L3: 46
2026-02-28 23:38:22 |     INFO | MarketingAdvantageAI | [IngestionV2] Dedup complete for 1cebdc5f-58ea-44d2-bb24-9d18745e3c68: 0 unique, 46 duplicates, 100.00% reduction [L1=0, L2=0, L3=46]
2026-02-28 23:38:22 |     INFO | MarketingAdvantageAI | [IngestionV2] Inserted 46 chunks into DB
2026-02-28 23:38:22 |     INFO | MarketingAdvantageAI | [IngestionV2] Inserted 46 chunks: 0 unique, 46 duplicates
2026-02-28 23:38:22 |     INFO | MarketingAdvantageAI | [IngestionV2] Calling _embed_and_store for 1cebdc5f-58ea-44d2-bb24-9d18745e3c68 with 46 chunks
2026-02-28 23:38:30 |     INFO | MarketingAdvantageAI | [AgenticValidation] Processing 46 chunks...
2026-02-28 23:38:30 |  WARNING | MarketingAdvantageAI | [AgenticValidation] Quality warnings for e852b4b3-16fa-4b88-8de5-3e9e79dc2e11: below_minimum_quality
2026-02-28 23:38:30 |  WARNING | MarketingAdvantageAI | [AgenticValidation] Quality warnings for 17d947d4-5f08-4f56-afcf-1767c306966a: below_minimum_quality
2026-02-28 23:38:30 |  WARNING | MarketingAdvantageAI | [AgenticValidation] Quality warnings for 8da0485d-9dd3-4075-897e-21fdcc4a7bfa: below_minimum_quality
2026-02-28 23:38:30 |  WARNING | MarketingAdvantageAI | [AgenticValidation] Quality warnings for 94cb1a29-241d-4a37-af44-3ff9c10842a8: below_minimum_quality
2026-02-28 23:38:30 |  WARNING | MarketingAdvantageAI | [AgenticValidation] Quality warnings for 91dce66d-1b47-4a1e-8598-e888be6f3971: below_minimum_quality
2026-02-28 23:38:30 |  WARNING | MarketingAdvantageAI | [AgenticValidation] Quality warnings for d0a6debf-268d-405f-aa46-0a5747f8e18b: below_minimum_quality
2026-02-28 23:38:30 |  WARNING | MarketingAdvantageAI | [AgenticValidation] Quality warnings for dc9c3c9e-b155-4d50-ae03-15152985d670: below_minimum_quality
2026-02-28 23:38:30 |  WARNING | MarketingAdvantageAI | [AgenticValidation] Quality warnings for c1181a97-38c9-40f9-a80f-bc8b284c8d84: below_minimum_quality
2026-02-28 23:38:30 |  WARNING | MarketingAdvantageAI | [AgenticValidation] Quality warnings for f5b1770c-eacc-4094-a31b-d90181fe1933: below_minimum_quality
2026-02-28 23:38:30 |  WARNING | MarketingAdvantageAI | [AgenticValidation] Quality warnings for 2b9c74f1-6e96-4ae7-871f-a3c5228c1bb8: below_minimum_quality
2026-02-28 23:38:30 |  WARNING | MarketingAdvantageAI | [AgenticValidation] Quality warnings for 87799354-23f9-40b2-bf94-8ec50846bb2d: below_minimum_quality
2026-02-28 23:38:30 |  WARNING | MarketingAdvantageAI | [AgenticValidation] Quality warnings for cb43b62f-001e-4854-bd4e-a8fee0486876: below_minimum_quality
2026-02-28 23:38:30 |  WARNING | MarketingAdvantageAI | [AgenticValidation] Quality warnings for 2c65dee7-8492-4576-95bf-185bafe7991a: below_minimum_quality
2026-02-28 23:38:30 |  WARNING | MarketingAdvantageAI | [AgenticValidation] Quality warnings for 98d13293-0c33-49bc-9cc9-7e2c2274ee41: below_minimum_quality
2026-02-28 23:38:30 |  WARNING | MarketingAdvantageAI | [AgenticValidation] Quality warnings for b9368d0a-3423-4100-9025-d1b0a6934bb7: below_minimum_quality
2026-02-28 23:38:30 |  WARNING | MarketingAdvantageAI | [AgenticValidation] Quality warnings for ded214fe-359a-4a89-89f3-0edf40a281bc: below_minimum_quality
2026-02-28 23:38:30 |  WARNING | MarketingAdvantageAI | [AgenticValidation] Quality warnings for 9a925b76-9c58-4477-bcc7-df2f640fb34f: below_minimum_quality
2026-02-28 23:38:30 |  WARNING | MarketingAdvantageAI | [AgenticValidation] Quality warnings for 511d1581-9df1-45e4-a3f2-8a06c58a3f3d: below_minimum_quality
2026-02-28 23:38:30 |  WARNING | MarketingAdvantageAI | [AgenticValidation] Quality warnings for 49a4ca6a-63ba-488c-86bc-e0cca02cefde: below_minimum_quality
2026-02-28 23:38:30 |  WARNING | MarketingAdvantageAI | [AgenticValidation] Quality warnings for 591d490c-bb24-4316-adaa-b825d177b57d: below_minimum_quality
2026-02-28 23:38:30 |  WARNING | MarketingAdvantageAI | [AgenticValidation] Quality warnings for ecfb4054-24d5-4dd3-9560-9056b3a03b1a: below_minimum_quality
2026-02-28 23:38:30 |  WARNING | MarketingAdvantageAI | [AgenticValidation] Quality warnings for 56413d50-7cee-4838-95da-2538c2ab306a: below_minimum_quality
2026-02-28 23:38:30 |  WARNING | MarketingAdvantageAI | [AgenticValidation] Quality warnings for 1615eb66-060a-4ac9-8a9c-f511b4a6e593: below_minimum_quality
2026-02-28 23:38:30 |  WARNING | MarketingAdvantageAI | [AgenticValidation] Quality warnings for 3e4ca644-dc79-4a38-8b86-266088c8663d: below_minimum_quality
2026-02-28 23:38:30 |  WARNING | MarketingAdvantageAI | [AgenticValidation] Quality warnings for c742d70c-6052-4393-9349-2ae63dda0a31: below_minimum_quality
2026-02-28 23:38:30 |  WARNING | MarketingAdvantageAI | [AgenticValidation] Quality warnings for d0cc4511-15ba-4218-9c22-5396bfab19fa: below_minimum_quality
2026-02-28 23:38:30 |  WARNING | MarketingAdvantageAI | [AgenticValidation] Quality warnings for 8970a96b-ee6e-4629-8cfa-1970c4691a6e: below_minimum_quality
2026-02-28 23:38:30 |  WARNING | MarketingAdvantageAI | [AgenticValidation] Quality warnings for 65fa170a-650f-42a7-a36f-22d517f15579: below_minimum_quality
2026-02-28 23:38:30 |  WARNING | MarketingAdvantageAI | [AgenticValidation] Quality warnings for 298796ae-e622-4f7e-9414-b18a1de15d31: below_minimum_quality
2026-02-28 23:38:30 |  WARNING | MarketingAdvantageAI | [AgenticValidation] Quality warnings for ef04e090-3ae4-44f3-9922-c752997eb198: below_minimum_quality
2026-02-28 23:38:30 |  WARNING | MarketingAdvantageAI | [AgenticValidation] Quality warnings for 0149a218-bb52-49af-8e71-c21084b4fd89: below_minimum_quality
2026-02-28 23:38:30 |  WARNING | MarketingAdvantageAI | [AgenticValidation] Quality warnings for 15d937af-251b-4514-a53a-2fbb24b26049: below_minimum_quality
2026-02-28 23:38:30 |  WARNING | MarketingAdvantageAI | [AgenticValidation] Quality warnings for a09b73af-91a3-4b2c-a3df-4fe27c9eaaa9: below_minimum_quality
2026-02-28 23:38:30 |  WARNING | MarketingAdvantageAI | [AgenticValidation] Quality warnings for 7d880435-2c54-41f3-8d67-da3f5424804c: below_minimum_quality
2026-02-28 23:38:30 |  WARNING | MarketingAdvantageAI | [AgenticValidation] Quality warnings for 2b3785a6-f7bc-413a-b4c3-aa8762c926ee: below_minimum_quality
2026-02-28 23:38:30 |  WARNING | MarketingAdvantageAI | [AgenticValidation] Quality warnings for e20b7bb3-7d1c-453e-987c-5fe87d6972b6: below_minimum_quality
2026-02-28 23:38:30 |  WARNING | MarketingAdvantageAI | [AgenticValidation] Quality warnings for 486d96d0-766d-403c-9272-1692b750f16d: below_minimum_quality
2026-02-28 23:38:30 |  WARNING | MarketingAdvantageAI | [AgenticValidation] Quality warnings for 8a1c5571-3986-4724-9e7f-3a2329e8aaec: below_minimum_quality
2026-02-28 23:38:30 |  WARNING | MarketingAdvantageAI | [AgenticValidation] Quality warnings for 0ae77855-4894-4fa5-8d6d-452f8f7c05fc: below_minimum_quality
2026-02-28 23:38:30 |  WARNING | MarketingAdvantageAI | [AgenticValidation] Quality warnings for 4296ac64-d68e-4739-9e15-44e1174ddda6: below_minimum_quality
2026-02-28 23:38:30 |  WARNING | MarketingAdvantageAI | [AgenticValidation] Quality warnings for aeef0f86-af22-4847-bf98-5cc15c308918: below_minimum_quality
2026-02-28 23:38:30 |  WARNING | MarketingAdvantageAI | [AgenticValidation] Quality warnings for f36c3363-b152-47d9-87b5-77e109efafcb: below_minimum_quality
2026-02-28 23:38:30 |  WARNING | MarketingAdvantageAI | [AgenticValidation] Quality warnings for 107fddc3-0164-4aaa-962c-03ee8a1bd3f5: below_minimum_quality
2026-02-28 23:38:30 |  WARNING | MarketingAdvantageAI | [AgenticValidation] Quality warnings for 9a5feeed-3e38-458b-9fa0-23b10b8a3254: below_minimum_quality
2026-02-28 23:38:30 |  WARNING | MarketingAdvantageAI | [AgenticValidation] Quality warnings for a41f6848-6cad-4af9-90a8-ed1d049fc4c2: below_minimum_quality
2026-02-28 23:38:30 |  WARNING | MarketingAdvantageAI | [AgenticValidation] Quality warnings for a0001c99-d908-4ea8-b09c-4e08723511aa: below_minimum_quality
2026-02-28 23:38:30 |     INFO | MarketingAdvantageAI | [AgenticValidation] ✅ Complete: 46 succeeded, 0 failed in 241.72ms
2026-02-28 23:38:30 |     INFO | MarketingAdvantageAI | [agentic_validation] ✅ Run complete | processed=46 | duration=243ms
2026-02-28 23:38:33 |     INFO | MarketingAdvantageAI | [IngestionV2] ✅ Batch 1: 46 vectors via chroma
2026-02-28 23:38:33 |     INFO | MarketingAdvantageAI | [IngestionV2] Stored 46 new vectors via chroma for 1cebdc5f-58ea-44d2-bb24-9d18745e3c68
2026-02-28 23:38:33 |     INFO | MarketingAdvantageAI | [IngestionV2] File 1cebdc5f-58ea-44d2-bb24-9d18745e3c68 → status=processed, chunks=0/46, dedup=100.00%
2026-02-28 23:38:33 |     INFO | MarketingAdvantageAI | [IngestionV2] Pipeline complete for 1cebdc5f-58ea-44d2-bb24-9d18745e3c68: 0/46 chunks stored (100.00% deduplication)
2026-02-28 23:38:33 |     INFO | MarketingAdvantageAI | [IngestionV2] ✅ Completed direct ingestion for 1cebdc5f-58ea-44d2-bb24-9d18745e3c68
2026-02-28 23:38:33 |     INFO | MarketingAdvantageAI | [file_router_v2] ✅ Ingestion complete for MASTER_INTEGRATION_GUIDE.txt
2026-02-28 23:38:33 |     INFO | MarketingAdvantageAI | [MediaHook] Handling media for file: static\uploads\api\MASTER_INTEGRATION_GUIDE_9150e14a25f34dd493e66f49baa9e64f.txt
2026-02-28 23:38:33 |     INFO | MarketingAdvantageAI | [MediaHook] No media action taken
2026-02-28 23:38:33 |     INFO | MarketingAdvantageAI | [WatcherIngestorV2] ✅ Auto-ingested MASTER_INTEGRATION_GUIDE.txt: status=ingested
2026-02-28 23:38:39 |     INFO | MarketingAdvantageAI | [ConflictEngine] Processing 30 chunks...
2026-02-28 23:38:39 |    ERROR | MarketingAdvantageAI | [conflict_detection] ❌ Run failed | error=An instance of Chroma already exists for ./chroma_db with different settings | consecutive_failures=1
2026-02-28 23:39:30 |     INFO | MarketingAdvantageAI | [AgenticValidation] No rows pending validation.
2026-02-28 23:39:30 |     INFO | MarketingAdvantageAI | [agentic_validation] ✅ Run complete | processed=0 | duration=19ms
2026-02-28 23:40:30 |     INFO | MarketingAdvantageAI | [AgenticValidation] No rows pending validation.
2026-02-28 23:40:30 |     INFO | MarketingAdvantageAI | [agentic_validation] ✅ Run complete | processed=0 | duration=6ms
2026-02-28 23:40:39 |     INFO | MarketingAdvantageAI | [Scheduler] Initiating graceful shutdown...
2026-02-28 23:40:39 |     INFO | MarketingAdvantageAI | [temporal_revalidation] Worker stopped
2026-02-28 23:40:39 |     INFO | MarketingAdvantageAI | [conflict_detection] Worker stopped
2026-02-28 23:40:39 |     INFO | MarketingAdvantageAI | [HealthMonitor] Health monitor stopped
2026-02-28 23:40:39 |     INFO | MarketingAdvantageAI | [agentic_validation] Worker stopped
2026-02-28 23:40:39 |     INFO | MarketingAdvantageAI | [Scheduler] All tasks completed gracefully
2026-02-28 23:40:39 |     INFO | MarketingAdvantageAI | [Scheduler] Scheduler stopped
2026-02-28 23:40:46 |     INFO | MarketingAdvantageAI | [WatcherIngestorV2] Background watcher started with FastAPI server.
2026-02-28 23:40:46 |     INFO | MarketingAdvantageAI | [Scheduler] Starting validation scheduler | validation_interval=60s | conflict_interval=120s | temporal_interval=300s
2026-02-28 23:40:46 |     INFO | MarketingAdvantageAI | [Scheduler] Started 4 background tasks (validation: True, conflict: True, temporal: True)
2026-02-28 23:40:46 |     INFO | MarketingAdvantageAI | [WatcherIngestorV2] 👀 Watching folder: C:\ProjectK\MarketingAdvantage_AI_v1\static\uploads\manual
2026-02-28 23:40:46 |     INFO | MarketingAdvantageAI | [agentic_validation] Worker started
2026-02-28 23:40:46 |     INFO | MarketingAdvantageAI | [conflict_detection] Worker started
2026-02-28 23:40:46 |     INFO | MarketingAdvantageAI | [temporal_revalidation] Worker started
2026-02-28 23:40:46 |     INFO | MarketingAdvantageAI | [HealthMonitor] Health monitor started
2026-02-28 23:41:46 |     INFO | MarketingAdvantageAI | [AgenticValidation] No rows pending validation.
2026-02-28 23:41:46 |     INFO | MarketingAdvantageAI | [agentic_validation] ✅ Run complete | processed=0 | duration=121ms
2026-02-28 23:41:59 |     INFO | MarketingAdvantageAI | [Scheduler] Initiating graceful shutdown...
2026-02-28 23:41:59 |     INFO | MarketingAdvantageAI | [temporal_revalidation] Worker stopped
2026-02-28 23:41:59 |     INFO | MarketingAdvantageAI | [conflict_detection] Worker stopped
2026-02-28 23:41:59 |     INFO | MarketingAdvantageAI | [HealthMonitor] Health monitor stopped
2026-02-28 23:41:59 |     INFO | MarketingAdvantageAI | [agentic_validation] Worker stopped
2026-02-28 23:41:59 |     INFO | MarketingAdvantageAI | [Scheduler] All tasks completed gracefully
2026-02-28 23:41:59 |     INFO | MarketingAdvantageAI | [Scheduler] Scheduler stopped
2026-02-28 23:42:06 |     INFO | MarketingAdvantageAI | [WatcherIngestorV2] Background watcher started with FastAPI server.
2026-02-28 23:42:06 |     INFO | MarketingAdvantageAI | [Scheduler] Starting validation scheduler | validation_interval=60s | conflict_interval=120s | temporal_interval=300s
2026-02-28 23:42:06 |     INFO | MarketingAdvantageAI | [Scheduler] Started 4 background tasks (validation: True, conflict: True, temporal: True)
2026-02-28 23:42:06 |     INFO | MarketingAdvantageAI | [WatcherIngestorV2] 👀 Watching folder: C:\ProjectK\MarketingAdvantage_AI_v1\static\uploads\manual
2026-02-28 23:42:06 |     INFO | MarketingAdvantageAI | [agentic_validation] Worker started
2026-02-28 23:42:06 |     INFO | MarketingAdvantageAI | [conflict_detection] Worker started
2026-02-28 23:42:06 |     INFO | MarketingAdvantageAI | [temporal_revalidation] Worker started
2026-02-28 23:42:06 |     INFO | MarketingAdvantageAI | [HealthMonitor] Health monitor started
2026-02-28 23:43:06 |     INFO | MarketingAdvantageAI | [AgenticValidation] No rows pending validation.
2026-02-28 23:43:06 |     INFO | MarketingAdvantageAI | [agentic_validation] ✅ Run complete | processed=0 | duration=162ms
2026-02-28 23:44:06 |     INFO | MarketingAdvantageAI | [AgenticValidation] No rows pending validation.
2026-02-28 23:44:06 |     INFO | MarketingAdvantageAI | [agentic_validation] ✅ Run complete | processed=0 | duration=7ms
2026-02-28 23:44:16 |     INFO | MarketingAdvantageAI | [ConflictEngine] Processing 30 chunks...
2026-02-28 23:44:16 |    ERROR | MarketingAdvantageAI | [conflict_detection] ❌ Run failed | error=An instance of Chroma already exists for ./chroma_db with different settings | consecutive_failures=1
2026-02-28 23:45:06 |     INFO | MarketingAdvantageAI | [AgenticValidation] No rows pending validation.
2026-02-28 23:45:06 |     INFO | MarketingAdvantageAI | [agentic_validation] ✅ Run complete | processed=0 | duration=18ms
2026-02-28 23:46:06 |     INFO | MarketingAdvantageAI | [AgenticValidation] No rows pending validation.
2026-02-28 23:46:06 |     INFO | MarketingAdvantageAI | [agentic_validation] ✅ Run complete | processed=0 | duration=7ms
2026-02-28 23:46:16 |     INFO | MarketingAdvantageAI | [ConflictEngine] Processing 30 chunks...
2026-02-28 23:46:16 |    ERROR | MarketingAdvantageAI | [conflict_detection] ❌ Run failed | error=An instance of Chroma already exists for ./chroma_db with different settings | consecutive_failures=2
2026-02-28 23:47:06 |     INFO | MarketingAdvantageAI | [TemporalRevalidation] Processing 46 chunks...
2026-02-28 23:47:06 |     INFO | MarketingAdvantageAI | [TemporalRevalidation] ✅ Processed 46 chunks, 0 flagged as stale in 85.06ms
2026-02-28 23:47:06 |     INFO | MarketingAdvantageAI | [temporal_revalidation] ✅ Run complete | processed=46 | duration=95ms
2026-02-28 23:47:06 |     INFO | MarketingAdvantageAI | [AgenticValidation] No rows pending validation.
2026-02-28 23:47:06 |     INFO | MarketingAdvantageAI | [agentic_validation] ✅ Run complete | processed=0 | duration=6ms
2026-02-28 23:48:06 |     INFO | MarketingAdvantageAI | [AgenticValidation] No rows pending validation.
2026-02-28 23:48:06 |     INFO | MarketingAdvantageAI | [agentic_validation] ✅ Run complete | processed=0 | duration=11ms
2026-02-28 23:48:16 |     INFO | MarketingAdvantageAI | [ConflictEngine] Processing 30 chunks...
2026-02-28 23:48:16 |    ERROR | MarketingAdvantageAI | [conflict_detection] ❌ Run failed | error=An instance of Chroma already exists for ./chroma_db with different settings | consecutive_failures=3
2026-02-28 23:49:06 |  WARNING | MarketingAdvantageAI | [HealthMonitor] Unhealthy workers detected: conflict_detection (3 consecutive failures)
2026-02-28 23:49:06 |     INFO | MarketingAdvantageAI | [AgenticValidation] No rows pending validation.
2026-02-28 23:49:06 |     INFO | MarketingAdvantageAI | [agentic_validation] ✅ Run complete | processed=0 | duration=10ms
2026-02-28 23:50:06 |  WARNING | MarketingAdvantageAI | [HealthMonitor] Unhealthy workers detected: conflict_detection (3 consecutive failures)
2026-02-28 23:50:06 |     INFO | MarketingAdvantageAI | [AgenticValidation] No rows pending validation.
2026-02-28 23:50:06 |     INFO | MarketingAdvantageAI | [agentic_validation] ✅ Run complete | processed=0 | duration=6ms
2026-02-28 23:50:16 |     INFO | MarketingAdvantageAI | [ConflictEngine] Processing 30 chunks...
2026-02-28 23:50:16 |    ERROR | MarketingAdvantageAI | [conflict_detection] ❌ Run failed | error=An instance of Chroma already exists for ./chroma_db with different settings | consecutive_failures=4
2026-02-28 23:50:53 |     INFO | MarketingAdvantageAI | [Scheduler] Initiating graceful shutdown...
2026-02-28 23:50:53 |     INFO | MarketingAdvantageAI | [temporal_revalidation] Worker stopped
2026-02-28 23:50:53 |     INFO | MarketingAdvantageAI | [HealthMonitor] Health monitor stopped
2026-02-28 23:50:53 |     INFO | MarketingAdvantageAI | [agentic_validation] Worker stopped
2026-02-28 23:50:53 |     INFO | MarketingAdvantageAI | [conflict_detection] Worker stopped
2026-02-28 23:50:53 |     INFO | MarketingAdvantageAI | [Scheduler] All tasks completed gracefully
2026-02-28 23:50:53 |     INFO | MarketingAdvantageAI | [Scheduler] Scheduler stopped
2026-02-28 23:51:01 |     INFO | MarketingAdvantageAI | [WatcherIngestorV2] Background watcher started with FastAPI server.
2026-02-28 23:51:01 |     INFO | MarketingAdvantageAI | [Scheduler] Starting validation scheduler | validation_interval=60s | conflict_interval=120s | temporal_interval=300s
2026-02-28 23:51:01 |     INFO | MarketingAdvantageAI | [Scheduler] Started 4 background tasks (validation: True, conflict: True, temporal: True)
2026-02-28 23:51:01 |     INFO | MarketingAdvantageAI | [WatcherIngestorV2] 👀 Watching folder: C:\ProjectK\MarketingAdvantage_AI_v1\static\uploads\manual
2026-02-28 23:51:01 |     INFO | MarketingAdvantageAI | [agentic_validation] Worker started
2026-02-28 23:51:01 |     INFO | MarketingAdvantageAI | [conflict_detection] Worker started
2026-02-28 23:51:01 |     INFO | MarketingAdvantageAI | [temporal_revalidation] Worker started
2026-02-28 23:51:01 |     INFO | MarketingAdvantageAI | [HealthMonitor] Health monitor started
2026-02-28 23:51:24 |     INFO | MarketingAdvantageAI | [Scheduler] Initiating graceful shutdown...
2026-02-28 23:51:24 |     INFO | MarketingAdvantageAI | [agentic_validation] Worker stopped
2026-02-28 23:51:24 |     INFO | MarketingAdvantageAI | [temporal_revalidation] Worker stopped
2026-02-28 23:51:24 |     INFO | MarketingAdvantageAI | [HealthMonitor] Health monitor stopped
2026-02-28 23:51:24 |     INFO | MarketingAdvantageAI | [conflict_detection] Worker stopped
2026-02-28 23:51:24 |     INFO | MarketingAdvantageAI | [Scheduler] All tasks completed gracefully
2026-02-28 23:51:24 |     INFO | MarketingAdvantageAI | [Scheduler] Scheduler stopped
2026-02-28 23:51:32 |     INFO | MarketingAdvantageAI | [WatcherIngestorV2] Background watcher started with FastAPI server.
2026-02-28 23:51:32 |     INFO | MarketingAdvantageAI | [Scheduler] Starting validation scheduler | validation_interval=60s | conflict_interval=120s | temporal_interval=300s
2026-02-28 23:51:32 |     INFO | MarketingAdvantageAI | [Scheduler] Started 4 background tasks (validation: True, conflict: True, temporal: True)
2026-02-28 23:51:32 |     INFO | MarketingAdvantageAI | [WatcherIngestorV2] 👀 Watching folder: C:\ProjectK\MarketingAdvantage_AI_v1\static\uploads\manual
2026-02-28 23:51:32 |     INFO | MarketingAdvantageAI | [agentic_validation] Worker started
2026-02-28 23:51:32 |     INFO | MarketingAdvantageAI | [conflict_detection] Worker started
2026-02-28 23:51:32 |     INFO | MarketingAdvantageAI | [temporal_revalidation] Worker started
2026-02-28 23:51:32 |     INFO | MarketingAdvantageAI | [HealthMonitor] Health monitor started
2026-02-28 23:52:32 |     INFO | MarketingAdvantageAI | [AgenticValidation] No rows pending validation.
2026-02-28 23:52:32 |     INFO | MarketingAdvantageAI | [agentic_validation] ✅ Run complete | processed=0 | duration=127ms
2026-02-28 23:53:32 |     INFO | MarketingAdvantageAI | [AgenticValidation] No rows pending validation.
2026-02-28 23:53:32 |     INFO | MarketingAdvantageAI | [agentic_validation] ✅ Run complete | processed=0 | duration=7ms
2026-02-28 23:53:42 |     INFO | MarketingAdvantageAI | [ConflictEngine] Processing 30 chunks...
2026-02-28 23:53:42 |    ERROR | MarketingAdvantageAI | [conflict_detection] ❌ Run failed | error=An instance of Chroma already exists for ./chroma_db with different settings | consecutive_failures=1
2026-02-28 23:54:32 |     INFO | MarketingAdvantageAI | [AgenticValidation] No rows pending validation.
2026-02-28 23:54:32 |     INFO | MarketingAdvantageAI | [agentic_validation] ✅ Run complete | processed=0 | duration=8ms
2026-02-28 23:55:32 |     INFO | MarketingAdvantageAI | [AgenticValidation] No rows pending validation.
2026-02-28 23:55:32 |     INFO | MarketingAdvantageAI | [agentic_validation] ✅ Run complete | processed=0 | duration=6ms
2026-02-28 23:55:42 |     INFO | MarketingAdvantageAI | [ConflictEngine] Processing 30 chunks...
2026-02-28 23:55:42 |    ERROR | MarketingAdvantageAI | [conflict_detection] ❌ Run failed | error=An instance of Chroma already exists for ./chroma_db with different settings | consecutive_failures=2
2026-02-28 23:56:32 |     INFO | MarketingAdvantageAI | [TemporalRevalidation] No rows pending temporal review.
2026-02-28 23:56:32 |     INFO | MarketingAdvantageAI | [temporal_revalidation] ✅ Run complete | processed=0 | duration=7ms
2026-02-28 23:56:32 |     INFO | MarketingAdvantageAI | [AgenticValidation] No rows pending validation.
2026-02-28 23:56:32 |     INFO | MarketingAdvantageAI | [agentic_validation] ✅ Run complete | processed=0 | duration=5ms
2026-02-28 23:57:32 |     INFO | MarketingAdvantageAI | [AgenticValidation] No rows pending validation.
2026-02-28 23:57:32 |     INFO | MarketingAdvantageAI | [agentic_validation] ✅ Run complete | processed=0 | duration=6ms
2026-02-28 23:57:42 |     INFO | MarketingAdvantageAI | [ConflictEngine] Processing 30 chunks...
2026-02-28 23:57:42 |    ERROR | MarketingAdvantageAI | [conflict_detection] ❌ Run failed | error=An instance of Chroma already exists for ./chroma_db with different settings | consecutive_failures=3
2026-02-28 23:58:32 |  WARNING | MarketingAdvantageAI | [HealthMonitor] Unhealthy workers detected: conflict_detection (3 consecutive failures)
2026-02-28 23:58:32 |     INFO | MarketingAdvantageAI | [AgenticValidation] No rows pending validation.
2026-02-28 23:58:32 |     INFO | MarketingAdvantageAI | [agentic_validation] ✅ Run complete | processed=0 | duration=7ms
2026-02-28 23:58:40 |     INFO | MarketingAdvantageAI | [WatcherIngestorV2] 📥 Detected new file → commoncrawl.JSON
2026-02-28 23:58:40 |     INFO | MarketingAdvantageAI | [json_parser_v2] Parsing JSON file: static\uploads\api\commoncrawl_89af08fc98dc41f3be075643c82f3a99.JSON
2026-02-28 23:58:40 |     INFO | MarketingAdvantageAI | [json_parser_v2] LLM normalization skipped (disabled).
2026-02-28 23:58:41 |     INFO | MarketingAdvantageAI | [segmenter_v2] Added/Updated GCI entry dfd9bddf...)
2026-02-28 23:58:41 |     INFO | MarketingAdvantageAI | [segmenter_v2] Added/Updated GCI entry 09a409df...)
2026-02-28 23:58:41 |     INFO | MarketingAdvantageAI | [segmenter_v2] Added/Updated GCI entry 38c098ea...)
2026-02-28 23:58:41 |     INFO | MarketingAdvantageAI | [segmenter_v2] Added/Updated GCI entry 3ac5a69c...)
2026-02-28 23:58:41 |     INFO | MarketingAdvantageAI | [segmenter_v2] Added/Updated GCI entry 46119814...)
2026-02-28 23:58:41 |     INFO | MarketingAdvantageAI | [segmenter_v2] Added/Updated GCI entry e0f4e5d7...)
2026-02-28 23:58:41 |     INFO | MarketingAdvantageAI | [segmenter_v2] Added/Updated GCI entry 4b1f3763...)
2026-02-28 23:58:41 |     INFO | MarketingAdvantageAI | [segmenter_v2] Added/Updated GCI entry 2b1b7991...)
2026-02-28 23:58:41 |     INFO | MarketingAdvantageAI | [segmenter_v2] Added/Updated GCI entry 64901919...)
2026-02-28 23:58:41 |     INFO | MarketingAdvantageAI | [segmenter_v2] Added/Updated GCI entry 8cebc5e9...)
2026-02-28 23:58:41 |     INFO | MarketingAdvantageAI | [segmenter_v2] Added/Updated GCI entry 9549bd3d...)
2026-02-28 23:58:41 |     INFO | MarketingAdvantageAI | [segmenter_v2] Added/Updated GCI entry 4823dc28...)
2026-02-28 23:58:41 |     INFO | MarketingAdvantageAI | [segmenter_v2] Added/Updated GCI entry efea0747...)
2026-02-28 23:58:41 |     INFO | MarketingAdvantageAI | [segmenter_v2] Added/Updated GCI entry ec1a9959...)
2026-02-28 23:58:41 |     INFO | MarketingAdvantageAI | [segmenter_v2] Added/Updated GCI entry 53bf9cda...)
2026-02-28 23:58:41 |     INFO | MarketingAdvantageAI | [segmenter_v2] Added/Updated GCI entry b5bc278a...)
2026-02-28 23:58:41 |     INFO | MarketingAdvantageAI | [segmenter_v2] Added/Updated GCI entry ecb74a8c...)
2026-02-28 23:58:41 |     INFO | MarketingAdvantageAI | [segmenter_v2] Added/Updated GCI entry dfd9bddf...)
2026-02-28 23:58:41 |     INFO | MarketingAdvantageAI | [segmenter_v2] Added/Updated GCI entry 09a409df...)
2026-02-28 23:58:41 |     INFO | MarketingAdvantageAI | [segmenter_v2] Added/Updated GCI entry 38c098ea...)
2026-02-28 23:58:41 |     INFO | MarketingAdvantageAI | [segmenter_v2] Added/Updated GCI entry 3ac5a69c...)
2026-02-28 23:58:41 |     INFO | MarketingAdvantageAI | [segmenter_v2] Added/Updated GCI entry 46119814...)
2026-02-28 23:58:41 |     INFO | MarketingAdvantageAI | [segmenter_v2] Added/Updated GCI entry e0f4e5d7...)
2026-02-28 23:58:41 |     INFO | MarketingAdvantageAI | [segmenter_v2] Added/Updated GCI entry 4b1f3763...)
2026-02-28 23:58:41 |     INFO | MarketingAdvantageAI | [segmenter_v2] Added/Updated GCI entry 2b1b7991...)
2026-02-28 23:58:41 |     INFO | MarketingAdvantageAI | [segmenter_v2] Added/Updated GCI entry 64901919...)
2026-02-28 23:58:41 |     INFO | MarketingAdvantageAI | [segmenter_v2] Added/Updated GCI entry 8cebc5e9...)
2026-02-28 23:58:41 |     INFO | MarketingAdvantageAI | [segmenter_v2] Added/Updated GCI entry 9549bd3d...)
2026-02-28 23:58:41 |     INFO | MarketingAdvantageAI | [segmenter_v2] Added/Updated GCI entry 4823dc28...)
2026-02-28 23:58:41 |     INFO | MarketingAdvantageAI | [segmenter_v2] Added/Updated GCI entry efea0747...)
2026-02-28 23:58:41 |     INFO | MarketingAdvantageAI | [segmenter_v2] Added/Updated GCI entry ec1a9959...)
2026-02-28 23:58:41 |     INFO | MarketingAdvantageAI | [segmenter_v2] Added/Updated GCI entry 53bf9cda...)
2026-02-28 23:58:41 |     INFO | MarketingAdvantageAI | [segmenter_v2] Added/Updated GCI entry b5bc278a...)
2026-02-28 23:58:41 |     INFO | MarketingAdvantageAI | [Dedup Engine] Starting 3-layer dedup for 17 chunks
2026-02-28 23:58:41 |     INFO | MarketingAdvantageAI | [Dedup Layer 3] Found in GCI: id=ecb74a8c-a82c-42b8-a9c0-21d4908e3942, occurrences=3
2026-02-28 23:58:41 |     INFO | MarketingAdvantageAI | [Dedup L1+L3] Cross-file duplicate: hash=7af4e0e7beca..., occurrences=3
2026-02-28 23:58:41 |     INFO | MarketingAdvantageAI | [Dedup Layer 3] Found in GCI: id=dfd9bddf-79d9-43f1-ae09-3b164b98351d, occurrences=3
2026-02-28 23:58:41 |     INFO | MarketingAdvantageAI | [Dedup L1+L3] Cross-file duplicate: hash=a2bfb02be2c3..., occurrences=3
2026-02-28 23:58:41 |     INFO | MarketingAdvantageAI | [Dedup Layer 3] Found in GCI: id=09a409df-8c09-457e-b205-63c51566100d, occurrences=3
2026-02-28 23:58:41 |     INFO | MarketingAdvantageAI | [Dedup L1+L3] Cross-file duplicate: hash=1578fd464658..., occurrences=3
2026-02-28 23:58:41 |     INFO | MarketingAdvantageAI | [Dedup Layer 3] Found in GCI: id=38c098ea-8fa5-4470-a89f-9679b96ad714, occurrences=3
2026-02-28 23:58:41 |     INFO | MarketingAdvantageAI | [Dedup L1+L3] Cross-file duplicate: hash=edf6e5ce9332..., occurrences=3
2026-02-28 23:58:41 |     INFO | MarketingAdvantageAI | [Dedup Layer 3] Found in GCI: id=3ac5a69c-09c2-4495-b670-82d2384ad5a1, occurrences=3
2026-02-28 23:58:41 |     INFO | MarketingAdvantageAI | [Dedup L1+L3] Cross-file duplicate: hash=57213b44fe1f..., occurrences=3
2026-02-28 23:58:41 |     INFO | MarketingAdvantageAI | [Dedup Layer 3] Found in GCI: id=46119814-6dbe-4f5e-8b3d-7b7813eca6fd, occurrences=3
2026-02-28 23:58:41 |     INFO | MarketingAdvantageAI | [Dedup L1+L3] Cross-file duplicate: hash=aada2f626caa..., occurrences=3
2026-02-28 23:58:41 |     INFO | MarketingAdvantageAI | [Dedup Layer 3] Found in GCI: id=e0f4e5d7-324b-4295-9061-ffb5d869542e, occurrences=3
2026-02-28 23:58:41 |     INFO | MarketingAdvantageAI | [Dedup L1+L3] Cross-file duplicate: hash=c2254011ff65..., occurrences=3
2026-02-28 23:58:41 |     INFO | MarketingAdvantageAI | [Dedup Layer 3] Found in GCI: id=4b1f3763-8fab-48c4-8a08-be5f77451f10, occurrences=3
2026-02-28 23:58:41 |     INFO | MarketingAdvantageAI | [Dedup L1+L3] Cross-file duplicate: hash=3ac5c22b8bbd..., occurrences=3
2026-02-28 23:58:41 |     INFO | MarketingAdvantageAI | [Dedup Layer 3] Found in GCI: id=2b1b7991-de26-4b11-88f1-27f157ca6457, occurrences=3
2026-02-28 23:58:41 |     INFO | MarketingAdvantageAI | [Dedup L1+L3] Cross-file duplicate: hash=62ba2b68ba6c..., occurrences=3
2026-02-28 23:58:41 |     INFO | MarketingAdvantageAI | [Dedup Layer 3] Found in GCI: id=64901919-5613-4aa4-ad51-d20273f4fa1f, occurrences=3
2026-02-28 23:58:41 |     INFO | MarketingAdvantageAI | [Dedup L1+L3] Cross-file duplicate: hash=dbbdb30ddfd4..., occurrences=3
2026-02-28 23:58:41 |     INFO | MarketingAdvantageAI | [Dedup Layer 3] Found in GCI: id=8cebc5e9-c1f6-4a0c-bd84-ed35eaf7082c, occurrences=3
2026-02-28 23:58:41 |     INFO | MarketingAdvantageAI | [Dedup L1+L3] Cross-file duplicate: hash=334af03e49b2..., occurrences=3
2026-02-28 23:58:41 |     INFO | MarketingAdvantageAI | [Dedup Layer 3] Found in GCI: id=9549bd3d-ce96-4de3-9f18-edb08b64615b, occurrences=3
2026-02-28 23:58:41 |     INFO | MarketingAdvantageAI | [Dedup L1+L3] Cross-file duplicate: hash=22b393fbb96a..., occurrences=3
2026-02-28 23:58:41 |     INFO | MarketingAdvantageAI | [Dedup Layer 3] Found in GCI: id=4823dc28-832a-4ac6-af63-b50ffa623994, occurrences=3
2026-02-28 23:58:41 |     INFO | MarketingAdvantageAI | [Dedup L1+L3] Cross-file duplicate: hash=f72716e8f562..., occurrences=3
2026-02-28 23:58:41 |     INFO | MarketingAdvantageAI | [Dedup Layer 3] Found in GCI: id=efea0747-31f9-47fc-826a-96b5b81fd4d5, occurrences=3
2026-02-28 23:58:41 |     INFO | MarketingAdvantageAI | [Dedup L1+L3] Cross-file duplicate: hash=ae048fecd3ba..., occurrences=3
2026-02-28 23:58:41 |     INFO | MarketingAdvantageAI | [Dedup Layer 3] Found in GCI: id=ec1a9959-fc3f-4000-b2ae-5eb5d8f4e5e5, occurrences=3
2026-02-28 23:58:41 |     INFO | MarketingAdvantageAI | [Dedup L1+L3] Cross-file duplicate: hash=0c5b6339d431..., occurrences=3
2026-02-28 23:58:41 |     INFO | MarketingAdvantageAI | [Dedup Layer 3] Found in GCI: id=53bf9cda-6f4b-47bb-8ba7-be6ee582289d, occurrences=3
2026-02-28 23:58:41 |     INFO | MarketingAdvantageAI | [Dedup L1+L3] Cross-file duplicate: hash=f4c188543f17..., occurrences=3
2026-02-28 23:58:41 |     INFO | MarketingAdvantageAI | [Dedup Layer 3] Found in GCI: id=b5bc278a-3b37-4351-a9f2-ba516f9e2a11, occurrences=3
2026-02-28 23:58:41 |     INFO | MarketingAdvantageAI | [Dedup L1+L3] Cross-file duplicate: hash=d1150a1a2865..., occurrences=3
2026-02-28 23:58:41 |     INFO | MarketingAdvantageAI | [Dedup Engine] Complete: 0 unique, 17 duplicates (100.00% reduction) | L1: 0, L2: 0, L3: 17
2026-02-28 23:58:41 |     INFO | MarketingAdvantageAI | [IngestionV2] Dedup complete for 42c9d69e-dee0-49ec-aa9d-b3720f011ba8: 0 unique, 17 duplicates, 100.00% reduction [L1=0, L2=0, L3=17]
2026-02-28 23:58:41 |     INFO | MarketingAdvantageAI | [IngestionV2] Inserted 17 chunks into DB
2026-02-28 23:58:41 |     INFO | MarketingAdvantageAI | [IngestionV2] Inserted 17 chunks: 0 unique, 17 duplicates
2026-02-28 23:58:41 |     INFO | MarketingAdvantageAI | [IngestionV2] Calling _embed_and_store for 42c9d69e-dee0-49ec-aa9d-b3720f011ba8 with 17 chunks
2026-02-28 23:58:46 |     INFO | MarketingAdvantageAI | [IngestionV2] ✅ Batch 1: 16 vectors via chroma
2026-02-28 23:58:46 |     INFO | MarketingAdvantageAI | [IngestionV2] Stored 16 new vectors via chroma for 42c9d69e-dee0-49ec-aa9d-b3720f011ba8
2026-02-28 23:58:46 |     INFO | MarketingAdvantageAI | [IngestionV2] File 42c9d69e-dee0-49ec-aa9d-b3720f011ba8 → status=processed, chunks=0/17, dedup=100.00%
2026-02-28 23:58:46 |     INFO | MarketingAdvantageAI | [IngestionV2] Pipeline complete for 42c9d69e-dee0-49ec-aa9d-b3720f011ba8: 0/17 chunks stored (100.00% deduplication)
2026-02-28 23:58:46 |     INFO | MarketingAdvantageAI | [IngestionV2] ✅ Completed direct ingestion for 42c9d69e-dee0-49ec-aa9d-b3720f011ba8
2026-02-28 23:58:46 |     INFO | MarketingAdvantageAI | [file_router_v2] ✅ Ingestion complete for commoncrawl.JSON
2026-02-28 23:58:46 |     INFO | MarketingAdvantageAI | [MediaHook] Handling media for file: static\uploads\api\commoncrawl_89af08fc98dc41f3be075643c82f3a99.JSON
2026-02-28 23:58:46 |     INFO | MarketingAdvantageAI | [MediaHook] No media action taken
2026-02-28 23:58:46 |     INFO | MarketingAdvantageAI | [WatcherIngestorV2] ✅ Auto-ingested commoncrawl.JSON: status=ingested
2026-02-28 23:59:32 |  WARNING | MarketingAdvantageAI | [HealthMonitor] Unhealthy workers detected: conflict_detection (3 consecutive failures)
2026-02-28 23:59:32 |     INFO | MarketingAdvantageAI | [AgenticValidation] Processing 17 chunks...
2026-02-28 23:59:32 |  WARNING | MarketingAdvantageAI | [AgenticValidation] Quality warnings for 8864ccab-8d25-4dca-9e0b-e6a5dcf29428: below_minimum_quality
2026-02-28 23:59:32 |  WARNING | MarketingAdvantageAI | [AgenticValidation] Quality warnings for d1f1bbb1-7624-4113-b703-e27d64ed20b6: below_minimum_quality
2026-02-28 23:59:32 |  WARNING | MarketingAdvantageAI | [AgenticValidation] Quality warnings for c08ab5b5-4ced-4e88-a5b6-79e9daaf3d01: below_minimum_quality
2026-02-28 23:59:32 |  WARNING | MarketingAdvantageAI | [AgenticValidation] Quality warnings for 43fb7755-bc0e-4ef3-be2e-ce87827e8dac: below_minimum_quality
2026-02-28 23:59:32 |  WARNING | MarketingAdvantageAI | [AgenticValidation] Quality warnings for e163b9d6-496e-4fbc-95ab-7d816899b001: below_minimum_quality
2026-02-28 23:59:32 |  WARNING | MarketingAdvantageAI | [AgenticValidation] Quality warnings for 88c2cc76-3884-4218-ae89-650938e50e98: below_minimum_quality
2026-02-28 23:59:32 |  WARNING | MarketingAdvantageAI | [AgenticValidation] Quality warnings for 872922ca-e11c-4246-9d52-0af91ac0aea2: below_minimum_quality
2026-02-28 23:59:32 |  WARNING | MarketingAdvantageAI | [AgenticValidation] Quality warnings for b55a2a7d-53fa-4762-b14d-7503d6d872c7: below_minimum_quality
2026-02-28 23:59:32 |  WARNING | MarketingAdvantageAI | [AgenticValidation] Quality warnings for afb2ea84-30aa-4909-8579-fe2272857f08: below_minimum_quality
2026-02-28 23:59:32 |  WARNING | MarketingAdvantageAI | [AgenticValidation] Quality warnings for f72c1ed5-85fd-41ba-bc7f-78df75fc0c97: below_minimum_quality
2026-02-28 23:59:32 |  WARNING | MarketingAdvantageAI | [AgenticValidation] Quality warnings for b1331c91-a6fc-4050-a24c-0a77d0854613: below_minimum_quality
2026-02-28 23:59:32 |  WARNING | MarketingAdvantageAI | [AgenticValidation] Quality warnings for af0fe841-73b6-4dd9-afca-e2fd765a178e: below_minimum_quality
2026-02-28 23:59:32 |  WARNING | MarketingAdvantageAI | [AgenticValidation] Quality warnings for 2a2fe715-d83d-4b45-92a3-1105d20d81a8: below_minimum_quality
2026-02-28 23:59:32 |  WARNING | MarketingAdvantageAI | [AgenticValidation] Quality warnings for 71b262e9-84cc-45f6-8cec-71a2e24596e2: below_minimum_quality
2026-02-28 23:59:32 |  WARNING | MarketingAdvantageAI | [AgenticValidation] Quality warnings for 28365bd2-409d-4f23-9abd-dac1c6428d2c: below_minimum_quality
2026-02-28 23:59:32 |  WARNING | MarketingAdvantageAI | [AgenticValidation] Quality warnings for 273a62dd-ae95-4922-9feb-6606eb9c7e9a: below_minimum_quality
2026-02-28 23:59:32 |  WARNING | MarketingAdvantageAI | [AgenticValidation] Quality warnings for 80440f8f-b8ae-4e03-8218-17d9b1de1686: below_minimum_quality
2026-02-28 23:59:32 |     INFO | MarketingAdvantageAI | [AgenticValidation] ✅ Complete: 17 succeeded, 0 failed in 100.77ms
2026-02-28 23:59:32 |     INFO | MarketingAdvantageAI | [agentic_validation] ✅ Run complete | processed=17 | duration=103ms
2026-02-28 23:59:42 |     INFO | MarketingAdvantageAI | [ConflictEngine] Processing 30 chunks...
2026-02-28 23:59:42 |    ERROR | MarketingAdvantageAI | [conflict_detection] ❌ Run failed | error=An instance of Chroma already exists for ./chroma_db with different settings | consecutive_failures=4
2026-03-01 00:00:32 |  WARNING | MarketingAdvantageAI | [HealthMonitor] Unhealthy workers detected: conflict_detection (4 consecutive failures)
2026-03-01 00:00:32 |     INFO | MarketingAdvantageAI | [AgenticValidation] No rows pending validation.
2026-03-01 00:00:32 |     INFO | MarketingAdvantageAI | [agentic_validation] ✅ Run complete | processed=0 | duration=6ms
2026-03-01 00:01:32 |  WARNING | MarketingAdvantageAI | [HealthMonitor] Unhealthy workers detected: conflict_detection (4 consecutive failures)
2026-03-01 00:01:32 |     INFO | MarketingAdvantageAI | [TemporalRevalidation] Processing 17 chunks...
2026-03-01 00:01:32 |     INFO | MarketingAdvantageAI | [TemporalRevalidation] ✅ Processed 17 chunks, 0 flagged as stale in 26.33ms
2026-03-01 00:01:32 |     INFO | MarketingAdvantageAI | [temporal_revalidation] ✅ Run complete | processed=17 | duration=28ms
2026-03-01 00:01:32 |     INFO | MarketingAdvantageAI | [AgenticValidation] No rows pending validation.
2026-03-01 00:01:32 |     INFO | MarketingAdvantageAI | [agentic_validation] ✅ Run complete | processed=0 | duration=7ms
2026-03-01 00:01:42 |     INFO | MarketingAdvantageAI | [ConflictEngine] Processing 30 chunks...
2026-03-01 00:01:42 |    ERROR | MarketingAdvantageAI | [conflict_detection] ❌ Run failed | error=An instance of Chroma already exists for ./chroma_db with different settings | consecutive_failures=5
2026-03-01 00:01:42 |    ERROR | MarketingAdvantageAI | [conflict_detection] Reached max consecutive failures (5), worker may need attention
2026-03-01 00:02:32 |  WARNING | MarketingAdvantageAI | [HealthMonitor] Unhealthy workers detected: conflict_detection (5 consecutive failures)
2026-03-01 00:02:32 |     INFO | MarketingAdvantageAI | [AgenticValidation] No rows pending validation.
2026-03-01 00:02:32 |     INFO | MarketingAdvantageAI | [agentic_validation] ✅ Run complete | processed=0 | duration=6ms
2026-03-01 00:03:17 |     INFO | MarketingAdvantageAI | [Scheduler] Initiating graceful shutdown...
2026-03-01 00:03:17 |     INFO | MarketingAdvantageAI | [temporal_revalidation] Worker stopped
2026-03-01 00:03:17 |     INFO | MarketingAdvantageAI | [conflict_detection] Worker stopped
2026-03-01 00:03:17 |     INFO | MarketingAdvantageAI | [HealthMonitor] Health monitor stopped
2026-03-01 00:03:17 |     INFO | MarketingAdvantageAI | [agentic_validation] Worker stopped
2026-03-01 00:03:17 |     INFO | MarketingAdvantageAI | [Scheduler] All tasks completed gracefully
2026-03-01 00:03:17 |     INFO | MarketingAdvantageAI | [Scheduler] Scheduler stopped
2026-03-01 00:03:31 |     INFO | MarketingAdvantageAI | [WatcherIngestorV2] Background watcher started with FastAPI server.
2026-03-01 00:03:31 |     INFO | MarketingAdvantageAI | [Scheduler] Starting validation scheduler | validation_interval=60s | conflict_interval=120s | temporal_interval=300s
2026-03-01 00:03:31 |     INFO | MarketingAdvantageAI | [Scheduler] Started 4 background tasks (validation: True, conflict: True, temporal: True)
2026-03-01 00:03:31 |     INFO | MarketingAdvantageAI | [WatcherIngestorV2] 👀 Watching folder: C:\ProjectK\MarketingAdvantage_AI_v1\static\uploads\manual
2026-03-01 00:03:31 |     INFO | MarketingAdvantageAI | [agentic_validation] Worker started
2026-03-01 00:03:31 |     INFO | MarketingAdvantageAI | [conflict_detection] Worker started
2026-03-01 00:03:31 |     INFO | MarketingAdvantageAI | [temporal_revalidation] Worker started
2026-03-01 00:03:31 |     INFO | MarketingAdvantageAI | [HealthMonitor] Health monitor started
2026-03-01 00:04:14 |     INFO | MarketingAdvantageAI | [WatcherIngestorV2] 🎬 Detected video file → f7c17ee1-c874-4db5-a0be-4211afb2af49_The Complete Guide to Startups - introvertedmadness (240p, h264, youtube).mp4
2026-03-01 00:04:14 |     INFO | MarketingAdvantageAI | [MediaHook] Handling media for file: C:\ProjectK\MarketingAdvantage_AI_v1\./static/uploads/manual\f7c17ee1-c874-4db5-a0be-4211afb2af49_The Complete Guide to Startups - introvertedmadness (240p, h264, youtube).mp4
2026-03-01 00:04:14 |     INFO | MarketingAdvantageAI | [MediaHook] Routing standalone video (premium quality)
2026-03-01 00:04:14 |     INFO | MarketingAdvantageAI | [VideoIngestorV1] 🎬 Processing video: C:\ProjectK\MarketingAdvantage_AI_v1\./static/uploads/manual\f7c17ee1-c874-4db5-a0be-4211afb2af49_The Complete Guide to Startups - introvertedmadness (240p, h264, youtube).mp4
2026-03-01 00:04:15 |     INFO | MarketingAdvantageAI | [MediaHash] Video hash computed: 2a359d7f4b99... (4 keyframes)
2026-03-01 00:04:15 |     INFO | MarketingAdvantageAI | [VideoIngestorV1] ✅ Unique video confirmed
2026-03-01 00:04:15 |     INFO | MarketingAdvantageAI | [VideoIngestorV1] Video size: 8.79MB
2026-03-01 00:04:18 |     INFO | MarketingAdvantageAI | [VideoIngestorV1] Analyzed 12 scenes (premium)
2026-03-01 00:04:29 |     INFO | MarketingAdvantageAI | [VideoIngestorV1] Loading Whisper model (singleton)
2026-03-01 00:04:39 |     INFO | MarketingAdvantageAI | [AgenticValidation] No rows pending validation.
2026-03-01 00:04:39 |     INFO | MarketingAdvantageAI | [agentic_validation] ✅ Run complete | processed=0 | duration=20ms
2026-03-01 00:05:39 |     INFO | MarketingAdvantageAI | [AgenticValidation] No rows pending validation.
2026-03-01 00:05:39 |     INFO | MarketingAdvantageAI | [agentic_validation] ✅ Run complete | processed=0 | duration=8ms
2026-03-01 00:05:41 |     INFO | MarketingAdvantageAI | [ConflictEngine] Processing 30 chunks...
2026-03-01 00:05:41 |    ERROR | MarketingAdvantageAI | [conflict_detection] ❌ Run failed | error=An instance of Chroma already exists for ./chroma_db with different settings | consecutive_failures=1
2026-03-01 00:05:48 |     INFO | MarketingAdvantageAI | [VideoIngestorV1] Audio: 7693→7671 chars (enhanced)
2026-03-01 00:05:48 |     INFO | MarketingAdvantageAI | [segmenter_v2] Added/Updated GCI entry e3a7a45a...)
2026-03-01 00:05:48 |     INFO | MarketingAdvantageAI | [segmenter_v2] Added/Updated GCI entry 3f429aa5...)
2026-03-01 00:05:48 |     INFO | MarketingAdvantageAI | [segmenter_v2] Added/Updated GCI entry ffdb9ca6...)
2026-03-01 00:05:48 |     INFO | MarketingAdvantageAI | [segmenter_v2] Added/Updated GCI entry e5d3b95c...)
2026-03-01 00:05:48 |     INFO | MarketingAdvantageAI | [segmenter_v2] Added/Updated GCI entry 61a76b15...)
2026-03-01 00:05:48 |     INFO | MarketingAdvantageAI | [segmenter_v2] Added/Updated GCI entry e444fbbe...)
2026-03-01 00:05:48 |     INFO | MarketingAdvantageAI | [segmenter_v2] Added/Updated GCI entry 3bc58a2e...)
2026-03-01 00:05:48 |     INFO | MarketingAdvantageAI | [segmenter_v2] Added/Updated GCI entry e3d2cb39...)
2026-03-01 00:05:48 |     INFO | MarketingAdvantageAI | [segmenter_v2] Added/Updated GCI entry cca7df54...)
2026-03-01 00:05:48 |     INFO | MarketingAdvantageAI | [segmenter_v2] Added/Updated GCI entry 68470a04...)
2026-03-01 00:05:48 |     INFO | MarketingAdvantageAI | [segmenter_v2] Added/Updated GCI entry dcc48c0e...)
2026-03-01 00:05:48 |     INFO | MarketingAdvantageAI | [segmenter_v2] Added/Updated GCI entry f2ac5495...)
2026-03-01 00:05:48 |     INFO | MarketingAdvantageAI | [segmenter_v2] Added/Updated GCI entry 527bedb5...)
2026-03-01 00:05:48 |     INFO | MarketingAdvantageAI | [segmenter_v2] Added/Updated GCI entry dd8e9bbc...)
2026-03-01 00:05:48 |     INFO | MarketingAdvantageAI | [segmenter_v2] Added/Updated GCI entry 5abf8556...)
2026-03-01 00:05:48 |     INFO | MarketingAdvantageAI | [segmenter_v2] Added/Updated GCI entry 9f0d7f9c...)
2026-03-01 00:05:48 |     INFO | MarketingAdvantageAI | [segmenter_v2] Added/Updated GCI entry b66627ee...)
2026-03-01 00:05:48 |     INFO | MarketingAdvantageAI | [Dedup Engine] Starting 3-layer dedup for 17 chunks
2026-03-01 00:05:48 |     INFO | MarketingAdvantageAI | [Dedup Layer 3] Found in GCI: id=e3a7a45a-08b0-47d1-976d-71de9d8302b7, occurrences=2
2026-03-01 00:05:48 |     INFO | MarketingAdvantageAI | [Dedup L1+L3] Cross-file duplicate: hash=ec5e184ec266..., occurrences=2
2026-03-01 00:05:48 |     INFO | MarketingAdvantageAI | [Dedup Layer 3] Found in GCI: id=3f429aa5-70ed-45b0-b580-0bb5e8d22791, occurrences=2
2026-03-01 00:05:48 |     INFO | MarketingAdvantageAI | [Dedup L1+L3] Cross-file duplicate: hash=7098c3b19f55..., occurrences=2
2026-03-01 00:05:48 |     INFO | MarketingAdvantageAI | [Dedup Layer 3] Found in GCI: id=ffdb9ca6-289a-448a-bf9b-e1267d56100c, occurrences=2
2026-03-01 00:05:48 |     INFO | MarketingAdvantageAI | [Dedup L1+L3] Cross-file duplicate: hash=6148334e69cf..., occurrences=2
2026-03-01 00:05:48 |     INFO | MarketingAdvantageAI | [Dedup Layer 3] Found in GCI: id=e5d3b95c-0b3d-4397-bf7c-ccd957456c9f, occurrences=2
2026-03-01 00:05:48 |     INFO | MarketingAdvantageAI | [Dedup L1+L3] Cross-file duplicate: hash=9b89fad00c8d..., occurrences=2
2026-03-01 00:05:48 |     INFO | MarketingAdvantageAI | [Dedup Layer 3] Found in GCI: id=61a76b15-17ee-4100-87fa-c1d25b30e147, occurrences=2
2026-03-01 00:05:48 |     INFO | MarketingAdvantageAI | [Dedup L1+L3] Cross-file duplicate: hash=a610fd6eeaff..., occurrences=2
2026-03-01 00:05:48 |     INFO | MarketingAdvantageAI | [Dedup Layer 3] Found in GCI: id=e444fbbe-cbed-41f9-8e3c-e60c45856cbe, occurrences=2
2026-03-01 00:05:48 |     INFO | MarketingAdvantageAI | [Dedup L1+L3] Cross-file duplicate: hash=643d8ff8d199..., occurrences=2
2026-03-01 00:05:48 |     INFO | MarketingAdvantageAI | [Dedup Layer 3] Found in GCI: id=3bc58a2e-36e5-4cd2-a992-bb641591f2f4, occurrences=2
2026-03-01 00:05:48 |     INFO | MarketingAdvantageAI | [Dedup L1+L3] Cross-file duplicate: hash=c1a629041365..., occurrences=2
2026-03-01 00:05:48 |     INFO | MarketingAdvantageAI | [Dedup Layer 3] Found in GCI: id=e3d2cb39-d34d-40a2-b5dc-0fc2f8c1315f, occurrences=2
2026-03-01 00:05:48 |     INFO | MarketingAdvantageAI | [Dedup L1+L3] Cross-file duplicate: hash=3d5ee116b624..., occurrences=2
2026-03-01 00:05:48 |     INFO | MarketingAdvantageAI | [Dedup Layer 3] Found in GCI: id=cca7df54-8d9f-4aa2-be66-8bd522cb497c, occurrences=2
2026-03-01 00:05:48 |     INFO | MarketingAdvantageAI | [Dedup L1+L3] Cross-file duplicate: hash=9a4cc120a61f..., occurrences=2
2026-03-01 00:05:48 |     INFO | MarketingAdvantageAI | [Dedup Layer 3] Found in GCI: id=68470a04-bf3a-4646-8bb4-49b4fd7aebc6, occurrences=2
2026-03-01 00:05:48 |     INFO | MarketingAdvantageAI | [Dedup L1+L3] Cross-file duplicate: hash=8f27a4d3573d..., occurrences=2
2026-03-01 00:05:48 |     INFO | MarketingAdvantageAI | [Dedup Layer 3] Found in GCI: id=dcc48c0e-50c2-4fb4-8f21-a44ed32a0f2a, occurrences=2
2026-03-01 00:05:48 |     INFO | MarketingAdvantageAI | [Dedup L1+L3] Cross-file duplicate: hash=243e944210d4..., occurrences=2
2026-03-01 00:05:48 |     INFO | MarketingAdvantageAI | [Dedup Layer 3] Found in GCI: id=f2ac5495-3e62-4e58-bf78-2f6afbacfa6c, occurrences=2
2026-03-01 00:05:48 |     INFO | MarketingAdvantageAI | [Dedup L1+L3] Cross-file duplicate: hash=3f1c218324d3..., occurrences=2
2026-03-01 00:05:48 |     INFO | MarketingAdvantageAI | [Dedup Layer 3] Found in GCI: id=527bedb5-b942-49b8-9ae1-dd7e9d7f6a3b, occurrences=2
2026-03-01 00:05:48 |     INFO | MarketingAdvantageAI | [Dedup L1+L3] Cross-file duplicate: hash=dcc8c6265e3c..., occurrences=2
2026-03-01 00:05:48 |     INFO | MarketingAdvantageAI | [Dedup Layer 3] Found in GCI: id=dd8e9bbc-623d-4519-baae-4bfd099e6b63, occurrences=2
2026-03-01 00:05:48 |     INFO | MarketingAdvantageAI | [Dedup L1+L3] Cross-file duplicate: hash=40c1846d8e9c..., occurrences=2
2026-03-01 00:05:48 |     INFO | MarketingAdvantageAI | [Dedup Layer 3] Found in GCI: id=5abf8556-2959-41b4-9971-142eb1f055c2, occurrences=2
2026-03-01 00:05:48 |     INFO | MarketingAdvantageAI | [Dedup L1+L3] Cross-file duplicate: hash=ed3140878cad..., occurrences=2
2026-03-01 00:05:48 |     INFO | MarketingAdvantageAI | [Dedup Layer 3] Found in GCI: id=9f0d7f9c-5aac-4123-a509-5b8b6cccb9a5, occurrences=2
2026-03-01 00:05:48 |     INFO | MarketingAdvantageAI | [Dedup L1+L3] Cross-file duplicate: hash=cfb045ad0c39..., occurrences=2
2026-03-01 00:05:48 |     INFO | MarketingAdvantageAI | [Dedup Layer 3] Found in GCI: id=b66627ee-8e61-4e72-aa27-e173ee171cb3, occurrences=2
2026-03-01 00:05:48 |     INFO | MarketingAdvantageAI | [Dedup L1+L3] Cross-file duplicate: hash=f78fcae67d4a..., occurrences=2
2026-03-01 00:05:48 |     INFO | MarketingAdvantageAI | [Dedup Engine] Complete: 0 unique, 17 duplicates (100.00% reduction) | L1: 0, L2: 0, L3: 17
2026-03-01 00:05:48 |     INFO | MarketingAdvantageAI | [IngestionV2] Dedup complete for 00626aac-061d-462c-8ed0-6d6c422a9167: 0 unique, 17 duplicates, 100.00% reduction [L1=0, L2=0, L3=17]
2026-03-01 00:05:48 |     INFO | MarketingAdvantageAI | [IngestionV2] Inserted 17 chunks into DB
2026-03-01 00:05:48 |     INFO | MarketingAdvantageAI | [IngestionV2] Inserted 17 chunks: 0 unique, 17 duplicates
2026-03-01 00:05:48 |     INFO | MarketingAdvantageAI | [IngestionV2] Calling _embed_and_store for 00626aac-061d-462c-8ed0-6d6c422a9167 with 17 chunks
2026-03-01 00:06:39 |     INFO | MarketingAdvantageAI | [AgenticValidation] Processing 17 chunks...
2026-03-01 00:06:39 |  WARNING | MarketingAdvantageAI | [AgenticValidation] Quality warnings for db8f643f-7813-493c-86e9-3b67a1e8ed12: below_minimum_quality
2026-03-01 00:06:39 |  WARNING | MarketingAdvantageAI | [AgenticValidation] Quality warnings for c9e1eb40-539a-4278-b9b3-a4bb7f932c5c: below_minimum_quality
2026-03-01 00:06:39 |  WARNING | MarketingAdvantageAI | [AgenticValidation] Quality warnings for ba2a4b88-225e-4807-8550-d97c79ba3837: below_minimum_quality
2026-03-01 00:06:39 |  WARNING | MarketingAdvantageAI | [AgenticValidation] Quality warnings for f375889a-edce-40ed-9838-d627fc956741: below_minimum_quality
2026-03-01 00:06:39 |  WARNING | MarketingAdvantageAI | [AgenticValidation] Quality warnings for 0c3d50ea-2849-4631-a2c4-5957bd2836f2: below_minimum_quality
2026-03-01 00:06:39 |  WARNING | MarketingAdvantageAI | [AgenticValidation] Quality warnings for 26b436c6-03da-48ac-8171-c13ead0cac0f: below_minimum_quality
2026-03-01 00:06:39 |  WARNING | MarketingAdvantageAI | [AgenticValidation] Quality warnings for 15ba77a0-e584-4b9d-baf1-a1d244a31b53: below_minimum_quality
2026-03-01 00:06:39 |  WARNING | MarketingAdvantageAI | [AgenticValidation] Quality warnings for fa138bd3-ba56-46ce-a879-c696497a1721: below_minimum_quality
2026-03-01 00:06:39 |  WARNING | MarketingAdvantageAI | [AgenticValidation] Quality warnings for 406089fd-85ca-48d2-9f7f-74d5cf72273e: below_minimum_quality
2026-03-01 00:06:39 |  WARNING | MarketingAdvantageAI | [AgenticValidation] Quality warnings for 6cdc7c41-4282-4650-b38c-6238443783c5: below_minimum_quality
2026-03-01 00:06:39 |  WARNING | MarketingAdvantageAI | [AgenticValidation] Quality warnings for f3feb1ad-8bcd-4746-a872-f569d96a7dc0: below_minimum_quality
2026-03-01 00:06:39 |  WARNING | MarketingAdvantageAI | [AgenticValidation] Quality warnings for b9238a0d-890b-48dc-ac9d-e53229182a7f: below_minimum_quality
2026-03-01 00:06:39 |  WARNING | MarketingAdvantageAI | [AgenticValidation] Quality warnings for c5e12ef4-5209-4abc-8fbe-b4ab7c1a51b2: below_minimum_quality
2026-03-01 00:06:39 |  WARNING | MarketingAdvantageAI | [AgenticValidation] Quality warnings for c95d2eea-480d-4901-8650-17a3bb20d33c: below_minimum_quality
2026-03-01 00:06:39 |  WARNING | MarketingAdvantageAI | [AgenticValidation] Quality warnings for 0bf7ecc4-86e1-409b-9853-529606d9cb9d: below_minimum_quality
2026-03-01 00:06:39 |  WARNING | MarketingAdvantageAI | [AgenticValidation] Quality warnings for 16aadfe6-b49e-43e8-8239-875979c8b273: below_minimum_quality
2026-03-01 00:06:39 |  WARNING | MarketingAdvantageAI | [AgenticValidation] Quality warnings for 26eb957b-f64f-40df-b0ae-cae4c4bfa365: below_minimum_quality
2026-03-01 00:06:39 |     INFO | MarketingAdvantageAI | [AgenticValidation] ✅ Complete: 17 succeeded, 0 failed in 108.21ms
2026-03-01 00:06:39 |     INFO | MarketingAdvantageAI | [agentic_validation] ✅ Run complete | processed=17 | duration=110ms
2026-03-01 00:07:39 |     INFO | MarketingAdvantageAI | [AgenticValidation] No rows pending validation.
2026-03-01 00:07:39 |     INFO | MarketingAdvantageAI | [agentic_validation] ✅ Run complete | processed=0 | duration=12ms
2026-03-01 00:07:41 |     INFO | MarketingAdvantageAI | [ConflictEngine] Processing 30 chunks...
2026-03-01 00:07:41 |    ERROR | MarketingAdvantageAI | [conflict_detection] ❌ Run failed | error=An instance of Chroma already exists for ./chroma_db with different settings | consecutive_failures=2
2026-03-01 00:07:54 |     INFO | MarketingAdvantageAI | [IngestionV2] ✅ Batch 1: 17 vectors via chroma
2026-03-01 00:07:54 |     INFO | MarketingAdvantageAI | [IngestionV2] Stored 17 new vectors via chroma for 00626aac-061d-462c-8ed0-6d6c422a9167
2026-03-01 00:07:54 |     INFO | MarketingAdvantageAI | [IngestionV2] File 00626aac-061d-462c-8ed0-6d6c422a9167 → status=processed, chunks=0/17, dedup=100.00%
2026-03-01 00:07:54 |     INFO | MarketingAdvantageAI | [IngestionV2] Pipeline complete for 00626aac-061d-462c-8ed0-6d6c422a9167: 0/17 chunks stored (100.00% deduplication)
2026-03-01 00:07:54 |     INFO | MarketingAdvantageAI | [VideoIngestorV1] ✅ Completed premium video ingestion: 00626aac-061d-462c-8ed0-6d6c422a9167
2026-03-01 00:07:54 |     INFO | MarketingAdvantageAI | [MediaHook] ✅ Video ingested successfully: 12 scenes analyzed, text quality: premium
2026-03-01 00:07:54 |     INFO | MarketingAdvantageAI | [WatcherIngestorV2] ✅ Auto-ingested video → f7c17ee1-c874-4db5-a0be-4211afb2af49_The Complete Guide to Startups - introvertedmadness (240p, h264, youtube).mp4 (12 scenes, premium quality)
2026-03-01 00:07:54 |     INFO | MarketingAdvantageAI | [WatcherIngestorV2] 📦 Moved to processed → C:\ProjectK\MarketingAdvantage_AI_v1\./static/uploads/manual\_processed\f7c17ee1-c874-4db5-a0be-4211afb2af49_The Complete Guide to Startups - introvertedmadness (240p, h264, youtube).mp4
2026-03-01 00:08:31 |     INFO | MarketingAdvantageAI | [TemporalRevalidation] Processing 17 chunks...
2026-03-01 00:08:31 |     INFO | MarketingAdvantageAI | [TemporalRevalidation] ✅ Processed 17 chunks, 0 flagged as stale in 23.83ms
2026-03-01 00:08:31 |     INFO | MarketingAdvantageAI | [temporal_revalidation] ✅ Run complete | processed=17 | duration=26ms
2026-03-01 00:08:39 |     INFO | MarketingAdvantageAI | [AgenticValidation] No rows pending validation.
2026-03-01 00:08:39 |     INFO | MarketingAdvantageAI | [agentic_validation] ✅ Run complete | processed=0 | duration=6ms
2026-03-01 00:09:39 |     INFO | MarketingAdvantageAI | [AgenticValidation] No rows pending validation.
2026-03-01 00:09:39 |     INFO | MarketingAdvantageAI | [agentic_validation] ✅ Run complete | processed=0 | duration=9ms
2026-03-01 00:09:41 |     INFO | MarketingAdvantageAI | [ConflictEngine] Processing 30 chunks...
2026-03-01 00:09:41 |    ERROR | MarketingAdvantageAI | [conflict_detection] ❌ Run failed | error=An instance of Chroma already exists for ./chroma_db with different settings | consecutive_failures=3
2026-03-01 00:10:39 |  WARNING | MarketingAdvantageAI | [HealthMonitor] Unhealthy workers detected: conflict_detection (3 consecutive failures)
2026-03-01 00:10:39 |     INFO | MarketingAdvantageAI | [AgenticValidation] No rows pending validation.
2026-03-01 00:10:39 |     INFO | MarketingAdvantageAI | [agentic_validation] ✅ Run complete | processed=0 | duration=9ms
2026-03-01 00:11:38 |  WARNING | MarketingAdvantageAI | [HealthMonitor] Unhealthy workers detected: conflict_detection (3 consecutive failures)
2026-03-01 00:11:39 |     INFO | MarketingAdvantageAI | [AgenticValidation] No rows pending validation.
2026-03-01 00:11:39 |     INFO | MarketingAdvantageAI | [agentic_validation] ✅ Run complete | processed=0 | duration=9ms
2026-03-01 00:11:41 |     INFO | MarketingAdvantageAI | [ConflictEngine] Processing 30 chunks...
2026-03-01 00:11:41 |    ERROR | MarketingAdvantageAI | [conflict_detection] ❌ Run failed | error=An instance of Chroma already exists for ./chroma_db with different settings | consecutive_failures=4
2026-03-01 00:12:39 |  WARNING | MarketingAdvantageAI | [HealthMonitor] Unhealthy workers detected: conflict_detection (4 consecutive failures)
2026-03-01 00:12:39 |     INFO | MarketingAdvantageAI | [AgenticValidation] No rows pending validation.
2026-03-01 00:12:39 |     INFO | MarketingAdvantageAI | [agentic_validation] ✅ Run complete | processed=0 | duration=8ms
2026-03-01 00:13:31 |     INFO | MarketingAdvantageAI | [TemporalRevalidation] No rows pending temporal review.
2026-03-01 00:13:31 |     INFO | MarketingAdvantageAI | [temporal_revalidation] ✅ Run complete | processed=0 | duration=11ms
2026-03-01 00:13:39 |  WARNING | MarketingAdvantageAI | [HealthMonitor] Unhealthy workers detected: conflict_detection (4 consecutive failures)
2026-03-01 00:13:39 |     INFO | MarketingAdvantageAI | [AgenticValidation] No rows pending validation.
2026-03-01 00:13:39 |     INFO | MarketingAdvantageAI | [agentic_validation] ✅ Run complete | processed=0 | duration=7ms
2026-03-01 00:13:41 |     INFO | MarketingAdvantageAI | [ConflictEngine] Processing 30 chunks...
2026-03-01 00:13:41 |    ERROR | MarketingAdvantageAI | [conflict_detection] ❌ Run failed | error=An instance of Chroma already exists for ./chroma_db with different settings | consecutive_failures=5
2026-03-01 00:13:41 |    ERROR | MarketingAdvantageAI | [conflict_detection] Reached max consecutive failures (5), worker may need attention
2026-03-01 00:14:39 |  WARNING | MarketingAdvantageAI | [HealthMonitor] Unhealthy workers detected: conflict_detection (5 consecutive failures)
2026-03-01 00:14:39 |     INFO | MarketingAdvantageAI | [AgenticValidation] No rows pending validation.
2026-03-01 00:14:39 |     INFO | MarketingAdvantageAI | [agentic_validation] ✅ Run complete | processed=0 | duration=8ms
2026-03-01 00:15:39 |  WARNING | MarketingAdvantageAI | [HealthMonitor] Unhealthy workers detected: conflict_detection (5 consecutive failures)
2026-03-01 00:15:39 |     INFO | MarketingAdvantageAI | [AgenticValidation] No rows pending validation.
2026-03-01 00:15:39 |     INFO | MarketingAdvantageAI | [agentic_validation] ✅ Run complete | processed=0 | duration=7ms
2026-03-01 00:15:41 |     INFO | MarketingAdvantageAI | [ConflictEngine] Processing 30 chunks...
2026-03-01 00:15:41 |    ERROR | MarketingAdvantageAI | [conflict_detection] ❌ Run failed | error=An instance of Chroma already exists for ./chroma_db with different settings | consecutive_failures=6
2026-03-01 00:15:41 |    ERROR | MarketingAdvantageAI | [conflict_detection] Reached max consecutive failures (5), worker may need attention
2026-03-01 00:16:39 |  WARNING | MarketingAdvantageAI | [HealthMonitor] Unhealthy workers detected: conflict_detection (6 consecutive failures)
2026-03-01 00:16:39 |     INFO | MarketingAdvantageAI | [AgenticValidation] No rows pending validation.
2026-03-01 00:16:39 |     INFO | MarketingAdvantageAI | [agentic_validation] ✅ Run complete | processed=0 | duration=14ms
2026-03-01 00:17:39 |  WARNING | MarketingAdvantageAI | [HealthMonitor] Unhealthy workers detected: conflict_detection (6 consecutive failures)
2026-03-01 00:17:39 |     INFO | MarketingAdvantageAI | [AgenticValidation] No rows pending validation.
2026-03-01 00:17:39 |     INFO | MarketingAdvantageAI | [agentic_validation] ✅ Run complete | processed=0 | duration=8ms
2026-03-01 00:17:41 |     INFO | MarketingAdvantageAI | [ConflictEngine] Processing 30 chunks...
2026-03-01 00:17:41 |    ERROR | MarketingAdvantageAI | [conflict_detection] ❌ Run failed | error=An instance of Chroma already exists for ./chroma_db with different settings | consecutive_failures=7
2026-03-01 00:17:41 |    ERROR | MarketingAdvantageAI | [conflict_detection] Reached max consecutive failures (5), worker may need attention
2026-03-01 00:18:31 |     INFO | MarketingAdvantageAI | [TemporalRevalidation] No rows pending temporal review.
2026-03-01 00:18:31 |     INFO | MarketingAdvantageAI | [temporal_revalidation] ✅ Run complete | processed=0 | duration=16ms
2026-03-01 00:18:39 |  WARNING | MarketingAdvantageAI | [HealthMonitor] Unhealthy workers detected: conflict_detection (7 consecutive failures)
2026-03-01 00:18:39 |     INFO | MarketingAdvantageAI | [AgenticValidation] No rows pending validation.
2026-03-01 00:18:39 |     INFO | MarketingAdvantageAI | [agentic_validation] ✅ Run complete | processed=0 | duration=7ms
2026-03-01 00:19:39 |  WARNING | MarketingAdvantageAI | [HealthMonitor] Unhealthy workers detected: conflict_detection (7 consecutive failures)
2026-03-01 00:19:39 |     INFO | MarketingAdvantageAI | [AgenticValidation] No rows pending validation.
2026-03-01 00:19:39 |     INFO | MarketingAdvantageAI | [agentic_validation] ✅ Run complete | processed=0 | duration=7ms
2026-03-01 00:19:41 |     INFO | MarketingAdvantageAI | [ConflictEngine] No rows pending conflict analysis.
2026-03-01 00:19:41 |     INFO | MarketingAdvantageAI | [conflict_detection] ✅ Run complete | processed=0 | duration=8ms
2026-03-01 00:20:39 |     INFO | MarketingAdvantageAI | [AgenticValidation] No rows pending validation.
2026-03-01 00:20:39 |     INFO | MarketingAdvantageAI | [agentic_validation] ✅ Run complete | processed=0 | duration=6ms
2026-03-01 00:21:12 |     INFO | MarketingAdvantageAI | [Scheduler] Initiating graceful shutdown...
2026-03-01 00:21:12 |     INFO | MarketingAdvantageAI | [temporal_revalidation] Worker stopped
2026-03-01 00:21:12 |     INFO | MarketingAdvantageAI | [conflict_detection] Worker stopped
2026-03-01 00:21:12 |     INFO | MarketingAdvantageAI | [HealthMonitor] Health monitor stopped
2026-03-01 00:21:12 |     INFO | MarketingAdvantageAI | [agentic_validation] Worker stopped
2026-03-01 00:21:12 |     INFO | MarketingAdvantageAI | [Scheduler] All tasks completed gracefully
2026-03-01 00:21:12 |     INFO | MarketingAdvantageAI | [Scheduler] Scheduler stopped
2026-03-01 00:21:25 |     INFO | MarketingAdvantageAI | [WatcherIngestorV2] Background watcher started with FastAPI server.
2026-03-01 00:21:25 |     INFO | MarketingAdvantageAI | [Scheduler] Starting validation scheduler | validation_interval=60s | conflict_interval=120s | temporal_interval=300s
2026-03-01 00:21:25 |     INFO | MarketingAdvantageAI | [Scheduler] Started 4 background tasks (validation: True, conflict: True, temporal: True)
2026-03-01 00:21:25 |     INFO | MarketingAdvantageAI | [WatcherIngestorV2] 👀 Watching folder: C:\ProjectK\MarketingAdvantage_AI_v1\static\uploads\manual
2026-03-01 00:21:25 |     INFO | MarketingAdvantageAI | [agentic_validation] Worker started
2026-03-01 00:21:25 |     INFO | MarketingAdvantageAI | [conflict_detection] Worker started
2026-03-01 00:21:25 |     INFO | MarketingAdvantageAI | [temporal_revalidation] Worker started
2026-03-01 00:21:25 |     INFO | MarketingAdvantageAI | [HealthMonitor] Health monitor started
2026-03-01 00:22:25 |     INFO | MarketingAdvantageAI | [AgenticValidation] No rows pending validation.
2026-03-01 00:22:25 |     INFO | MarketingAdvantageAI | [agentic_validation] ✅ Run complete | processed=0 | duration=201ms
2026-03-01 00:23:25 |     INFO | MarketingAdvantageAI | [AgenticValidation] No rows pending validation.
2026-03-01 00:23:25 |     INFO | MarketingAdvantageAI | [agentic_validation] ✅ Run complete | processed=0 | duration=15ms
2026-03-01 00:23:35 |     INFO | MarketingAdvantageAI | [ConflictEngine] No rows pending conflict analysis.
2026-03-01 00:23:35 |     INFO | MarketingAdvantageAI | [conflict_detection] ✅ Run complete | processed=0 | duration=12ms
2026-03-01 00:24:25 |     INFO | MarketingAdvantageAI | [AgenticValidation] No rows pending validation.
2026-03-01 00:24:25 |     INFO | MarketingAdvantageAI | [agentic_validation] ✅ Run complete | processed=0 | duration=8ms
2026-03-01 00:25:06 |     INFO | MarketingAdvantageAI | [Scheduler] Initiating graceful shutdown...
2026-03-01 00:25:06 |     INFO | MarketingAdvantageAI | [temporal_revalidation] Worker stopped
2026-03-01 00:25:06 |     INFO | MarketingAdvantageAI | [conflict_detection] Worker stopped
2026-03-01 00:25:06 |     INFO | MarketingAdvantageAI | [HealthMonitor] Health monitor stopped
2026-03-01 00:25:06 |     INFO | MarketingAdvantageAI | [agentic_validation] Worker stopped
2026-03-01 00:25:06 |     INFO | MarketingAdvantageAI | [Scheduler] All tasks completed gracefully
2026-03-01 00:25:06 |     INFO | MarketingAdvantageAI | [Scheduler] Scheduler stopped
2026-03-01 00:25:15 |     INFO | MarketingAdvantageAI | [WatcherIngestorV2] Background watcher started with FastAPI server.
2026-03-01 00:25:15 |     INFO | MarketingAdvantageAI | [Scheduler] Starting validation scheduler | validation_interval=60s | conflict_interval=120s | temporal_interval=300s
2026-03-01 00:25:15 |     INFO | MarketingAdvantageAI | [Scheduler] Started 4 background tasks (validation: True, conflict: True, temporal: True)
2026-03-01 00:25:15 |     INFO | MarketingAdvantageAI | [WatcherIngestorV2] 👀 Watching folder: C:\ProjectK\MarketingAdvantage_AI_v1\static\uploads\manual
2026-03-01 00:25:15 |     INFO | MarketingAdvantageAI | [agentic_validation] Worker started
2026-03-01 00:25:15 |     INFO | MarketingAdvantageAI | [conflict_detection] Worker started
2026-03-01 00:25:15 |     INFO | MarketingAdvantageAI | [temporal_revalidation] Worker started
2026-03-01 00:25:15 |     INFO | MarketingAdvantageAI | [HealthMonitor] Health monitor started
2026-03-01 00:26:15 |     INFO | MarketingAdvantageAI | [AgenticValidation] No rows pending validation.
2026-03-01 00:26:15 |     INFO | MarketingAdvantageAI | [agentic_validation] ✅ Run complete | processed=0 | duration=197ms
2026-03-01 00:27:15 |     INFO | MarketingAdvantageAI | [AgenticValidation] No rows pending validation.
2026-03-01 00:27:15 |     INFO | MarketingAdvantageAI | [agentic_validation] ✅ Run complete | processed=0 | duration=10ms
2026-03-01 00:27:25 |     INFO | MarketingAdvantageAI | [ConflictEngine] No rows pending conflict analysis.
2026-03-01 00:27:25 |     INFO | MarketingAdvantageAI | [conflict_detection] ✅ Run complete | processed=0 | duration=12ms
2026-03-01 00:28:15 |     INFO | MarketingAdvantageAI | [AgenticValidation] No rows pending validation.
2026-03-01 00:28:15 |     INFO | MarketingAdvantageAI | [agentic_validation] ✅ Run complete | processed=0 | duration=6ms
2026-03-01 00:29:15 |     INFO | MarketingAdvantageAI | [AgenticValidation] No rows pending validation.
2026-03-01 00:29:15 |     INFO | MarketingAdvantageAI | [agentic_validation] ✅ Run complete | processed=0 | duration=8ms
2026-03-01 00:29:25 |     INFO | MarketingAdvantageAI | [ConflictEngine] No rows pending conflict analysis.
2026-03-01 00:29:25 |     INFO | MarketingAdvantageAI | [conflict_detection] ✅ Run complete | processed=0 | duration=7ms
2026-03-01 00:30:15 |     INFO | MarketingAdvantageAI | [TemporalRevalidation] No rows pending temporal review.
2026-03-01 00:30:15 |     INFO | MarketingAdvantageAI | [temporal_revalidation] ✅ Run complete | processed=0 | duration=12ms
2026-03-01 00:30:15 |     INFO | MarketingAdvantageAI | [AgenticValidation] No rows pending validation.
2026-03-01 00:30:15 |     INFO | MarketingAdvantageAI | [agentic_validation] ✅ Run complete | processed=0 | duration=6ms
2026-03-01 00:31:15 |     INFO | MarketingAdvantageAI | [AgenticValidation] No rows pending validation.
2026-03-01 00:31:15 |     INFO | MarketingAdvantageAI | [agentic_validation] ✅ Run complete | processed=0 | duration=8ms
2026-03-01 00:31:25 |     INFO | MarketingAdvantageAI | [ConflictEngine] No rows pending conflict analysis.
2026-03-01 00:31:25 |     INFO | MarketingAdvantageAI | [conflict_detection] ✅ Run complete | processed=0 | duration=7ms
2026-03-01 00:32:15 |     INFO | MarketingAdvantageAI | [AgenticValidation] No rows pending validation.
2026-03-01 00:32:15 |     INFO | MarketingAdvantageAI | [agentic_validation] ✅ Run complete | processed=0 | duration=7ms
2026-03-01 00:33:15 |     INFO | MarketingAdvantageAI | [AgenticValidation] No rows pending validation.
2026-03-01 00:33:15 |     INFO | MarketingAdvantageAI | [agentic_validation] ✅ Run complete | processed=0 | duration=8ms
2026-03-01 00:33:25 |     INFO | MarketingAdvantageAI | [ConflictEngine] No rows pending conflict analysis.
2026-03-01 00:33:25 |     INFO | MarketingAdvantageAI | [conflict_detection] ✅ Run complete | processed=0 | duration=6ms
2026-03-01 00:34:15 |     INFO | MarketingAdvantageAI | [AgenticValidation] No rows pending validation.
2026-03-01 00:34:15 |     INFO | MarketingAdvantageAI | [agentic_validation] ✅ Run complete | processed=0 | duration=7ms
2026-03-01 00:35:15 |     INFO | MarketingAdvantageAI | [TemporalRevalidation] No rows pending temporal review.
2026-03-01 00:35:15 |     INFO | MarketingAdvantageAI | [temporal_revalidation] ✅ Run complete | processed=0 | duration=8ms
2026-03-01 00:35:15 |     INFO | MarketingAdvantageAI | [AgenticValidation] No rows pending validation.
2026-03-01 00:35:15 |     INFO | MarketingAdvantageAI | [agentic_validation] ✅ Run complete | processed=0 | duration=7ms
2026-03-01 00:35:25 |     INFO | MarketingAdvantageAI | [ConflictEngine] No rows pending conflict analysis.
2026-03-01 00:35:25 |     INFO | MarketingAdvantageAI | [conflict_detection] ✅ Run complete | processed=0 | duration=7ms
2026-03-01 00:36:15 |     INFO | MarketingAdvantageAI | [AgenticValidation] No rows pending validation.
2026-03-01 00:36:15 |     INFO | MarketingAdvantageAI | [agentic_validation] ✅ Run complete | processed=0 | duration=6ms
2026-03-01 00:36:38 |     INFO | MarketingAdvantageAI | [Scheduler] Initiating graceful shutdown...
2026-03-01 00:36:38 |     INFO | MarketingAdvantageAI | [temporal_revalidation] Worker stopped
2026-03-01 00:36:38 |     INFO | MarketingAdvantageAI | [conflict_detection] Worker stopped
2026-03-01 00:36:38 |     INFO | MarketingAdvantageAI | [HealthMonitor] Health monitor stopped
2026-03-01 00:36:38 |     INFO | MarketingAdvantageAI | [agentic_validation] Worker stopped
2026-03-01 00:36:38 |     INFO | MarketingAdvantageAI | [Scheduler] All tasks completed gracefully
2026-03-01 00:36:38 |     INFO | MarketingAdvantageAI | [Scheduler] Scheduler stopped
2026-03-01 00:36:49 |     INFO | MarketingAdvantageAI | [WatcherIngestorV2] Background watcher started with FastAPI server.
2026-03-01 00:36:49 |     INFO | MarketingAdvantageAI | [Scheduler] Starting validation scheduler | validation_interval=60s | conflict_interval=120s | temporal_interval=300s
2026-03-01 00:36:49 |     INFO | MarketingAdvantageAI | [Scheduler] Started 4 background tasks (validation: True, conflict: True, temporal: True)
2026-03-01 00:36:49 |     INFO | MarketingAdvantageAI | [WatcherIngestorV2] 👀 Watching folder: C:\ProjectK\MarketingAdvantage_AI_v1\static\uploads\manual
2026-03-01 00:36:49 |     INFO | MarketingAdvantageAI | [agentic_validation] Worker started
2026-03-01 00:36:49 |     INFO | MarketingAdvantageAI | [conflict_detection] Worker started
2026-03-01 00:36:49 |     INFO | MarketingAdvantageAI | [temporal_revalidation] Worker started
2026-03-01 00:36:49 |     INFO | MarketingAdvantageAI | [HealthMonitor] Health monitor started
2026-03-01 00:37:40 |     INFO | MarketingAdvantageAI | [ChromaCleanup] Starting full ChromaDB cleanup...
2026-03-01 00:37:40 |     INFO | MarketingAdvantageAI | [ChromaCleanup] Connecting to Chroma at ./chroma_db...
2026-03-01 00:37:41 |     INFO | MarketingAdvantageAI | [ChromaCleanup] Found collection 'ingested_content'. Deleting...
2026-03-01 00:37:41 |     INFO | MarketingAdvantageAI | [ChromaCleanup] ✅ Deleted collection 'ingested_content'.
2026-03-01 00:37:41 |     INFO | MarketingAdvantageAI | [ChromaCleanup] ✅ Recreated empty 'ingested_content' collection.
2026-03-01 00:37:41 |     INFO | MarketingAdvantageAI | [ChromaCleanup] ✅ Cleanup complete.
2026-03-01 00:37:49 |     INFO | MarketingAdvantageAI | [AgenticValidation] No rows pending validation.
2026-03-01 00:37:49 |     INFO | MarketingAdvantageAI | [agentic_validation] ✅ Run complete | processed=0 | duration=157ms
2026-03-01 00:38:49 |     INFO | MarketingAdvantageAI | [AgenticValidation] No rows pending validation.
2026-03-01 00:38:49 |     INFO | MarketingAdvantageAI | [agentic_validation] ✅ Run complete | processed=0 | duration=11ms
2026-03-01 00:38:59 |     INFO | MarketingAdvantageAI | [ConflictEngine] No rows pending conflict analysis.
2026-03-01 00:38:59 |     INFO | MarketingAdvantageAI | [conflict_detection] ✅ Run complete | processed=0 | duration=12ms
2026-03-01 00:39:49 |     INFO | MarketingAdvantageAI | [AgenticValidation] No rows pending validation.
2026-03-01 00:39:49 |     INFO | MarketingAdvantageAI | [agentic_validation] ✅ Run complete | processed=0 | duration=7ms
2026-03-01 00:40:49 |     INFO | MarketingAdvantageAI | [WatcherIngestorV2] 🎬 Detected video file → f7c17ee1-c874-4db5-a0be-4211afb2af49_The Complete Guide to Startups - introvertedmadness (240p, h264, youtube).mp4
2026-03-01 00:40:49 |     INFO | MarketingAdvantageAI | [MediaHook] Handling media for file: C:\ProjectK\MarketingAdvantage_AI_v1\./static/uploads/manual\f7c17ee1-c874-4db5-a0be-4211afb2af49_The Complete Guide to Startups - introvertedmadness (240p, h264, youtube).mp4
2026-03-01 00:40:49 |     INFO | MarketingAdvantageAI | [MediaHook] Routing standalone video (premium quality)
2026-03-01 00:40:49 |     INFO | MarketingAdvantageAI | [VideoIngestorV1] 🎬 Processing video: C:\ProjectK\MarketingAdvantage_AI_v1\./static/uploads/manual\f7c17ee1-c874-4db5-a0be-4211afb2af49_The Complete Guide to Startups - introvertedmadness (240p, h264, youtube).mp4
2026-03-01 00:40:49 |     INFO | MarketingAdvantageAI | [MediaHash] Video hash computed: 2a359d7f4b99... (4 keyframes)
2026-03-01 00:40:49 |     INFO | MarketingAdvantageAI | [VideoIngestorV1] ✅ Unique video confirmed
2026-03-01 00:40:49 |     INFO | MarketingAdvantageAI | [VideoIngestorV1] Video size: 8.79MB
2026-03-01 00:40:49 |     INFO | MarketingAdvantageAI | [AgenticValidation] No rows pending validation.
2026-03-01 00:40:49 |     INFO | MarketingAdvantageAI | [agentic_validation] ✅ Run complete | processed=0 | duration=162ms
2026-03-01 00:40:52 |     INFO | MarketingAdvantageAI | [VideoIngestorV1] Analyzed 12 scenes (premium)
2026-03-01 00:40:58 |     INFO | MarketingAdvantageAI | [VideoIngestorV1] Loading Whisper model (singleton)
2026-03-01 00:41:06 |     INFO | MarketingAdvantageAI | [ConflictEngine] No rows pending conflict analysis.
2026-03-01 00:41:06 |     INFO | MarketingAdvantageAI | [conflict_detection] ✅ Run complete | processed=0 | duration=9ms
2026-03-01 00:41:49 |     INFO | MarketingAdvantageAI | [TemporalRevalidation] No rows pending temporal review.
2026-03-01 00:41:49 |     INFO | MarketingAdvantageAI | [temporal_revalidation] ✅ Run complete | processed=0 | duration=11ms
2026-03-01 00:41:49 |     INFO | MarketingAdvantageAI | [AgenticValidation] No rows pending validation.
2026-03-01 00:41:49 |     INFO | MarketingAdvantageAI | [agentic_validation] ✅ Run complete | processed=0 | duration=26ms
2026-03-01 00:42:27 |     INFO | MarketingAdvantageAI | [VideoIngestorV1] Audio: 7693→7671 chars (enhanced)
2026-03-01 00:42:27 |     INFO | MarketingAdvantageAI | [segmenter_v2] Added/Updated GCI entry a4f420fd...)
2026-03-01 00:42:27 |     INFO | MarketingAdvantageAI | [segmenter_v2] Added/Updated GCI entry e7b98972...)
2026-03-01 00:42:27 |     INFO | MarketingAdvantageAI | [segmenter_v2] Added/Updated GCI entry 399e381f...)
2026-03-01 00:42:27 |     INFO | MarketingAdvantageAI | [segmenter_v2] Added/Updated GCI entry 5b7102dd...)
2026-03-01 00:42:27 |     INFO | MarketingAdvantageAI | [segmenter_v2] Added/Updated GCI entry 6f8581aa...)
2026-03-01 00:42:27 |     INFO | MarketingAdvantageAI | [segmenter_v2] Added/Updated GCI entry a15d5a9f...)
2026-03-01 00:42:27 |     INFO | MarketingAdvantageAI | [segmenter_v2] Added/Updated GCI entry 96e20486...)
2026-03-01 00:42:27 |     INFO | MarketingAdvantageAI | [segmenter_v2] Added/Updated GCI entry c6f52f5d...)
2026-03-01 00:42:27 |     INFO | MarketingAdvantageAI | [segmenter_v2] Added/Updated GCI entry 33af65a9...)
2026-03-01 00:42:27 |     INFO | MarketingAdvantageAI | [segmenter_v2] Added/Updated GCI entry 2242d79f...)
2026-03-01 00:42:28 |     INFO | MarketingAdvantageAI | [segmenter_v2] Added/Updated GCI entry 07928d9b...)
2026-03-01 00:42:28 |     INFO | MarketingAdvantageAI | [segmenter_v2] Added/Updated GCI entry 9c533cd7...)
2026-03-01 00:42:28 |     INFO | MarketingAdvantageAI | [segmenter_v2] Added/Updated GCI entry 5f0c0c15...)
2026-03-01 00:42:28 |     INFO | MarketingAdvantageAI | [segmenter_v2] Added/Updated GCI entry bcda76ec...)
2026-03-01 00:42:28 |     INFO | MarketingAdvantageAI | [segmenter_v2] Added/Updated GCI entry 9b0f79d3...)
2026-03-01 00:42:28 |     INFO | MarketingAdvantageAI | [segmenter_v2] Added/Updated GCI entry caace5df...)
2026-03-01 00:42:28 |     INFO | MarketingAdvantageAI | [segmenter_v2] Added/Updated GCI entry 20b234ac...)
2026-03-01 00:42:28 |     INFO | MarketingAdvantageAI | [Dedup Engine] Starting 3-layer dedup for 17 chunks
2026-03-01 00:42:28 |     INFO | MarketingAdvantageAI | [Dedup Layer 3] Found in GCI: id=a4f420fd-1bfd-4c16-b83b-d1997c56f9c7, occurrences=2
2026-03-01 00:42:28 |     INFO | MarketingAdvantageAI | [Dedup L1+L3] Cross-file duplicate: hash=ec5e184ec266..., occurrences=2
2026-03-01 00:42:28 |     INFO | MarketingAdvantageAI | [Dedup Layer 3] Found in GCI: id=e7b98972-2fbc-4539-a173-f76546a5d0dc, occurrences=2
2026-03-01 00:42:28 |     INFO | MarketingAdvantageAI | [Dedup L1+L3] Cross-file duplicate: hash=7098c3b19f55..., occurrences=2
2026-03-01 00:42:28 |     INFO | MarketingAdvantageAI | [Dedup Layer 3] Found in GCI: id=399e381f-3d61-421c-a152-817022d77056, occurrences=2
2026-03-01 00:42:28 |     INFO | MarketingAdvantageAI | [Dedup L1+L3] Cross-file duplicate: hash=6148334e69cf..., occurrences=2
2026-03-01 00:42:28 |     INFO | MarketingAdvantageAI | [Dedup Layer 3] Found in GCI: id=5b7102dd-b977-4a65-aa2e-fd82b52a1550, occurrences=2
2026-03-01 00:42:28 |     INFO | MarketingAdvantageAI | [Dedup L1+L3] Cross-file duplicate: hash=9b89fad00c8d..., occurrences=2
2026-03-01 00:42:28 |     INFO | MarketingAdvantageAI | [Dedup Layer 3] Found in GCI: id=6f8581aa-6710-4a61-a9eb-a9793665cec0, occurrences=2
2026-03-01 00:42:28 |     INFO | MarketingAdvantageAI | [Dedup L1+L3] Cross-file duplicate: hash=a610fd6eeaff..., occurrences=2
2026-03-01 00:42:28 |     INFO | MarketingAdvantageAI | [Dedup Layer 3] Found in GCI: id=a15d5a9f-6272-42e3-8e40-9c96cbb0696e, occurrences=2
2026-03-01 00:42:28 |     INFO | MarketingAdvantageAI | [Dedup L1+L3] Cross-file duplicate: hash=643d8ff8d199..., occurrences=2
2026-03-01 00:42:28 |     INFO | MarketingAdvantageAI | [Dedup Layer 3] Found in GCI: id=96e20486-3513-40b1-a32b-c9285d3e5e22, occurrences=2
2026-03-01 00:42:28 |     INFO | MarketingAdvantageAI | [Dedup L1+L3] Cross-file duplicate: hash=c1a629041365..., occurrences=2
2026-03-01 00:42:28 |     INFO | MarketingAdvantageAI | [Dedup Layer 3] Found in GCI: id=c6f52f5d-16a5-4e51-a820-f4362beca894, occurrences=2
2026-03-01 00:42:28 |     INFO | MarketingAdvantageAI | [Dedup L1+L3] Cross-file duplicate: hash=3d5ee116b624..., occurrences=2
2026-03-01 00:42:28 |     INFO | MarketingAdvantageAI | [Dedup Layer 3] Found in GCI: id=33af65a9-5f8c-479d-887d-89e3f6bf96e8, occurrences=2
2026-03-01 00:42:28 |     INFO | MarketingAdvantageAI | [Dedup L1+L3] Cross-file duplicate: hash=9a4cc120a61f..., occurrences=2
2026-03-01 00:42:28 |     INFO | MarketingAdvantageAI | [Dedup Layer 3] Found in GCI: id=2242d79f-7d3d-4ca0-b9ec-14bef0da8ef2, occurrences=2
2026-03-01 00:42:28 |     INFO | MarketingAdvantageAI | [Dedup L1+L3] Cross-file duplicate: hash=8f27a4d3573d..., occurrences=2
2026-03-01 00:42:28 |     INFO | MarketingAdvantageAI | [Dedup Layer 3] Found in GCI: id=07928d9b-b1f0-460d-bde4-267632349899, occurrences=2
2026-03-01 00:42:28 |     INFO | MarketingAdvantageAI | [Dedup L1+L3] Cross-file duplicate: hash=243e944210d4..., occurrences=2
2026-03-01 00:42:28 |     INFO | MarketingAdvantageAI | [Dedup Layer 3] Found in GCI: id=9c533cd7-a684-4887-b776-76ba1ab1b5e6, occurrences=2
2026-03-01 00:42:28 |     INFO | MarketingAdvantageAI | [Dedup L1+L3] Cross-file duplicate: hash=3f1c218324d3..., occurrences=2
2026-03-01 00:42:28 |     INFO | MarketingAdvantageAI | [Dedup Layer 3] Found in GCI: id=5f0c0c15-4c4d-480e-ab09-eec53e199632, occurrences=2
2026-03-01 00:42:28 |     INFO | MarketingAdvantageAI | [Dedup L1+L3] Cross-file duplicate: hash=dcc8c6265e3c..., occurrences=2
2026-03-01 00:42:28 |     INFO | MarketingAdvantageAI | [Dedup Layer 3] Found in GCI: id=bcda76ec-1377-4e0b-b007-8346fee27f29, occurrences=2
2026-03-01 00:42:28 |     INFO | MarketingAdvantageAI | [Dedup L1+L3] Cross-file duplicate: hash=40c1846d8e9c..., occurrences=2
2026-03-01 00:42:28 |     INFO | MarketingAdvantageAI | [Dedup Layer 3] Found in GCI: id=9b0f79d3-6f89-4949-aa0e-2d51adb3cc5d, occurrences=2
2026-03-01 00:42:28 |     INFO | MarketingAdvantageAI | [Dedup L1+L3] Cross-file duplicate: hash=ed3140878cad..., occurrences=2
2026-03-01 00:42:28 |     INFO | MarketingAdvantageAI | [Dedup Layer 3] Found in GCI: id=caace5df-e7d8-4fd0-8b46-aaeed003ef2b, occurrences=2
2026-03-01 00:42:28 |     INFO | MarketingAdvantageAI | [Dedup L1+L3] Cross-file duplicate: hash=cfb045ad0c39..., occurrences=2
2026-03-01 00:42:28 |     INFO | MarketingAdvantageAI | [Dedup Layer 3] Found in GCI: id=20b234ac-2375-4a2c-baa2-6739512ddb1f, occurrences=2
2026-03-01 00:42:28 |     INFO | MarketingAdvantageAI | [Dedup L1+L3] Cross-file duplicate: hash=f78fcae67d4a..., occurrences=2
2026-03-01 00:42:28 |     INFO | MarketingAdvantageAI | [Dedup Engine] Complete: 0 unique, 17 duplicates (100.00% reduction) | L1: 0, L2: 0, L3: 17
2026-03-01 00:42:28 |     INFO | MarketingAdvantageAI | [IngestionV2] Dedup complete for a42ff003-596b-4979-8bc0-4fbab2a897b3: 0 unique, 17 duplicates, 100.00% reduction [L1=0, L2=0, L3=17]
2026-03-01 00:42:28 |     INFO | MarketingAdvantageAI | [IngestionV2] Inserted 17 chunks into DB
2026-03-01 00:42:28 |     INFO | MarketingAdvantageAI | [IngestionV2] Inserted 17 chunks: 0 unique, 17 duplicates
2026-03-01 00:42:28 |     INFO | MarketingAdvantageAI | [IngestionV2] Calling _embed_and_store for a42ff003-596b-4979-8bc0-4fbab2a897b3 with 17 chunks
2026-03-01 00:42:49 |     INFO | MarketingAdvantageAI | [AgenticValidation] Processing 17 chunks...
2026-03-01 00:42:49 |  WARNING | MarketingAdvantageAI | [AgenticValidation] Quality warnings for 7270b34d-ed08-4db9-a54c-6f822dfaf205: below_minimum_quality
2026-03-01 00:42:49 |  WARNING | MarketingAdvantageAI | [AgenticValidation] Quality warnings for d4b18927-7b92-46f1-a026-4710db74e1a0: below_minimum_quality
2026-03-01 00:42:49 |  WARNING | MarketingAdvantageAI | [AgenticValidation] Quality warnings for a811b066-7077-4261-9de9-419340c28f07: below_minimum_quality
2026-03-01 00:42:49 |  WARNING | MarketingAdvantageAI | [AgenticValidation] Quality warnings for 04c2f422-a69b-4a27-a8b2-ef92693afb7d: below_minimum_quality
2026-03-01 00:42:49 |  WARNING | MarketingAdvantageAI | [AgenticValidation] Quality warnings for 77f5cfc4-867b-4647-b312-87def979fcfd: below_minimum_quality
2026-03-01 00:42:49 |  WARNING | MarketingAdvantageAI | [AgenticValidation] Quality warnings for 89dc34c3-3a1b-456f-b498-5ac5bb191bbe: below_minimum_quality
2026-03-01 00:42:49 |  WARNING | MarketingAdvantageAI | [AgenticValidation] Quality warnings for 9ef4d6fc-100f-475d-9bd1-eea8186d2c73: below_minimum_quality
2026-03-01 00:42:49 |  WARNING | MarketingAdvantageAI | [AgenticValidation] Quality warnings for 44343565-7541-483c-9b44-49f0dd4a8b62: below_minimum_quality
2026-03-01 00:42:49 |  WARNING | MarketingAdvantageAI | [AgenticValidation] Quality warnings for c07dddc2-2c6b-4936-94e7-974e2e02c711: below_minimum_quality
2026-03-01 00:42:49 |  WARNING | MarketingAdvantageAI | [AgenticValidation] Quality warnings for 8ac0f084-5ba7-41a4-9d0b-5bfb943dad15: below_minimum_quality
2026-03-01 00:42:49 |  WARNING | MarketingAdvantageAI | [AgenticValidation] Quality warnings for 280b83f7-4cec-4775-8281-942e80cc6af3: below_minimum_quality
2026-03-01 00:42:49 |  WARNING | MarketingAdvantageAI | [AgenticValidation] Quality warnings for 7bcc7c34-626b-44e9-bd94-5f630faf508f: below_minimum_quality
2026-03-01 00:42:49 |  WARNING | MarketingAdvantageAI | [AgenticValidation] Quality warnings for 630f12d2-baee-4774-98b3-f3e3db8cd075: below_minimum_quality
2026-03-01 00:42:49 |  WARNING | MarketingAdvantageAI | [AgenticValidation] Quality warnings for 47bdb4c5-eb3a-4de0-b9da-fdd17b98c044: below_minimum_quality
2026-03-01 00:42:49 |  WARNING | MarketingAdvantageAI | [AgenticValidation] Quality warnings for 5f009ce4-3592-455a-b900-1ff0a9e104c3: below_minimum_quality
2026-03-01 00:42:49 |  WARNING | MarketingAdvantageAI | [AgenticValidation] Quality warnings for f3077421-0aec-4f04-bcdc-8984f17113db: below_minimum_quality
2026-03-01 00:42:49 |  WARNING | MarketingAdvantageAI | [AgenticValidation] Quality warnings for 327f7217-84ca-450e-8a6c-a67687bac952: below_minimum_quality
2026-03-01 00:42:49 |     INFO | MarketingAdvantageAI | [AgenticValidation] ✅ Complete: 17 succeeded, 0 failed in 102.97ms
2026-03-01 00:42:49 |     INFO | MarketingAdvantageAI | [agentic_validation] ✅ Run complete | processed=17 | duration=105ms
2026-03-01 00:43:06 |     INFO | MarketingAdvantageAI | [ConflictEngine] Processing 17 chunks...
2026-03-01 00:43:06 |    ERROR | MarketingAdvantageAI | [conflict_detection] ❌ Run failed | error=An instance of Chroma already exists for ./chroma_db with different settings | consecutive_failures=1
2026-03-01 00:43:49 |     INFO | MarketingAdvantageAI | [AgenticValidation] No rows pending validation.
2026-03-01 00:43:49 |     INFO | MarketingAdvantageAI | [agentic_validation] ✅ Run complete | processed=0 | duration=15ms
2026-03-01 00:44:49 |     INFO | MarketingAdvantageAI | [AgenticValidation] No rows pending validation.
2026-03-01 00:44:49 |     INFO | MarketingAdvantageAI | [agentic_validation] ✅ Run complete | processed=0 | duration=15ms
2026-03-01 00:45:06 |     INFO | MarketingAdvantageAI | [ConflictEngine] Processing 17 chunks...
2026-03-01 00:45:06 |    ERROR | MarketingAdvantageAI | [conflict_detection] ❌ Run failed | error=An instance of Chroma already exists for ./chroma_db with different settings | consecutive_failures=2
2026-03-01 00:45:21 |     INFO | MarketingAdvantageAI | [IngestionV2] ✅ Batch 1: 17 vectors via chroma
2026-03-01 00:45:21 |     INFO | MarketingAdvantageAI | [IngestionV2] Stored 17 new vectors via chroma for a42ff003-596b-4979-8bc0-4fbab2a897b3
2026-03-01 00:45:21 |     INFO | MarketingAdvantageAI | [IngestionV2] File a42ff003-596b-4979-8bc0-4fbab2a897b3 → status=processed, chunks=0/17, dedup=100.00%
2026-03-01 00:45:21 |     INFO | MarketingAdvantageAI | [IngestionV2] Pipeline complete for a42ff003-596b-4979-8bc0-4fbab2a897b3: 0/17 chunks stored (100.00% deduplication)
2026-03-01 00:45:21 |     INFO | MarketingAdvantageAI | [VideoIngestorV1] ✅ Completed premium video ingestion: a42ff003-596b-4979-8bc0-4fbab2a897b3
2026-03-01 00:45:21 |     INFO | MarketingAdvantageAI | [MediaHook] ✅ Video ingested successfully: 12 scenes analyzed, text quality: premium
2026-03-01 00:45:21 |     INFO | MarketingAdvantageAI | [WatcherIngestorV2] ✅ Auto-ingested video → f7c17ee1-c874-4db5-a0be-4211afb2af49_The Complete Guide to Startups - introvertedmadness (240p, h264, youtube).mp4 (12 scenes, premium quality)
2026-03-01 00:45:21 |     INFO | MarketingAdvantageAI | [WatcherIngestorV2] 📦 Moved to processed → C:\ProjectK\MarketingAdvantage_AI_v1\./static/uploads/manual\_processed\f7c17ee1-c874-4db5-a0be-4211afb2af49_The Complete Guide to Startups - introvertedmadness (240p, h264, youtube).mp4
2026-03-01 00:45:49 |     INFO | MarketingAdvantageAI | [AgenticValidation] No rows pending validation.
2026-03-01 00:45:49 |     INFO | MarketingAdvantageAI | [agentic_validation] ✅ Run complete | processed=0 | duration=8ms
2026-03-01 00:46:49 |     INFO | MarketingAdvantageAI | [TemporalRevalidation] Processing 17 chunks...
2026-03-01 00:46:49 |     INFO | MarketingAdvantageAI | [TemporalRevalidation] ✅ Processed 17 chunks, 0 flagged as stale in 79.30ms
2026-03-01 00:46:49 |     INFO | MarketingAdvantageAI | [temporal_revalidation] ✅ Run complete | processed=17 | duration=81ms
2026-03-01 00:46:49 |     INFO | MarketingAdvantageAI | [AgenticValidation] No rows pending validation.
2026-03-01 00:46:49 |     INFO | MarketingAdvantageAI | [agentic_validation] ✅ Run complete | processed=0 | duration=8ms
2026-03-01 00:47:06 |     INFO | MarketingAdvantageAI | [ConflictEngine] Processing 17 chunks...
2026-03-01 00:47:06 |    ERROR | MarketingAdvantageAI | [conflict_detection] ❌ Run failed | error=An instance of Chroma already exists for ./chroma_db with different settings | consecutive_failures=3
2026-03-01 00:51:25 |  WARNING | MarketingAdvantageAI | [HealthMonitor] Unhealthy workers detected: agentic_validation (stalled, 276s since last run), conflict_detection (3 consecutive failures)
2026-03-01 00:51:25 |     INFO | MarketingAdvantageAI | [AgenticValidation] No rows pending validation.
2026-03-01 00:51:25 |     INFO | MarketingAdvantageAI | [agentic_validation] ✅ Run complete | processed=0 | duration=55ms
2026-03-01 00:51:25 |     INFO | MarketingAdvantageAI | [ConflictEngine] Processing 17 chunks...
2026-03-01 00:51:25 |    ERROR | MarketingAdvantageAI | [conflict_detection] ❌ Run failed | error=An instance of Chroma already exists for ./chroma_db with different settings | consecutive_failures=4
2026-03-01 00:51:49 |     INFO | MarketingAdvantageAI | [TemporalRevalidation] No rows pending temporal review.
2026-03-01 00:51:49 |     INFO | MarketingAdvantageAI | [temporal_revalidation] ✅ Run complete | processed=0 | duration=1ms
2026-03-01 00:52:25 |  WARNING | MarketingAdvantageAI | [HealthMonitor] Unhealthy workers detected: conflict_detection (4 consecutive failures)
2026-03-01 00:52:25 |     INFO | MarketingAdvantageAI | [AgenticValidation] No rows pending validation.
2026-03-01 00:52:25 |     INFO | MarketingAdvantageAI | [agentic_validation] ✅ Run complete | processed=0 | duration=7ms
2026-03-01 00:53:25 |  WARNING | MarketingAdvantageAI | [HealthMonitor] Unhealthy workers detected: conflict_detection (4 consecutive failures)
2026-03-01 00:53:25 |     INFO | MarketingAdvantageAI | [AgenticValidation] No rows pending validation.
2026-03-01 00:53:25 |     INFO | MarketingAdvantageAI | [ConflictEngine] Processing 17 chunks...
2026-03-01 00:53:25 |     INFO | MarketingAdvantageAI | [agentic_validation] ✅ Run complete | processed=0 | duration=25ms
2026-03-01 00:53:25 |    ERROR | MarketingAdvantageAI | [conflict_detection] ❌ Run failed | error=An instance of Chroma already exists for ./chroma_db with different settings | consecutive_failures=5
2026-03-01 00:53:25 |    ERROR | MarketingAdvantageAI | [conflict_detection] Reached max consecutive failures (5), worker may need attention
2026-03-01 00:54:25 |  WARNING | MarketingAdvantageAI | [HealthMonitor] Unhealthy workers detected: conflict_detection (5 consecutive failures)
2026-03-01 00:54:25 |     INFO | MarketingAdvantageAI | [AgenticValidation] No rows pending validation.
2026-03-01 00:54:25 |     INFO | MarketingAdvantageAI | [agentic_validation] ✅ Run complete | processed=0 | duration=8ms
2026-03-01 00:55:25 |  WARNING | MarketingAdvantageAI | [HealthMonitor] Unhealthy workers detected: conflict_detection (5 consecutive failures)
2026-03-01 00:55:25 |     INFO | MarketingAdvantageAI | [AgenticValidation] No rows pending validation.
2026-03-01 00:55:25 |     INFO | MarketingAdvantageAI | [ConflictEngine] Processing 17 chunks...
2026-03-01 00:55:25 |     INFO | MarketingAdvantageAI | [agentic_validation] ✅ Run complete | processed=0 | duration=22ms
2026-03-01 00:55:25 |    ERROR | MarketingAdvantageAI | [conflict_detection] ❌ Run failed | error=An instance of Chroma already exists for ./chroma_db with different settings | consecutive_failures=6
2026-03-01 00:55:25 |    ERROR | MarketingAdvantageAI | [conflict_detection] Reached max consecutive failures (5), worker may need attention
2026-03-01 00:56:25 |  WARNING | MarketingAdvantageAI | [HealthMonitor] Unhealthy workers detected: conflict_detection (6 consecutive failures)
2026-03-01 00:56:25 |     INFO | MarketingAdvantageAI | [AgenticValidation] No rows pending validation.
2026-03-01 00:56:25 |     INFO | MarketingAdvantageAI | [agentic_validation] ✅ Run complete | processed=0 | duration=8ms
2026-03-01 00:56:49 |     INFO | MarketingAdvantageAI | [TemporalRevalidation] No rows pending temporal review.
2026-03-01 00:56:49 |     INFO | MarketingAdvantageAI | [temporal_revalidation] ✅ Run complete | processed=0 | duration=30ms
2026-03-01 00:57:25 |  WARNING | MarketingAdvantageAI | [HealthMonitor] Unhealthy workers detected: conflict_detection (6 consecutive failures)
2026-03-01 00:57:25 |     INFO | MarketingAdvantageAI | [AgenticValidation] No rows pending validation.
2026-03-01 00:57:25 |     INFO | MarketingAdvantageAI | [ConflictEngine] Processing 17 chunks...
2026-03-01 00:57:25 |     INFO | MarketingAdvantageAI | [agentic_validation] ✅ Run complete | processed=0 | duration=25ms
2026-03-01 00:57:25 |    ERROR | MarketingAdvantageAI | [conflict_detection] ❌ Run failed | error=An instance of Chroma already exists for ./chroma_db with different settings | consecutive_failures=7
2026-03-01 00:57:25 |    ERROR | MarketingAdvantageAI | [conflict_detection] Reached max consecutive failures (5), worker may need attention
2026-03-01 00:58:25 |  WARNING | MarketingAdvantageAI | [HealthMonitor] Unhealthy workers detected: conflict_detection (7 consecutive failures)
2026-03-01 00:58:25 |     INFO | MarketingAdvantageAI | [AgenticValidation] No rows pending validation.
2026-03-01 00:58:25 |     INFO | MarketingAdvantageAI | [agentic_validation] ✅ Run complete | processed=0 | duration=6ms
2026-03-01 00:59:25 |  WARNING | MarketingAdvantageAI | [HealthMonitor] Unhealthy workers detected: conflict_detection (7 consecutive failures)
2026-03-01 00:59:25 |     INFO | MarketingAdvantageAI | [AgenticValidation] No rows pending validation.
2026-03-01 00:59:26 |     INFO | MarketingAdvantageAI | [agentic_validation] ✅ Run complete | processed=0 | duration=10ms
2026-03-01 00:59:26 |     INFO | MarketingAdvantageAI | [ConflictEngine] Processing 17 chunks...
2026-03-01 00:59:26 |    ERROR | MarketingAdvantageAI | [conflict_detection] ❌ Run failed | error=An instance of Chroma already exists for ./chroma_db with different settings | consecutive_failures=8
2026-03-01 00:59:26 |    ERROR | MarketingAdvantageAI | [conflict_detection] Reached max consecutive failures (5), worker may need attention
2026-03-01 01:00:25 |  WARNING | MarketingAdvantageAI | [HealthMonitor] Unhealthy workers detected: conflict_detection (8 consecutive failures)
2026-03-01 01:00:26 |     INFO | MarketingAdvantageAI | [AgenticValidation] No rows pending validation.
2026-03-01 01:00:26 |     INFO | MarketingAdvantageAI | [agentic_validation] ✅ Run complete | processed=0 | duration=8ms
2026-03-01 01:00:53 |     INFO | MarketingAdvantageAI | [Scheduler] Initiating graceful shutdown...
2026-03-01 01:00:53 |     INFO | MarketingAdvantageAI | [temporal_revalidation] Worker stopped
2026-03-01 01:00:53 |     INFO | MarketingAdvantageAI | [conflict_detection] Worker stopped
2026-03-01 01:00:53 |     INFO | MarketingAdvantageAI | [HealthMonitor] Health monitor stopped
2026-03-01 01:00:53 |     INFO | MarketingAdvantageAI | [agentic_validation] Worker stopped
2026-03-01 01:00:53 |     INFO | MarketingAdvantageAI | [Scheduler] All tasks completed gracefully
2026-03-01 01:00:53 |     INFO | MarketingAdvantageAI | [Scheduler] Scheduler stopped
2026-03-01 01:01:05 |     INFO | MarketingAdvantageAI | [WatcherIngestorV2] Background watcher started with FastAPI server.
2026-03-01 01:01:05 |     INFO | MarketingAdvantageAI | [Scheduler] Starting validation scheduler | validation_interval=60s | conflict_interval=120s | temporal_interval=300s
2026-03-01 01:01:05 |     INFO | MarketingAdvantageAI | [Scheduler] Started 4 background tasks (validation: True, conflict: True, temporal: True)
2026-03-01 01:01:05 |     INFO | MarketingAdvantageAI | [WatcherIngestorV2] 👀 Watching folder: C:\ProjectK\MarketingAdvantage_AI_v1\static\uploads\manual
2026-03-01 01:01:05 |     INFO | MarketingAdvantageAI | [agentic_validation] Worker started
2026-03-01 01:01:05 |     INFO | MarketingAdvantageAI | [conflict_detection] Worker started
2026-03-01 01:01:05 |     INFO | MarketingAdvantageAI | [temporal_revalidation] Worker started
2026-03-01 01:01:05 |     INFO | MarketingAdvantageAI | [HealthMonitor] Health monitor started
2026-03-01 01:02:05 |     INFO | MarketingAdvantageAI | [AgenticValidation] No rows pending validation.
2026-03-01 01:02:05 |     INFO | MarketingAdvantageAI | [agentic_validation] ✅ Run complete | processed=0 | duration=173ms
2026-03-01 01:02:38 |     INFO | MarketingAdvantageAI | [WatcherIngestorV2] 🎧 Detected audio file → 0f4e55db-7ee3-432d-b66f-a846b4ee6891_The 9 Most Overused Therapy Words-Learn Real English Ep 839-286116.mp3
2026-03-01 01:02:38 |     INFO | MarketingAdvantageAI | [MediaHook] Handling media for file: C:\ProjectK\MarketingAdvantage_AI_v1\./static/uploads/manual\0f4e55db-7ee3-432d-b66f-a846b4ee6891_The 9 Most Overused Therapy Words-Learn Real English Ep 839-286116.mp3
2026-03-01 01:02:38 |     INFO | MarketingAdvantageAI | [MediaHook] Routing standalone audio
2026-03-01 01:02:38 |     INFO | MarketingAdvantageAI | [AudioIngestorV1] 🎧 Processing audio: C:\ProjectK\MarketingAdvantage_AI_v1\./static/uploads/manual\0f4e55db-7ee3-432d-b66f-a846b4ee6891_The 9 Most Overused Therapy Words-Learn Real English Ep 839-286116.mp3
2026-03-01 01:02:38 |  WARNING | MarketingAdvantageAI | [MediaHash] Chromaprint failed, using librosa fallback: fpcalc not found
2026-03-01 01:02:51 |     INFO | MarketingAdvantageAI | [MediaHash] Audio fingerprint (librosa) computed: 6de290119c62...
2026-03-01 01:02:51 |     INFO | MarketingAdvantageAI | [AudioIngestorV1] ✅ Unique audio confirmed, proceeding with ingestion
2026-03-01 01:02:51 |     INFO | MarketingAdvantageAI | [AudioIngestorV1] Loading Whisper model (singleton)
2026-03-01 01:03:05 |     INFO | MarketingAdvantageAI | [AgenticValidation] No rows pending validation.
2026-03-01 01:03:05 |     INFO | MarketingAdvantageAI | [agentic_validation] ✅ Run complete | processed=0 | duration=9ms
2026-03-01 01:03:15 |     INFO | MarketingAdvantageAI | [ConflictEngine] Processing 17 chunks...
2026-03-01 01:04:51 |     INFO | MarketingAdvantageAI | [AgenticValidation] No rows pending validation.
2026-03-01 01:05:04 |     INFO | MarketingAdvantageAI | [agentic_validation] ✅ Run complete | processed=0 | duration=52253ms
2026-03-01 01:06:18 |     INFO | MarketingAdvantageAI | [segmenter_v2] Added/Updated GCI entry abaec032...)
2026-03-01 01:06:28 |     INFO | MarketingAdvantageAI | [AgenticValidation] No rows pending validation.
2026-03-01 01:06:28 |     INFO | MarketingAdvantageAI | [agentic_validation] ✅ Run complete | processed=0 | duration=20992ms
2026-03-01 01:06:28 |     INFO | MarketingAdvantageAI | [ConflictEngine] ✅ Processed 17 chunks, found 0 conflicts in 193244.11ms
2026-03-01 01:06:28 |     INFO | MarketingAdvantageAI | [conflict_detection] ✅ Run complete | processed=17 | duration=193260ms
2026-03-01 01:06:28 |     INFO | MarketingAdvantageAI | [TemporalRevalidation] No rows pending temporal review.
2026-03-01 01:06:28 |     INFO | MarketingAdvantageAI | [temporal_revalidation] ✅ Run complete | processed=0 | duration=21017ms
2026-03-01 01:06:28 |     INFO | MarketingAdvantageAI | [segmenter_v2] Added/Updated GCI entry b445ae07...)
2026-03-01 01:06:28 |     INFO | MarketingAdvantageAI | [segmenter_v2] Added/Updated GCI entry 84b89227...)
2026-03-01 01:06:28 |     INFO | MarketingAdvantageAI | [segmenter_v2] Added/Updated GCI entry 2bb199e5...)
2026-03-01 01:06:28 |     INFO | MarketingAdvantageAI | [segmenter_v2] Added/Updated GCI entry 2dbb1fb6...)
2026-03-01 01:06:28 |     INFO | MarketingAdvantageAI | [segmenter_v2] Added/Updated GCI entry f9500228...)
2026-03-01 01:06:28 |     INFO | MarketingAdvantageAI | [segmenter_v2] Added/Updated GCI entry 679b475f...)
2026-03-01 01:06:28 |     INFO | MarketingAdvantageAI | [segmenter_v2] Added/Updated GCI entry 7cb2d628...)
2026-03-01 01:06:28 |     INFO | MarketingAdvantageAI | [segmenter_v2] Added/Updated GCI entry 65db7616...)
2026-03-01 01:06:28 |     INFO | MarketingAdvantageAI | [segmenter_v2] Added/Updated GCI entry e6cd28d7...)
2026-03-01 01:06:28 |     INFO | MarketingAdvantageAI | [segmenter_v2] Added/Updated GCI entry c70f4bfe...)
2026-03-01 01:06:28 |     INFO | MarketingAdvantageAI | [segmenter_v2] Added/Updated GCI entry 8a4c4096...)
2026-03-01 01:06:28 |     INFO | MarketingAdvantageAI | [segmenter_v2] Added/Updated GCI entry 7af2b0b8...)
2026-03-01 01:06:28 |     INFO | MarketingAdvantageAI | [segmenter_v2] Added/Updated GCI entry e92ec553...)
2026-03-01 01:06:28 |     INFO | MarketingAdvantageAI | [segmenter_v2] Added/Updated GCI entry d5c2c1ee...)
2026-03-01 01:06:28 |     INFO | MarketingAdvantageAI | [segmenter_v2] Added/Updated GCI entry d205a0ac...)
2026-03-01 01:06:28 |     INFO | MarketingAdvantageAI | [segmenter_v2] Added/Updated GCI entry e76e070c...)
2026-03-01 01:06:28 |     INFO | MarketingAdvantageAI | [segmenter_v2] Added/Updated GCI entry abc48097...)
2026-03-01 01:06:28 |     INFO | MarketingAdvantageAI | [segmenter_v2] Added/Updated GCI entry 8ad5252b...)
2026-03-01 01:06:28 |     INFO | MarketingAdvantageAI | [segmenter_v2] Added/Updated GCI entry 54933622...)
2026-03-01 01:06:28 |     INFO | MarketingAdvantageAI | [segmenter_v2] Added/Updated GCI entry d6e126eb...)
2026-03-01 01:06:28 |     INFO | MarketingAdvantageAI | [Dedup Engine] Starting 3-layer dedup for 21 chunks
2026-03-01 01:06:28 |     INFO | MarketingAdvantageAI | [Dedup Layer 3] Found in GCI: id=abaec032-f699-473f-9f59-cc2519f997f6, occurrences=2
2026-03-01 01:06:28 |     INFO | MarketingAdvantageAI | [Dedup L1+L3] Cross-file duplicate: hash=b0a1684998b4..., occurrences=2
2026-03-01 01:06:28 |     INFO | MarketingAdvantageAI | [Dedup Layer 3] Found in GCI: id=b445ae07-c246-4050-ae80-c32ac91eeb9e, occurrences=2
2026-03-01 01:06:28 |     INFO | MarketingAdvantageAI | [Dedup L1+L3] Cross-file duplicate: hash=5951070546f5..., occurrences=2
2026-03-01 01:06:28 |     INFO | MarketingAdvantageAI | [Dedup Layer 3] Found in GCI: id=84b89227-c46d-43f5-a7c1-3d8a17576811, occurrences=2
2026-03-01 01:06:28 |     INFO | MarketingAdvantageAI | [Dedup L1+L3] Cross-file duplicate: hash=11eac0d5a810..., occurrences=2
2026-03-01 01:06:28 |     INFO | MarketingAdvantageAI | [Dedup Layer 3] Found in GCI: id=2bb199e5-8fd2-4280-84a8-ad42866acf59, occurrences=2
2026-03-01 01:06:28 |     INFO | MarketingAdvantageAI | [Dedup L1+L3] Cross-file duplicate: hash=f312cbc1c090..., occurrences=2
2026-03-01 01:06:28 |     INFO | MarketingAdvantageAI | [Dedup Layer 3] Found in GCI: id=2dbb1fb6-7f8e-47b3-85b7-b13758066c60, occurrences=2
2026-03-01 01:06:28 |     INFO | MarketingAdvantageAI | [Dedup L1+L3] Cross-file duplicate: hash=c48fea09fb3f..., occurrences=2
2026-03-01 01:06:28 |     INFO | MarketingAdvantageAI | [Dedup Layer 3] Found in GCI: id=f9500228-3719-48ac-bc7f-e1f5e418038f, occurrences=2
2026-03-01 01:06:28 |     INFO | MarketingAdvantageAI | [Dedup L1+L3] Cross-file duplicate: hash=a47f56ffaea3..., occurrences=2
2026-03-01 01:06:28 |     INFO | MarketingAdvantageAI | [Dedup Layer 3] Found in GCI: id=679b475f-ab25-4f20-b2ac-d399d170624d, occurrences=2
2026-03-01 01:06:28 |     INFO | MarketingAdvantageAI | [Dedup L1+L3] Cross-file duplicate: hash=0d744e57f003..., occurrences=2
2026-03-01 01:06:28 |     INFO | MarketingAdvantageAI | [Dedup Layer 3] Found in GCI: id=7cb2d628-35c9-40ac-b473-66180c86ebbc, occurrences=2
2026-03-01 01:06:28 |     INFO | MarketingAdvantageAI | [Dedup L1+L3] Cross-file duplicate: hash=00b4fdbe5545..., occurrences=2
2026-03-01 01:06:28 |     INFO | MarketingAdvantageAI | [Dedup Layer 3] Found in GCI: id=65db7616-caf3-4837-a1a6-7e3d14f4fd37, occurrences=2
2026-03-01 01:06:28 |     INFO | MarketingAdvantageAI | [Dedup L1+L3] Cross-file duplicate: hash=6de4c025e3cf..., occurrences=2
2026-03-01 01:06:28 |     INFO | MarketingAdvantageAI | [Dedup Layer 3] Found in GCI: id=e6cd28d7-2c7a-4853-a548-bbcf66f24f21, occurrences=2
2026-03-01 01:06:28 |     INFO | MarketingAdvantageAI | [Dedup L1+L3] Cross-file duplicate: hash=507f3feffac5..., occurrences=2
2026-03-01 01:06:28 |     INFO | MarketingAdvantageAI | [Dedup Layer 3] Found in GCI: id=c70f4bfe-29d7-4044-a9b5-8a09a10ba8ad, occurrences=2
2026-03-01 01:06:28 |     INFO | MarketingAdvantageAI | [Dedup L1+L3] Cross-file duplicate: hash=d33d69e2b6d5..., occurrences=2
2026-03-01 01:06:28 |     INFO | MarketingAdvantageAI | [Dedup Layer 3] Found in GCI: id=8a4c4096-543f-4a48-ac5a-c83b89f48a94, occurrences=2
2026-03-01 01:06:28 |     INFO | MarketingAdvantageAI | [Dedup L1+L3] Cross-file duplicate: hash=5fe3b5295c5e..., occurrences=2
2026-03-01 01:06:28 |     INFO | MarketingAdvantageAI | [Dedup Layer 3] Found in GCI: id=7af2b0b8-7834-4475-9d87-b50f44020672, occurrences=2
2026-03-01 01:06:28 |     INFO | MarketingAdvantageAI | [Dedup L1+L3] Cross-file duplicate: hash=d2bd45f1e6c0..., occurrences=2
2026-03-01 01:06:28 |     INFO | MarketingAdvantageAI | [Dedup Layer 3] Found in GCI: id=e92ec553-e7a3-4d3b-a9b4-27375be06518, occurrences=2
2026-03-01 01:06:28 |     INFO | MarketingAdvantageAI | [Dedup L1+L3] Cross-file duplicate: hash=cfab286598a5..., occurrences=2
2026-03-01 01:06:28 |     INFO | MarketingAdvantageAI | [Dedup Layer 3] Found in GCI: id=d5c2c1ee-4319-44bf-8f69-3b2b6adb249e, occurrences=2
2026-03-01 01:06:28 |     INFO | MarketingAdvantageAI | [Dedup L1+L3] Cross-file duplicate: hash=cc26b5a70054..., occurrences=2
2026-03-01 01:06:29 |     INFO | MarketingAdvantageAI | [Dedup Layer 3] Found in GCI: id=d205a0ac-1dcb-4c61-88c2-eaba85398bac, occurrences=2
2026-03-01 01:06:29 |     INFO | MarketingAdvantageAI | [Dedup L1+L3] Cross-file duplicate: hash=44a3aa161e10..., occurrences=2
2026-03-01 01:06:29 |     INFO | MarketingAdvantageAI | [Dedup Layer 3] Found in GCI: id=e76e070c-0069-4b5d-83c8-30e7e3b9cbfb, occurrences=2
2026-03-01 01:06:29 |     INFO | MarketingAdvantageAI | [Dedup L1+L3] Cross-file duplicate: hash=5c58e6887543..., occurrences=2
2026-03-01 01:06:29 |     INFO | MarketingAdvantageAI | [Dedup Layer 3] Found in GCI: id=abc48097-94ae-442b-ab57-106bf6230a3e, occurrences=2
2026-03-01 01:06:29 |     INFO | MarketingAdvantageAI | [Dedup L1+L3] Cross-file duplicate: hash=54ddba90663c..., occurrences=2
2026-03-01 01:06:29 |     INFO | MarketingAdvantageAI | [Dedup Layer 3] Found in GCI: id=8ad5252b-a804-4534-b125-09ca7e5b64be, occurrences=2
2026-03-01 01:06:29 |     INFO | MarketingAdvantageAI | [Dedup L1+L3] Cross-file duplicate: hash=5eff08f6f271..., occurrences=2
2026-03-01 01:06:29 |     INFO | MarketingAdvantageAI | [Dedup Layer 3] Found in GCI: id=54933622-af12-4050-8a2c-cd98ffc203f7, occurrences=2
2026-03-01 01:06:29 |     INFO | MarketingAdvantageAI | [Dedup L1+L3] Cross-file duplicate: hash=e416064f818d..., occurrences=2
2026-03-01 01:06:29 |     INFO | MarketingAdvantageAI | [Dedup Layer 3] Found in GCI: id=d6e126eb-7fd9-4642-8b9e-8084460deea5, occurrences=2
2026-03-01 01:06:29 |     INFO | MarketingAdvantageAI | [Dedup L1+L3] Cross-file duplicate: hash=d9e22e232334..., occurrences=2
2026-03-01 01:06:29 |     INFO | MarketingAdvantageAI | [Dedup Engine] Complete: 0 unique, 21 duplicates (100.00% reduction) | L1: 0, L2: 0, L3: 21
2026-03-01 01:06:29 |     INFO | MarketingAdvantageAI | [IngestionV2] Dedup complete for 96d064ae-7ba8-47c2-a9bb-131800c03cc0: 0 unique, 21 duplicates, 100.00% reduction [L1=0, L2=0, L3=21]
2026-03-01 01:06:29 |     INFO | MarketingAdvantageAI | [IngestionV2] Inserted 21 chunks into DB
2026-03-01 01:06:29 |     INFO | MarketingAdvantageAI | [IngestionV2] Inserted 21 chunks: 0 unique, 21 duplicates
2026-03-01 01:06:29 |     INFO | MarketingAdvantageAI | [IngestionV2] Calling _embed_and_store for 96d064ae-7ba8-47c2-a9bb-131800c03cc0 with 21 chunks
2026-03-01 01:07:28 |     INFO | MarketingAdvantageAI | [AgenticValidation] Processing 21 chunks...
2026-03-01 01:07:28 |  WARNING | MarketingAdvantageAI | [AgenticValidation] Quality warnings for 40b0463f-b74a-4658-a4de-d339cda305dc: below_minimum_quality
2026-03-01 01:07:28 |  WARNING | MarketingAdvantageAI | [AgenticValidation] Quality warnings for 6e868285-fc7b-494d-8557-acaf03d1784a: below_minimum_quality
2026-03-01 01:07:28 |  WARNING | MarketingAdvantageAI | [AgenticValidation] Quality warnings for a797cefa-5604-4fdd-b145-de5e762f8c1d: below_minimum_quality
2026-03-01 01:07:28 |  WARNING | MarketingAdvantageAI | [AgenticValidation] Quality warnings for 24166759-80eb-48aa-b6f4-b2d7ba63970f: below_minimum_quality
2026-03-01 01:07:28 |  WARNING | MarketingAdvantageAI | [AgenticValidation] Quality warnings for 7574cd4d-6ec2-4108-9573-3b8911131fb3: below_minimum_quality
2026-03-01 01:07:28 |  WARNING | MarketingAdvantageAI | [AgenticValidation] Quality warnings for dda6ad38-c1d3-46ac-8fbc-3bfcad952e86: below_minimum_quality
2026-03-01 01:07:28 |  WARNING | MarketingAdvantageAI | [AgenticValidation] Quality warnings for fbcdc828-5b40-41c5-9a1e-213acbcaa5ef: below_minimum_quality
2026-03-01 01:07:28 |  WARNING | MarketingAdvantageAI | [AgenticValidation] Quality warnings for 7da78959-a45f-4132-8276-b1f5080a052b: below_minimum_quality
2026-03-01 01:07:28 |  WARNING | MarketingAdvantageAI | [AgenticValidation] Quality warnings for c34a0e8e-a253-4670-bcc6-96deb20ab8c9: below_minimum_quality
2026-03-01 01:07:28 |  WARNING | MarketingAdvantageAI | [AgenticValidation] Quality warnings for a46f3180-35cf-4c5a-8c81-13e8a73dda86: below_minimum_quality
2026-03-01 01:07:28 |  WARNING | MarketingAdvantageAI | [AgenticValidation] Quality warnings for d905ea36-6e72-49eb-88f6-f9d38051713e: below_minimum_quality
2026-03-01 01:07:28 |  WARNING | MarketingAdvantageAI | [AgenticValidation] Quality warnings for d833cec1-f26b-436e-b534-00a244cbf057: below_minimum_quality
2026-03-01 01:07:28 |  WARNING | MarketingAdvantageAI | [AgenticValidation] Quality warnings for c5b20f07-b39d-4b7c-bbf4-b62b1d399dd9: below_minimum_quality
2026-03-01 01:07:28 |  WARNING | MarketingAdvantageAI | [AgenticValidation] Quality warnings for 0d08b73e-582d-4cd5-bf10-0778ff8d82f0: below_minimum_quality
2026-03-01 01:07:28 |  WARNING | MarketingAdvantageAI | [AgenticValidation] Quality warnings for 734eabbc-9e58-4ba9-9914-f53d9e5e3a14: below_minimum_quality
2026-03-01 01:07:28 |  WARNING | MarketingAdvantageAI | [AgenticValidation] Quality warnings for 26c66515-f7d5-4382-8c10-3202fae4fe90: below_minimum_quality
2026-03-01 01:07:28 |  WARNING | MarketingAdvantageAI | [AgenticValidation] Quality warnings for 45ee948e-d64b-49d8-bf46-5e267467b67a: below_minimum_quality
2026-03-01 01:07:28 |  WARNING | MarketingAdvantageAI | [AgenticValidation] Quality warnings for 7b7d39ca-14bd-4dc1-a203-892f7f7cb8a1: below_minimum_quality
2026-03-01 01:07:28 |  WARNING | MarketingAdvantageAI | [AgenticValidation] Quality warnings for 806a749a-9f84-4303-85be-31017fa9dbda: below_minimum_quality
2026-03-01 01:07:28 |  WARNING | MarketingAdvantageAI | [AgenticValidation] Quality warnings for 90a7859d-6675-409a-a07e-c4ac6cf05608: below_minimum_quality
2026-03-01 01:07:28 |  WARNING | MarketingAdvantageAI | [AgenticValidation] Quality warnings for 5cb32a11-4333-4346-a6d9-2170cade1ca9: below_minimum_quality
2026-03-01 01:07:28 |     INFO | MarketingAdvantageAI | [AgenticValidation] ✅ Complete: 21 succeeded, 0 failed in 166.18ms
2026-03-01 01:07:28 |     INFO | MarketingAdvantageAI | [agentic_validation] ✅ Run complete | processed=21 | duration=168ms
2026-03-01 01:08:28 |     INFO | MarketingAdvantageAI | [ConflictEngine] Processing 21 chunks...
2026-03-01 01:09:05 |     INFO | MarketingAdvantageAI | [AgenticValidation] No rows pending validation.
2026-03-01 01:09:05 |     INFO | MarketingAdvantageAI | [agentic_validation] ✅ Run complete | processed=0 | duration=15ms
2026-03-01 01:09:39 |  WARNING | MarketingAdvantageAI | [HealthMonitor] Unhealthy workers detected: conflict_detection (stalled, 384s since last run)
2026-03-01 01:09:39 |     INFO | MarketingAdvantageAI | [IngestionV2] ✅ Batch 1: 21 vectors via chroma
2026-03-01 01:09:39 |     INFO | MarketingAdvantageAI | [IngestionV2] Stored 21 new vectors via chroma for 96d064ae-7ba8-47c2-a9bb-131800c03cc0
2026-03-01 01:09:53 |     INFO | MarketingAdvantageAI | [IngestionV2] File 96d064ae-7ba8-47c2-a9bb-131800c03cc0 → status=processed, chunks=0/21, dedup=100.00%
2026-03-01 01:09:53 |     INFO | MarketingAdvantageAI | [IngestionV2] Pipeline complete for 96d064ae-7ba8-47c2-a9bb-131800c03cc0: 0/21 chunks stored (100.00% deduplication)
2026-03-01 01:09:53 |     INFO | MarketingAdvantageAI | [AudioIngestorV1] ✅ Completed audio ingestion: 96d064ae-7ba8-47c2-a9bb-131800c03cc0
2026-03-01 01:09:53 |     INFO | MarketingAdvantageAI | [WatcherIngestorV2] ✅ Auto-ingested audio → 0f4e55db-7ee3-432d-b66f-a846b4ee6891_The 9 Most Overused Therapy Words-Learn Real English Ep 839-286116.mp3
2026-03-01 01:09:53 |     INFO | MarketingAdvantageAI | [WatcherIngestorV2] 📦 Moved to processed → C:\ProjectK\MarketingAdvantage_AI_v1\./static/uploads/manual\_processed\0f4e55db-7ee3-432d-b66f-a846b4ee6891_The 9 Most Overused Therapy Words-Learn Real English Ep 839-286116.mp3
2026-03-01 01:10:15 |     INFO | MarketingAdvantageAI | [AgenticValidation] No rows pending validation.
2026-03-01 01:10:15 |     INFO | MarketingAdvantageAI | [agentic_validation] ✅ Run complete | processed=0 | duration=7324ms
2026-03-01 01:10:39 |  WARNING | MarketingAdvantageAI | [HealthMonitor] Unhealthy workers detected: conflict_detection (stalled, 444s since last run)
2026-03-01 01:11:21 |     INFO | MarketingAdvantageAI | [AgenticValidation] No rows pending validation.
2026-03-01 01:11:29 |     INFO | MarketingAdvantageAI | [agentic_validation] ✅ Run complete | processed=0 | duration=8213ms
2026-03-01 01:11:37 |     INFO | MarketingAdvantageAI | [TemporalRevalidation] Processing 21 chunks...
2026-03-01 01:11:47 |  WARNING | MarketingAdvantageAI | [HealthMonitor] Unhealthy workers detected: conflict_detection (stalled, 512s since last run)
2026-03-01 01:12:02 |     INFO | MarketingAdvantageAI | [ConflictEngine] ✅ Processed 21 chunks, found 0 conflicts in 213494.71ms
2026-03-01 01:12:02 |     INFO | MarketingAdvantageAI | [conflict_detection] ✅ Run complete | processed=21 | duration=213496ms
2026-03-01 01:12:02 |     INFO | MarketingAdvantageAI | [TemporalRevalidation] ✅ Processed 21 chunks, 0 flagged as stale in 32373.28ms
2026-03-01 01:12:02 |     INFO | MarketingAdvantageAI | [temporal_revalidation] ✅ Run complete | processed=21 | duration=32374ms
2026-03-01 01:12:29 |     INFO | MarketingAdvantageAI | [AgenticValidation] No rows pending validation.
2026-03-01 01:12:29 |     INFO | MarketingAdvantageAI | [agentic_validation] ✅ Run complete | processed=0 | duration=5ms
2026-03-01 01:13:29 |     INFO | MarketingAdvantageAI | [AgenticValidation] No rows pending validation.
2026-03-01 01:13:29 |     INFO | MarketingAdvantageAI | [agentic_validation] ✅ Run complete | processed=0 | duration=6ms
2026-03-01 03:17:33 |  WARNING | MarketingAdvantageAI | [HealthMonitor] Unhealthy workers detected: agentic_validation (stalled, 7443s since last run), conflict_detection (stalled, 7744s since last run), temporal_revalidation (stalled, 7563s since last run)
2026-03-01 03:17:33 |     INFO | MarketingAdvantageAI | [TemporalRevalidation] No rows pending temporal review.
2026-03-01 03:17:33 |     INFO | MarketingAdvantageAI | [temporal_revalidation] ✅ Run complete | processed=0 | duration=378ms
2026-03-01 03:17:33 |     INFO | MarketingAdvantageAI | [ConflictEngine] No rows pending conflict analysis.
2026-03-01 03:17:33 |     INFO | MarketingAdvantageAI | [AgenticValidation] No rows pending validation.
2026-03-01 03:17:33 |     INFO | MarketingAdvantageAI | [conflict_detection] ✅ Run complete | processed=0 | duration=393ms
2026-03-01 03:17:33 |     INFO | MarketingAdvantageAI | [agentic_validation] ✅ Run complete | processed=0 | duration=387ms
2026-03-01 03:18:33 |     INFO | MarketingAdvantageAI | [AgenticValidation] No rows pending validation.
2026-03-01 03:18:33 |     INFO | MarketingAdvantageAI | [agentic_validation] ✅ Run complete | processed=0 | duration=72ms
2026-03-01 03:19:33 |     INFO | MarketingAdvantageAI | [ConflictEngine] No rows pending conflict analysis.
2026-03-01 03:19:33 |     INFO | MarketingAdvantageAI | [conflict_detection] ✅ Run complete | processed=0 | duration=4ms
2026-03-01 03:19:33 |     INFO | MarketingAdvantageAI | [AgenticValidation] No rows pending validation.
2026-03-01 03:19:33 |     INFO | MarketingAdvantageAI | [agentic_validation] ✅ Run complete | processed=0 | duration=4ms
2026-03-01 03:20:33 |     INFO | MarketingAdvantageAI | [AgenticValidation] No rows pending validation.
2026-03-01 03:20:33 |     INFO | MarketingAdvantageAI | [agentic_validation] ✅ Run complete | processed=0 | duration=4ms
2026-03-01 03:21:33 |     INFO | MarketingAdvantageAI | [ConflictEngine] No rows pending conflict analysis.
2026-03-01 03:21:33 |     INFO | MarketingAdvantageAI | [conflict_detection] ✅ Run complete | processed=0 | duration=5ms
2026-03-01 03:21:33 |     INFO | MarketingAdvantageAI | [AgenticValidation] No rows pending validation.
2026-03-01 03:21:33 |     INFO | MarketingAdvantageAI | [agentic_validation] ✅ Run complete | processed=0 | duration=4ms
2026-03-01 03:22:33 |     INFO | MarketingAdvantageAI | [TemporalRevalidation] No rows pending temporal review.
2026-03-01 03:22:33 |     INFO | MarketingAdvantageAI | [temporal_revalidation] ✅ Run complete | processed=0 | duration=4ms
2026-03-01 03:22:33 |     INFO | MarketingAdvantageAI | [AgenticValidation] No rows pending validation.
2026-03-01 03:22:33 |     INFO | MarketingAdvantageAI | [agentic_validation] ✅ Run complete | processed=0 | duration=5ms
2026-03-01 03:25:03 |     INFO | MarketingAdvantageAI | [ConflictEngine] No rows pending conflict analysis.
2026-03-01 03:25:03 |     INFO | MarketingAdvantageAI | [AgenticValidation] No rows pending validation.
2026-03-01 03:25:03 |     INFO | MarketingAdvantageAI | [conflict_detection] ✅ Run complete | processed=0 | duration=21ms
2026-03-01 03:25:03 |     INFO | MarketingAdvantageAI | [agentic_validation] ✅ Run complete | processed=0 | duration=18ms
2026-03-01 03:54:52 |  WARNING | MarketingAdvantageAI | [HealthMonitor] Unhealthy workers detected: agentic_validation (stalled, 1789s since last run), conflict_detection (stalled, 1789s since last run), temporal_revalidation (stalled, 1939s since last run)
2026-03-01 03:54:52 |     INFO | MarketingAdvantageAI | [AgenticValidation] No rows pending validation.
2026-03-01 03:54:52 |     INFO | MarketingAdvantageAI | [ConflictEngine] No rows pending conflict analysis.
2026-03-01 03:54:52 |     INFO | MarketingAdvantageAI | [TemporalRevalidation] No rows pending temporal review.
2026-03-01 03:54:52 |     INFO | MarketingAdvantageAI | [agentic_validation] ✅ Run complete | processed=0 | duration=410ms
2026-03-01 03:54:52 |     INFO | MarketingAdvantageAI | [conflict_detection] ✅ Run complete | processed=0 | duration=401ms
2026-03-01 03:54:52 |     INFO | MarketingAdvantageAI | [temporal_revalidation] ✅ Run complete | processed=0 | duration=397ms
2026-03-01 03:55:53 |     INFO | MarketingAdvantageAI | [AgenticValidation] No rows pending validation.
2026-03-01 03:55:53 |     INFO | MarketingAdvantageAI | [agentic_validation] ✅ Run complete | processed=0 | duration=98ms
2026-03-01 03:56:52 |     INFO | MarketingAdvantageAI | [ConflictEngine] No rows pending conflict analysis.
2026-03-01 03:56:52 |     INFO | MarketingAdvantageAI | [conflict_detection] ✅ Run complete | processed=0 | duration=8ms
2026-03-01 03:56:53 |     INFO | MarketingAdvantageAI | [AgenticValidation] No rows pending validation.
2026-03-01 03:56:53 |     INFO | MarketingAdvantageAI | [agentic_validation] ✅ Run complete | processed=0 | duration=2ms
2026-03-01 03:57:53 |     INFO | MarketingAdvantageAI | [AgenticValidation] No rows pending validation.
2026-03-01 03:57:53 |     INFO | MarketingAdvantageAI | [agentic_validation] ✅ Run complete | processed=0 | duration=8ms
2026-03-01 03:58:52 |     INFO | MarketingAdvantageAI | [ConflictEngine] No rows pending conflict analysis.
2026-03-01 03:58:52 |     INFO | MarketingAdvantageAI | [conflict_detection] ✅ Run complete | processed=0 | duration=6ms
2026-03-01 03:58:53 |     INFO | MarketingAdvantageAI | [AgenticValidation] No rows pending validation.
2026-03-01 03:58:53 |     INFO | MarketingAdvantageAI | [agentic_validation] ✅ Run complete | processed=0 | duration=4ms
2026-03-01 05:14:15 |  WARNING | MarketingAdvantageAI | [HealthMonitor] Unhealthy workers detected: agentic_validation (stalled, 4523s since last run), conflict_detection (stalled, 4523s since last run), temporal_revalidation (stalled, 4763s since last run)
2026-03-01 05:14:16 |     INFO | MarketingAdvantageAI | [ConflictEngine] No rows pending conflict analysis.
2026-03-01 05:14:16 |     INFO | MarketingAdvantageAI | [TemporalRevalidation] No rows pending temporal review.
2026-03-01 05:14:16 |     INFO | MarketingAdvantageAI | [AgenticValidation] No rows pending validation.
2026-03-01 05:14:16 |     INFO | MarketingAdvantageAI | [conflict_detection] ✅ Run complete | processed=0 | duration=681ms
2026-03-01 05:14:16 |     INFO | MarketingAdvantageAI | [temporal_revalidation] ✅ Run complete | processed=0 | duration=710ms
2026-03-01 05:14:16 |     INFO | MarketingAdvantageAI | [agentic_validation] ✅ Run complete | processed=0 | duration=695ms
2026-03-01 10:30:32 |  WARNING | MarketingAdvantageAI | [HealthMonitor] Unhealthy workers detected: agentic_validation (stalled, 18977s since last run), conflict_detection (stalled, 18977s since last run), temporal_revalidation (stalled, 18977s since last run)
2026-03-01 10:30:33 |     INFO | MarketingAdvantageAI | [ConflictEngine] No rows pending conflict analysis.
2026-03-01 10:30:33 |     INFO | MarketingAdvantageAI | [AgenticValidation] No rows pending validation.
2026-03-01 10:30:33 |     INFO | MarketingAdvantageAI | [conflict_detection] ✅ Run complete | processed=0 | duration=603ms
2026-03-01 10:30:33 |     INFO | MarketingAdvantageAI | [agentic_validation] ✅ Run complete | processed=0 | duration=622ms
2026-03-01 10:30:33 |     INFO | MarketingAdvantageAI | [TemporalRevalidation] No rows pending temporal review.
2026-03-01 10:30:33 |     INFO | MarketingAdvantageAI | [temporal_revalidation] ✅ Run complete | processed=0 | duration=603ms
2026-03-01 11:14:08 |  WARNING | MarketingAdvantageAI | [HealthMonitor] Unhealthy workers detected: agentic_validation (stalled, 2615s since last run), conflict_detection (stalled, 2615s since last run), temporal_revalidation (stalled, 2615s since last run)
2026-03-01 11:14:08 |     INFO | MarketingAdvantageAI | [ConflictEngine] No rows pending conflict analysis.
2026-03-01 11:14:08 |     INFO | MarketingAdvantageAI | [AgenticValidation] No rows pending validation.
2026-03-01 11:14:08 |     INFO | MarketingAdvantageAI | [TemporalRevalidation] No rows pending temporal review.
2026-03-01 11:14:08 |     INFO | MarketingAdvantageAI | [conflict_detection] ✅ Run complete | processed=0 | duration=641ms
2026-03-01 11:14:08 |     INFO | MarketingAdvantageAI | [agentic_validation] ✅ Run complete | processed=0 | duration=649ms
2026-03-01 11:14:08 |     INFO | MarketingAdvantageAI | [temporal_revalidation] ✅ Run complete | processed=0 | duration=639ms
2026-03-01 15:33:19 |  WARNING | MarketingAdvantageAI | [HealthMonitor] Unhealthy workers detected: agentic_validation (stalled, 15551s since last run), conflict_detection (stalled, 15551s since last run), temporal_revalidation (stalled, 15551s since last run)
2026-03-01 15:33:19 |     INFO | MarketingAdvantageAI | [AgenticValidation] No rows pending validation.
2026-03-01 15:33:19 |     INFO | MarketingAdvantageAI | [TemporalRevalidation] No rows pending temporal review.
2026-03-01 15:33:19 |     INFO | MarketingAdvantageAI | [ConflictEngine] No rows pending conflict analysis.
2026-03-01 15:33:19 |     INFO | MarketingAdvantageAI | [agentic_validation] ✅ Run complete | processed=0 | duration=429ms
2026-03-01 15:33:19 |     INFO | MarketingAdvantageAI | [temporal_revalidation] ✅ Run complete | processed=0 | duration=418ms
2026-03-01 15:33:19 |     INFO | MarketingAdvantageAI | [conflict_detection] ✅ Run complete | processed=0 | duration=428ms
2026-03-02 03:31:07 |  WARNING | MarketingAdvantageAI | [HealthMonitor] Unhealthy workers detected: agentic_validation (stalled, 43068s since last run), conflict_detection (stalled, 43068s since last run), temporal_revalidation (stalled, 43068s since last run)
2026-03-02 03:31:08 |     INFO | MarketingAdvantageAI | [AgenticValidation] No rows pending validation.
2026-03-02 03:31:08 |     INFO | MarketingAdvantageAI | [ConflictEngine] No rows pending conflict analysis.
2026-03-02 03:31:08 |     INFO | MarketingAdvantageAI | [agentic_validation] ✅ Run complete | processed=0 | duration=851ms
2026-03-02 03:31:08 |     INFO | MarketingAdvantageAI | [TemporalRevalidation] No rows pending temporal review.
2026-03-02 03:31:08 |     INFO | MarketingAdvantageAI | [conflict_detection] ✅ Run complete | processed=0 | duration=853ms
2026-03-02 03:31:08 |     INFO | MarketingAdvantageAI | [temporal_revalidation] ✅ Run complete | processed=0 | duration=844ms
2026-03-02 03:32:08 |     INFO | MarketingAdvantageAI | [AgenticValidation] No rows pending validation.
2026-03-02 03:32:08 |     INFO | MarketingAdvantageAI | [agentic_validation] ✅ Run complete | processed=0 | duration=87ms
2026-03-02 03:33:05 |     INFO | MarketingAdvantageAI | [ConflictEngine] No rows pending conflict analysis.
2026-03-02 03:33:05 |     INFO | MarketingAdvantageAI | [conflict_detection] ✅ Run complete | processed=0 | duration=8ms
2026-03-02 03:33:05 |     INFO | MarketingAdvantageAI | [AgenticValidation] No rows pending validation.
2026-03-02 03:33:05 |     INFO | MarketingAdvantageAI | [agentic_validation] ✅ Run complete | processed=0 | duration=8ms
2026-03-02 03:34:05 |     INFO | MarketingAdvantageAI | [AgenticValidation] No rows pending validation.
2026-03-02 03:34:05 |     INFO | MarketingAdvantageAI | [agentic_validation] ✅ Run complete | processed=0 | duration=6ms
2026-03-02 03:35:05 |     INFO | MarketingAdvantageAI | [ConflictEngine] No rows pending conflict analysis.
2026-03-02 03:35:05 |     INFO | MarketingAdvantageAI | [conflict_detection] ✅ Run complete | processed=0 | duration=8ms
2026-03-02 03:35:05 |     INFO | MarketingAdvantageAI | [AgenticValidation] No rows pending validation.
2026-03-02 03:35:05 |     INFO | MarketingAdvantageAI | [agentic_validation] ✅ Run complete | processed=0 | duration=8ms
2026-03-02 03:36:05 |     INFO | MarketingAdvantageAI | [TemporalRevalidation] No rows pending temporal review.
2026-03-02 03:36:05 |     INFO | MarketingAdvantageAI | [temporal_revalidation] ✅ Run complete | processed=0 | duration=2ms
2026-03-02 03:36:05 |     INFO | MarketingAdvantageAI | [AgenticValidation] No rows pending validation.
2026-03-02 03:36:05 |     INFO | MarketingAdvantageAI | [agentic_validation] ✅ Run complete | processed=0 | duration=2ms
2026-03-02 03:37:05 |     INFO | MarketingAdvantageAI | [ConflictEngine] No rows pending conflict analysis.
2026-03-02 03:37:05 |     INFO | MarketingAdvantageAI | [conflict_detection] ✅ Run complete | processed=0 | duration=6ms
2026-03-02 03:37:05 |     INFO | MarketingAdvantageAI | [AgenticValidation] No rows pending validation.
2026-03-02 03:37:05 |     INFO | MarketingAdvantageAI | [agentic_validation] ✅ Run complete | processed=0 | duration=2ms
2026-03-02 03:38:05 |     INFO | MarketingAdvantageAI | [AgenticValidation] No rows pending validation.
2026-03-02 03:38:05 |     INFO | MarketingAdvantageAI | [agentic_validation] ✅ Run complete | processed=0 | duration=7ms
2026-03-02 03:39:05 |     INFO | MarketingAdvantageAI | [ConflictEngine] No rows pending conflict analysis.
2026-03-02 03:39:05 |     INFO | MarketingAdvantageAI | [conflict_detection] ✅ Run complete | processed=0 | duration=6ms
2026-03-02 03:39:05 |     INFO | MarketingAdvantageAI | [AgenticValidation] No rows pending validation.
2026-03-02 03:39:05 |     INFO | MarketingAdvantageAI | [agentic_validation] ✅ Run complete | processed=0 | duration=6ms
2026-03-02 03:40:05 |     INFO | MarketingAdvantageAI | [AgenticValidation] No rows pending validation.
2026-03-02 03:40:05 |     INFO | MarketingAdvantageAI | [agentic_validation] ✅ Run complete | processed=0 | duration=7ms
2026-03-02 03:41:05 |     INFO | MarketingAdvantageAI | [TemporalRevalidation] No rows pending temporal review.
2026-03-02 03:41:05 |     INFO | MarketingAdvantageAI | [temporal_revalidation] ✅ Run complete | processed=0 | duration=9ms
2026-03-02 03:41:05 |     INFO | MarketingAdvantageAI | [ConflictEngine] No rows pending conflict analysis.
2026-03-02 03:41:05 |     INFO | MarketingAdvantageAI | [conflict_detection] ✅ Run complete | processed=0 | duration=8ms
2026-03-02 03:41:05 |     INFO | MarketingAdvantageAI | [AgenticValidation] No rows pending validation.
2026-03-02 03:41:05 |     INFO | MarketingAdvantageAI | [agentic_validation] ✅ Run complete | processed=0 | duration=8ms
2026-03-02 03:42:05 |     INFO | MarketingAdvantageAI | [AgenticValidation] No rows pending validation.
2026-03-02 03:42:05 |     INFO | MarketingAdvantageAI | [agentic_validation] ✅ Run complete | processed=0 | duration=8ms
2026-03-02 03:43:05 |     INFO | MarketingAdvantageAI | [ConflictEngine] No rows pending conflict analysis.
2026-03-02 03:43:05 |     INFO | MarketingAdvantageAI | [conflict_detection] ✅ Run complete | processed=0 | duration=5ms
2026-03-02 03:43:05 |     INFO | MarketingAdvantageAI | [AgenticValidation] No rows pending validation.
2026-03-02 03:43:05 |     INFO | MarketingAdvantageAI | [agentic_validation] ✅ Run complete | processed=0 | duration=4ms
2026-03-02 03:44:05 |     INFO | MarketingAdvantageAI | [AgenticValidation] No rows pending validation.
2026-03-02 03:44:05 |     INFO | MarketingAdvantageAI | [agentic_validation] ✅ Run complete | processed=0 | duration=5ms
2026-03-02 03:45:05 |     INFO | MarketingAdvantageAI | [ConflictEngine] No rows pending conflict analysis.
2026-03-02 03:45:05 |     INFO | MarketingAdvantageAI | [conflict_detection] ✅ Run complete | processed=0 | duration=8ms
2026-03-02 03:45:05 |     INFO | MarketingAdvantageAI | [AgenticValidation] No rows pending validation.
2026-03-02 03:45:05 |     INFO | MarketingAdvantageAI | [agentic_validation] ✅ Run complete | processed=0 | duration=9ms
2026-03-02 03:46:05 |     INFO | MarketingAdvantageAI | [TemporalRevalidation] No rows pending temporal review.
2026-03-02 03:46:05 |     INFO | MarketingAdvantageAI | [temporal_revalidation] ✅ Run complete | processed=0 | duration=5ms
2026-03-02 03:46:05 |     INFO | MarketingAdvantageAI | [AgenticValidation] No rows pending validation.
2026-03-02 03:46:05 |     INFO | MarketingAdvantageAI | [agentic_validation] ✅ Run complete | processed=0 | duration=2ms
2026-03-02 03:47:05 |     INFO | MarketingAdvantageAI | [ConflictEngine] No rows pending conflict analysis.
2026-03-02 03:47:05 |     INFO | MarketingAdvantageAI | [conflict_detection] ✅ Run complete | processed=0 | duration=37ms
2026-03-02 03:47:05 |     INFO | MarketingAdvantageAI | [AgenticValidation] No rows pending validation.
2026-03-02 03:47:05 |     INFO | MarketingAdvantageAI | [agentic_validation] ✅ Run complete | processed=0 | duration=5ms
2026-03-02 03:48:05 |     INFO | MarketingAdvantageAI | [AgenticValidation] No rows pending validation.
2026-03-02 03:48:05 |     INFO | MarketingAdvantageAI | [agentic_validation] ✅ Run complete | processed=0 | duration=7ms
2026-03-02 03:49:05 |     INFO | MarketingAdvantageAI | [ConflictEngine] No rows pending conflict analysis.
2026-03-02 03:49:05 |     INFO | MarketingAdvantageAI | [conflict_detection] ✅ Run complete | processed=0 | duration=5ms
2026-03-02 03:49:05 |     INFO | MarketingAdvantageAI | [AgenticValidation] No rows pending validation.
2026-03-02 03:49:05 |     INFO | MarketingAdvantageAI | [agentic_validation] ✅ Run complete | processed=0 | duration=3ms
2026-03-02 03:50:05 |     INFO | MarketingAdvantageAI | [AgenticValidation] No rows pending validation.
2026-03-02 03:50:05 |     INFO | MarketingAdvantageAI | [agentic_validation] ✅ Run complete | processed=0 | duration=4ms
2026-03-02 03:51:05 |     INFO | MarketingAdvantageAI | [TemporalRevalidation] No rows pending temporal review.
2026-03-02 03:51:05 |     INFO | MarketingAdvantageAI | [temporal_revalidation] ✅ Run complete | processed=0 | duration=0ms
2026-03-02 03:51:05 |     INFO | MarketingAdvantageAI | [ConflictEngine] No rows pending conflict analysis.
2026-03-02 03:51:05 |     INFO | MarketingAdvantageAI | [conflict_detection] ✅ Run complete | processed=0 | duration=4ms
2026-03-02 03:51:05 |     INFO | MarketingAdvantageAI | [AgenticValidation] No rows pending validation.
2026-03-02 03:51:05 |     INFO | MarketingAdvantageAI | [agentic_validation] ✅ Run complete | processed=0 | duration=5ms
2026-03-02 03:52:05 |     INFO | MarketingAdvantageAI | [AgenticValidation] No rows pending validation.
2026-03-02 03:52:05 |     INFO | MarketingAdvantageAI | [agentic_validation] ✅ Run complete | processed=0 | duration=2ms
2026-03-02 03:53:05 |     INFO | MarketingAdvantageAI | [ConflictEngine] No rows pending conflict analysis.
2026-03-02 03:53:05 |     INFO | MarketingAdvantageAI | [conflict_detection] ✅ Run complete | processed=0 | duration=4ms
2026-03-02 03:53:05 |     INFO | MarketingAdvantageAI | [AgenticValidation] No rows pending validation.
2026-03-02 03:53:05 |     INFO | MarketingAdvantageAI | [agentic_validation] ✅ Run complete | processed=0 | duration=4ms
2026-03-02 03:54:05 |     INFO | MarketingAdvantageAI | [AgenticValidation] No rows pending validation.
2026-03-02 03:54:05 |     INFO | MarketingAdvantageAI | [agentic_validation] ✅ Run complete | processed=0 | duration=6ms
2026-03-02 03:55:05 |     INFO | MarketingAdvantageAI | [ConflictEngine] No rows pending conflict analysis.
2026-03-02 03:55:05 |     INFO | MarketingAdvantageAI | [conflict_detection] ✅ Run complete | processed=0 | duration=7ms
2026-03-02 03:55:05 |     INFO | MarketingAdvantageAI | [AgenticValidation] No rows pending validation.
2026-03-02 03:55:05 |     INFO | MarketingAdvantageAI | [agentic_validation] ✅ Run complete | processed=0 | duration=9ms
2026-03-02 03:56:05 |     INFO | MarketingAdvantageAI | [TemporalRevalidation] No rows pending temporal review.
2026-03-02 03:56:05 |     INFO | MarketingAdvantageAI | [temporal_revalidation] ✅ Run complete | processed=0 | duration=3ms
2026-03-02 03:56:05 |     INFO | MarketingAdvantageAI | [AgenticValidation] No rows pending validation.
2026-03-02 03:56:05 |     INFO | MarketingAdvantageAI | [agentic_validation] ✅ Run complete | processed=0 | duration=7ms
2026-03-02 03:57:05 |     INFO | MarketingAdvantageAI | [ConflictEngine] No rows pending conflict analysis.
2026-03-02 03:57:05 |     INFO | MarketingAdvantageAI | [conflict_detection] ✅ Run complete | processed=0 | duration=8ms
2026-03-02 03:57:05 |     INFO | MarketingAdvantageAI | [AgenticValidation] No rows pending validation.
2026-03-02 03:57:05 |     INFO | MarketingAdvantageAI | [agentic_validation] ✅ Run complete | processed=0 | duration=4ms
2026-03-02 03:58:05 |     INFO | MarketingAdvantageAI | [AgenticValidation] No rows pending validation.
2026-03-02 03:58:05 |     INFO | MarketingAdvantageAI | [agentic_validation] ✅ Run complete | processed=0 | duration=6ms
2026-03-02 03:59:05 |     INFO | MarketingAdvantageAI | [ConflictEngine] No rows pending conflict analysis.
2026-03-02 03:59:05 |     INFO | MarketingAdvantageAI | [conflict_detection] ✅ Run complete | processed=0 | duration=8ms
2026-03-02 03:59:05 |     INFO | MarketingAdvantageAI | [AgenticValidation] No rows pending validation.
2026-03-02 03:59:05 |     INFO | MarketingAdvantageAI | [agentic_validation] ✅ Run complete | processed=0 | duration=5ms
2026-03-02 04:00:05 |     INFO | MarketingAdvantageAI | [AgenticValidation] No rows pending validation.
2026-03-02 04:00:05 |     INFO | MarketingAdvantageAI | [agentic_validation] ✅ Run complete | processed=0 | duration=6ms
2026-03-02 04:01:05 |     INFO | MarketingAdvantageAI | [TemporalRevalidation] No rows pending temporal review.
2026-03-02 04:01:05 |     INFO | MarketingAdvantageAI | [temporal_revalidation] ✅ Run complete | processed=0 | duration=8ms
2026-03-02 04:01:05 |     INFO | MarketingAdvantageAI | [ConflictEngine] No rows pending conflict analysis.
2026-03-02 04:01:05 |     INFO | MarketingAdvantageAI | [conflict_detection] ✅ Run complete | processed=0 | duration=9ms
2026-03-02 04:01:05 |     INFO | MarketingAdvantageAI | [AgenticValidation] No rows pending validation.
2026-03-02 04:01:05 |     INFO | MarketingAdvantageAI | [agentic_validation] ✅ Run complete | processed=0 | duration=8ms
2026-03-02 04:02:06 |     INFO | MarketingAdvantageAI | [AgenticValidation] No rows pending validation.
2026-03-02 04:02:06 |     INFO | MarketingAdvantageAI | [agentic_validation] ✅ Run complete | processed=0 | duration=148ms
2026-03-02 04:03:05 |     INFO | MarketingAdvantageAI | [ConflictEngine] No rows pending conflict analysis.
2026-03-02 04:03:05 |     INFO | MarketingAdvantageAI | [conflict_detection] ✅ Run complete | processed=0 | duration=111ms
2026-03-02 04:03:06 |     INFO | MarketingAdvantageAI | [AgenticValidation] No rows pending validation.
2026-03-02 04:03:06 |     INFO | MarketingAdvantageAI | [agentic_validation] ✅ Run complete | processed=0 | duration=106ms
2026-03-02 04:04:06 |     INFO | MarketingAdvantageAI | [AgenticValidation] No rows pending validation.
2026-03-02 04:04:06 |     INFO | MarketingAdvantageAI | [agentic_validation] ✅ Run complete | processed=0 | duration=106ms
2026-03-02 04:05:05 |     INFO | MarketingAdvantageAI | [ConflictEngine] No rows pending conflict analysis.
2026-03-02 04:05:05 |     INFO | MarketingAdvantageAI | [conflict_detection] ✅ Run complete | processed=0 | duration=8ms
2026-03-02 04:05:06 |     INFO | MarketingAdvantageAI | [AgenticValidation] No rows pending validation.
2026-03-02 04:05:06 |     INFO | MarketingAdvantageAI | [agentic_validation] ✅ Run complete | processed=0 | duration=7ms
2026-03-02 04:06:05 |     INFO | MarketingAdvantageAI | [TemporalRevalidation] No rows pending temporal review.
2026-03-02 04:06:05 |     INFO | MarketingAdvantageAI | [temporal_revalidation] ✅ Run complete | processed=0 | duration=8ms
2026-03-02 04:06:06 |     INFO | MarketingAdvantageAI | [AgenticValidation] No rows pending validation.
2026-03-02 04:06:06 |     INFO | MarketingAdvantageAI | [agentic_validation] ✅ Run complete | processed=0 | duration=8ms
2026-03-02 04:07:05 |     INFO | MarketingAdvantageAI | [ConflictEngine] No rows pending conflict analysis.
2026-03-02 04:07:05 |     INFO | MarketingAdvantageAI | [conflict_detection] ✅ Run complete | processed=0 | duration=5ms
2026-03-02 04:07:06 |     INFO | MarketingAdvantageAI | [AgenticValidation] No rows pending validation.
2026-03-02 04:07:06 |     INFO | MarketingAdvantageAI | [agentic_validation] ✅ Run complete | processed=0 | duration=6ms
2026-03-02 04:08:06 |     INFO | MarketingAdvantageAI | [AgenticValidation] No rows pending validation.
2026-03-02 04:08:06 |     INFO | MarketingAdvantageAI | [agentic_validation] ✅ Run complete | processed=0 | duration=4ms
2026-03-02 04:09:05 |     INFO | MarketingAdvantageAI | [ConflictEngine] No rows pending conflict analysis.
2026-03-02 04:09:05 |     INFO | MarketingAdvantageAI | [conflict_detection] ✅ Run complete | processed=0 | duration=6ms
2026-03-02 04:09:06 |     INFO | MarketingAdvantageAI | [AgenticValidation] No rows pending validation.
2026-03-02 04:09:06 |     INFO | MarketingAdvantageAI | [agentic_validation] ✅ Run complete | processed=0 | duration=4ms
2026-03-02 04:11:15 |     INFO | MarketingAdvantageAI | [AgenticValidation] No rows pending validation.
2026-03-02 04:11:15 |     INFO | MarketingAdvantageAI | [TemporalRevalidation] No rows pending temporal review.
2026-03-02 04:11:15 |     INFO | MarketingAdvantageAI | [ConflictEngine] No rows pending conflict analysis.
2026-03-02 04:11:15 |     INFO | MarketingAdvantageAI | [agentic_validation] ✅ Run complete | processed=0 | duration=105ms
2026-03-02 04:11:15 |     INFO | MarketingAdvantageAI | [temporal_revalidation] ✅ Run complete | processed=0 | duration=49ms
2026-03-02 04:11:15 |     INFO | MarketingAdvantageAI | [conflict_detection] ✅ Run complete | processed=0 | duration=47ms
2026-03-02 04:12:15 |     INFO | MarketingAdvantageAI | [AgenticValidation] No rows pending validation.
2026-03-02 04:12:15 |     INFO | MarketingAdvantageAI | [agentic_validation] ✅ Run complete | processed=0 | duration=8ms
2026-03-02 04:13:15 |     INFO | MarketingAdvantageAI | [ConflictEngine] No rows pending conflict analysis.
2026-03-02 04:13:15 |     INFO | MarketingAdvantageAI | [AgenticValidation] No rows pending validation.
2026-03-02 04:13:15 |     INFO | MarketingAdvantageAI | [conflict_detection] ✅ Run complete | processed=0 | duration=8ms
2026-03-02 04:13:15 |     INFO | MarketingAdvantageAI | [agentic_validation] ✅ Run complete | processed=0 | duration=8ms
2026-03-02 04:14:15 |     INFO | MarketingAdvantageAI | [AgenticValidation] No rows pending validation.
2026-03-02 04:14:15 |     INFO | MarketingAdvantageAI | [agentic_validation] ✅ Run complete | processed=0 | duration=8ms
2026-03-02 04:15:15 |     INFO | MarketingAdvantageAI | [ConflictEngine] No rows pending conflict analysis.
2026-03-02 04:15:15 |     INFO | MarketingAdvantageAI | [conflict_detection] ✅ Run complete | processed=0 | duration=3ms
2026-03-02 04:15:15 |     INFO | MarketingAdvantageAI | [AgenticValidation] No rows pending validation.
2026-03-02 04:15:15 |     INFO | MarketingAdvantageAI | [agentic_validation] ✅ Run complete | processed=0 | duration=7ms
2026-03-02 04:16:15 |     INFO | MarketingAdvantageAI | [TemporalRevalidation] No rows pending temporal review.
2026-03-02 04:16:15 |     INFO | MarketingAdvantageAI | [temporal_revalidation] ✅ Run complete | processed=0 | duration=5ms
2026-03-02 04:16:15 |     INFO | MarketingAdvantageAI | [AgenticValidation] No rows pending validation.
2026-03-02 04:16:15 |     INFO | MarketingAdvantageAI | [agentic_validation] ✅ Run complete | processed=0 | duration=8ms
2026-03-02 04:17:15 |     INFO | MarketingAdvantageAI | [ConflictEngine] No rows pending conflict analysis.
2026-03-02 04:17:15 |     INFO | MarketingAdvantageAI | [conflict_detection] ✅ Run complete | processed=0 | duration=8ms
2026-03-02 04:17:15 |     INFO | MarketingAdvantageAI | [AgenticValidation] No rows pending validation.
2026-03-02 04:17:15 |     INFO | MarketingAdvantageAI | [agentic_validation] ✅ Run complete | processed=0 | duration=3ms
2026-03-02 04:18:15 |     INFO | MarketingAdvantageAI | [AgenticValidation] No rows pending validation.
2026-03-02 04:18:15 |     INFO | MarketingAdvantageAI | [agentic_validation] ✅ Run complete | processed=0 | duration=6ms
2026-03-02 04:19:15 |     INFO | MarketingAdvantageAI | [ConflictEngine] No rows pending conflict analysis.
2026-03-02 04:19:15 |     INFO | MarketingAdvantageAI | [conflict_detection] ✅ Run complete | processed=0 | duration=37ms
2026-03-02 04:19:15 |     INFO | MarketingAdvantageAI | [AgenticValidation] No rows pending validation.
2026-03-02 04:19:15 |     INFO | MarketingAdvantageAI | [agentic_validation] ✅ Run complete | processed=0 | duration=6ms
2026-03-02 04:20:15 |     INFO | MarketingAdvantageAI | [AgenticValidation] No rows pending validation.
2026-03-02 04:20:15 |     INFO | MarketingAdvantageAI | [agentic_validation] ✅ Run complete | processed=0 | duration=6ms
2026-03-02 04:21:15 |     INFO | MarketingAdvantageAI | [TemporalRevalidation] No rows pending temporal review.
2026-03-02 04:21:15 |     INFO | MarketingAdvantageAI | [temporal_revalidation] ✅ Run complete | processed=0 | duration=9ms
2026-03-02 04:21:15 |     INFO | MarketingAdvantageAI | [ConflictEngine] No rows pending conflict analysis.
2026-03-02 04:21:15 |     INFO | MarketingAdvantageAI | [conflict_detection] ✅ Run complete | processed=0 | duration=7ms
2026-03-02 04:21:15 |     INFO | MarketingAdvantageAI | [AgenticValidation] No rows pending validation.
2026-03-02 04:21:15 |     INFO | MarketingAdvantageAI | [agentic_validation] ✅ Run complete | processed=0 | duration=6ms
2026-03-02 04:22:15 |     INFO | MarketingAdvantageAI | [AgenticValidation] No rows pending validation.
2026-03-02 04:22:15 |     INFO | MarketingAdvantageAI | [agentic_validation] ✅ Run complete | processed=0 | duration=7ms
2026-03-02 04:23:15 |     INFO | MarketingAdvantageAI | [ConflictEngine] No rows pending conflict analysis.
2026-03-02 04:23:15 |     INFO | MarketingAdvantageAI | [conflict_detection] ✅ Run complete | processed=0 | duration=4ms
2026-03-02 04:23:15 |     INFO | MarketingAdvantageAI | [AgenticValidation] No rows pending validation.
2026-03-02 04:23:15 |     INFO | MarketingAdvantageAI | [agentic_validation] ✅ Run complete | processed=0 | duration=6ms
2026-03-02 04:24:15 |     INFO | MarketingAdvantageAI | [AgenticValidation] No rows pending validation.
2026-03-02 04:24:15 |     INFO | MarketingAdvantageAI | [agentic_validation] ✅ Run complete | processed=0 | duration=8ms
2026-03-02 04:25:15 |     INFO | MarketingAdvantageAI | [ConflictEngine] No rows pending conflict analysis.
2026-03-02 04:25:15 |     INFO | MarketingAdvantageAI | [conflict_detection] ✅ Run complete | processed=0 | duration=8ms
2026-03-02 04:25:15 |     INFO | MarketingAdvantageAI | [AgenticValidation] No rows pending validation.
2026-03-02 04:25:15 |     INFO | MarketingAdvantageAI | [agentic_validation] ✅ Run complete | processed=0 | duration=6ms
2026-03-02 04:26:15 |     INFO | MarketingAdvantageAI | [TemporalRevalidation] No rows pending temporal review.
2026-03-02 04:26:15 |     INFO | MarketingAdvantageAI | [temporal_revalidation] ✅ Run complete | processed=0 | duration=4ms
2026-03-02 04:26:15 |     INFO | MarketingAdvantageAI | [AgenticValidation] No rows pending validation.
2026-03-02 04:26:15 |     INFO | MarketingAdvantageAI | [agentic_validation] ✅ Run complete | processed=0 | duration=7ms
2026-03-02 04:27:15 |     INFO | MarketingAdvantageAI | [ConflictEngine] No rows pending conflict analysis.
2026-03-02 04:27:15 |     INFO | MarketingAdvantageAI | [conflict_detection] ✅ Run complete | processed=0 | duration=8ms
2026-03-02 04:27:15 |     INFO | MarketingAdvantageAI | [AgenticValidation] No rows pending validation.
2026-03-02 04:27:15 |     INFO | MarketingAdvantageAI | [agentic_validation] ✅ Run complete | processed=0 | duration=8ms
2026-03-02 04:28:15 |     INFO | MarketingAdvantageAI | [AgenticValidation] No rows pending validation.
2026-03-02 04:28:15 |     INFO | MarketingAdvantageAI | [agentic_validation] ✅ Run complete | processed=0 | duration=5ms
2026-03-02 04:29:15 |     INFO | MarketingAdvantageAI | [ConflictEngine] No rows pending conflict analysis.
2026-03-02 04:29:15 |     INFO | MarketingAdvantageAI | [conflict_detection] ✅ Run complete | processed=0 | duration=8ms
2026-03-02 04:29:15 |     INFO | MarketingAdvantageAI | [AgenticValidation] No rows pending validation.
2026-03-02 04:29:15 |     INFO | MarketingAdvantageAI | [agentic_validation] ✅ Run complete | processed=0 | duration=7ms
2026-03-02 04:30:15 |     INFO | MarketingAdvantageAI | [AgenticValidation] No rows pending validation.
2026-03-02 04:30:15 |     INFO | MarketingAdvantageAI | [agentic_validation] ✅ Run complete | processed=0 | duration=8ms
2026-03-02 04:31:15 |     INFO | MarketingAdvantageAI | [TemporalRevalidation] No rows pending temporal review.
2026-03-02 04:31:15 |     INFO | MarketingAdvantageAI | [temporal_revalidation] ✅ Run complete | processed=0 | duration=7ms
2026-03-02 04:31:15 |     INFO | MarketingAdvantageAI | [ConflictEngine] No rows pending conflict analysis.
2026-03-02 04:31:15 |     INFO | MarketingAdvantageAI | [conflict_detection] ✅ Run complete | processed=0 | duration=8ms
2026-03-02 04:31:15 |     INFO | MarketingAdvantageAI | [AgenticValidation] No rows pending validation.
2026-03-02 04:31:15 |     INFO | MarketingAdvantageAI | [agentic_validation] ✅ Run complete | processed=0 | duration=0ms
2026-03-02 04:32:15 |     INFO | MarketingAdvantageAI | [AgenticValidation] No rows pending validation.
2026-03-02 04:32:15 |     INFO | MarketingAdvantageAI | [agentic_validation] ✅ Run complete | processed=0 | duration=2ms
2026-03-02 04:33:15 |     INFO | MarketingAdvantageAI | [ConflictEngine] No rows pending conflict analysis.
2026-03-02 04:33:15 |     INFO | MarketingAdvantageAI | [conflict_detection] ✅ Run complete | processed=0 | duration=4ms
2026-03-02 04:33:15 |     INFO | MarketingAdvantageAI | [AgenticValidation] No rows pending validation.
2026-03-02 04:33:15 |     INFO | MarketingAdvantageAI | [agentic_validation] ✅ Run complete | processed=0 | duration=96ms
2026-03-02 04:34:15 |     INFO | MarketingAdvantageAI | [AgenticValidation] No rows pending validation.
2026-03-02 04:34:15 |     INFO | MarketingAdvantageAI | [agentic_validation] ✅ Run complete | processed=0 | duration=91ms
2026-03-02 04:35:15 |     INFO | MarketingAdvantageAI | [ConflictEngine] No rows pending conflict analysis.
2026-03-02 04:35:15 |     INFO | MarketingAdvantageAI | [conflict_detection] ✅ Run complete | processed=0 | duration=97ms
2026-03-02 04:35:15 |     INFO | MarketingAdvantageAI | [AgenticValidation] No rows pending validation.
2026-03-02 04:35:15 |     INFO | MarketingAdvantageAI | [agentic_validation] ✅ Run complete | processed=0 | duration=107ms
2026-03-02 04:50:27 |  WARNING | MarketingAdvantageAI | [HealthMonitor] Unhealthy workers detected: agentic_validation (stalled, 912s since last run), conflict_detection (stalled, 912s since last run), temporal_revalidation (stalled, 1152s since last run)
2026-03-02 04:50:27 |     INFO | MarketingAdvantageAI | [TemporalRevalidation] No rows pending temporal review.
2026-03-02 04:50:27 |     INFO | MarketingAdvantageAI | [temporal_revalidation] ✅ Run complete | processed=0 | duration=118ms
2026-03-02 04:50:27 |     INFO | MarketingAdvantageAI | [ConflictEngine] No rows pending conflict analysis.
2026-03-02 04:50:27 |     INFO | MarketingAdvantageAI | [AgenticValidation] No rows pending validation.
2026-03-02 04:50:27 |     INFO | MarketingAdvantageAI | [conflict_detection] ✅ Run complete | processed=0 | duration=91ms
2026-03-02 04:50:27 |     INFO | MarketingAdvantageAI | [agentic_validation] ✅ Run complete | processed=0 | duration=104ms
2026-03-02 04:59:14 |  WARNING | MarketingAdvantageAI | [HealthMonitor] Unhealthy workers detected: agentic_validation (stalled, 527s since last run), conflict_detection (stalled, 527s since last run)
2026-03-02 04:59:14 |     INFO | MarketingAdvantageAI | [AgenticValidation] No rows pending validation.
2026-03-02 04:59:14 |     INFO | MarketingAdvantageAI | [agentic_validation] ✅ Run complete | processed=0 | duration=92ms
2026-03-02 04:59:14 |     INFO | MarketingAdvantageAI | [ConflictEngine] No rows pending conflict analysis.
2026-03-02 04:59:14 |     INFO | MarketingAdvantageAI | [TemporalRevalidation] No rows pending temporal review.
2026-03-02 04:59:14 |     INFO | MarketingAdvantageAI | [conflict_detection] ✅ Run complete | processed=0 | duration=96ms
2026-03-02 04:59:14 |     INFO | MarketingAdvantageAI | [temporal_revalidation] ✅ Run complete | processed=0 | duration=85ms
2026-03-02 05:00:14 |     INFO | MarketingAdvantageAI | [AgenticValidation] No rows pending validation.
2026-03-02 05:00:14 |     INFO | MarketingAdvantageAI | [agentic_validation] ✅ Run complete | processed=0 | duration=5ms
2026-03-02 05:01:14 |     INFO | MarketingAdvantageAI | [AgenticValidation] No rows pending validation.
2026-03-02 05:01:14 |     INFO | MarketingAdvantageAI | [ConflictEngine] No rows pending conflict analysis.
2026-03-02 05:01:14 |     INFO | MarketingAdvantageAI | [agentic_validation] ✅ Run complete | processed=0 | duration=8ms
2026-03-02 05:01:14 |     INFO | MarketingAdvantageAI | [conflict_detection] ✅ Run complete | processed=0 | duration=8ms
2026-03-02 05:02:14 |     INFO | MarketingAdvantageAI | [AgenticValidation] No rows pending validation.
2026-03-02 05:02:14 |     INFO | MarketingAdvantageAI | [agentic_validation] ✅ Run complete | processed=0 | duration=4ms
2026-03-02 05:03:14 |     INFO | MarketingAdvantageAI | [ConflictEngine] No rows pending conflict analysis.
2026-03-02 05:03:14 |     INFO | MarketingAdvantageAI | [conflict_detection] ✅ Run complete | processed=0 | duration=0ms
2026-03-02 05:03:14 |     INFO | MarketingAdvantageAI | [AgenticValidation] No rows pending validation.
2026-03-02 05:03:14 |     INFO | MarketingAdvantageAI | [agentic_validation] ✅ Run complete | processed=0 | duration=4ms
2026-03-02 05:04:14 |     INFO | MarketingAdvantageAI | [TemporalRevalidation] No rows pending temporal review.
2026-03-02 05:04:14 |     INFO | MarketingAdvantageAI | [temporal_revalidation] ✅ Run complete | processed=0 | duration=1ms
2026-03-02 05:04:14 |     INFO | MarketingAdvantageAI | [AgenticValidation] No rows pending validation.
2026-03-02 05:04:14 |     INFO | MarketingAdvantageAI | [agentic_validation] ✅ Run complete | processed=0 | duration=8ms
2026-03-02 05:05:14 |     INFO | MarketingAdvantageAI | [ConflictEngine] No rows pending conflict analysis.
2026-03-02 05:05:14 |     INFO | MarketingAdvantageAI | [conflict_detection] ✅ Run complete | processed=0 | duration=92ms
2026-03-02 05:05:14 |     INFO | MarketingAdvantageAI | [AgenticValidation] No rows pending validation.
2026-03-02 05:05:14 |     INFO | MarketingAdvantageAI | [agentic_validation] ✅ Run complete | processed=0 | duration=88ms
2026-03-02 05:06:14 |     INFO | MarketingAdvantageAI | [AgenticValidation] No rows pending validation.
2026-03-02 05:06:14 |     INFO | MarketingAdvantageAI | [agentic_validation] ✅ Run complete | processed=0 | duration=116ms
2026-03-02 05:07:14 |     INFO | MarketingAdvantageAI | [ConflictEngine] No rows pending conflict analysis.
2026-03-02 05:07:14 |     INFO | MarketingAdvantageAI | [conflict_detection] ✅ Run complete | processed=0 | duration=82ms
2026-03-02 05:07:14 |     INFO | MarketingAdvantageAI | [AgenticValidation] No rows pending validation.
2026-03-02 05:07:14 |     INFO | MarketingAdvantageAI | [agentic_validation] ✅ Run complete | processed=0 | duration=0ms
2026-03-02 05:08:14 |     INFO | MarketingAdvantageAI | [AgenticValidation] No rows pending validation.
2026-03-02 05:08:14 |     INFO | MarketingAdvantageAI | [agentic_validation] ✅ Run complete | processed=0 | duration=5ms
2026-03-02 05:09:14 |     INFO | MarketingAdvantageAI | [TemporalRevalidation] No rows pending temporal review.
2026-03-02 05:09:14 |     INFO | MarketingAdvantageAI | [temporal_revalidation] ✅ Run complete | processed=0 | duration=8ms
2026-03-02 05:09:14 |     INFO | MarketingAdvantageAI | [ConflictEngine] No rows pending conflict analysis.
2026-03-02 05:09:14 |     INFO | MarketingAdvantageAI | [conflict_detection] ✅ Run complete | processed=0 | duration=6ms
2026-03-02 05:09:14 |     INFO | MarketingAdvantageAI | [AgenticValidation] No rows pending validation.
2026-03-02 05:09:14 |     INFO | MarketingAdvantageAI | [agentic_validation] ✅ Run complete | processed=0 | duration=5ms
2026-03-02 05:10:14 |     INFO | MarketingAdvantageAI | [AgenticValidation] No rows pending validation.
2026-03-02 05:10:14 |     INFO | MarketingAdvantageAI | [agentic_validation] ✅ Run complete | processed=0 | duration=5ms
2026-03-02 05:11:14 |     INFO | MarketingAdvantageAI | [ConflictEngine] No rows pending conflict analysis.
2026-03-02 05:11:14 |     INFO | MarketingAdvantageAI | [conflict_detection] ✅ Run complete | processed=0 | duration=7ms
2026-03-02 05:11:14 |     INFO | MarketingAdvantageAI | [AgenticValidation] No rows pending validation.
2026-03-02 05:11:14 |     INFO | MarketingAdvantageAI | [agentic_validation] ✅ Run complete | processed=0 | duration=7ms
2026-03-02 05:12:14 |     INFO | MarketingAdvantageAI | [AgenticValidation] No rows pending validation.
2026-03-02 05:12:14 |     INFO | MarketingAdvantageAI | [agentic_validation] ✅ Run complete | processed=0 | duration=6ms
2026-03-02 05:13:14 |     INFO | MarketingAdvantageAI | [ConflictEngine] No rows pending conflict analysis.
2026-03-02 05:13:14 |     INFO | MarketingAdvantageAI | [conflict_detection] ✅ Run complete | processed=0 | duration=6ms
2026-03-02 05:13:14 |     INFO | MarketingAdvantageAI | [AgenticValidation] No rows pending validation.
2026-03-02 05:13:14 |     INFO | MarketingAdvantageAI | [agentic_validation] ✅ Run complete | processed=0 | duration=5ms
2026-03-02 05:14:14 |     INFO | MarketingAdvantageAI | [TemporalRevalidation] No rows pending temporal review.
2026-03-02 05:14:14 |     INFO | MarketingAdvantageAI | [temporal_revalidation] ✅ Run complete | processed=0 | duration=4ms
2026-03-02 05:14:14 |     INFO | MarketingAdvantageAI | [AgenticValidation] No rows pending validation.
2026-03-02 05:14:14 |     INFO | MarketingAdvantageAI | [agentic_validation] ✅ Run complete | processed=0 | duration=4ms
2026-03-02 05:15:14 |     INFO | MarketingAdvantageAI | [ConflictEngine] No rows pending conflict analysis.
2026-03-02 05:15:14 |     INFO | MarketingAdvantageAI | [conflict_detection] ✅ Run complete | processed=0 | duration=6ms
2026-03-02 05:15:14 |     INFO | MarketingAdvantageAI | [AgenticValidation] No rows pending validation.
2026-03-02 05:15:14 |     INFO | MarketingAdvantageAI | [agentic_validation] ✅ Run complete | processed=0 | duration=6ms
2026-03-02 05:57:06 |  WARNING | MarketingAdvantageAI | [HealthMonitor] Unhealthy workers detected: agentic_validation (stalled, 2512s since last run), conflict_detection (stalled, 2512s since last run), temporal_revalidation (stalled, 2572s since last run)
2026-03-02 05:57:08 |     INFO | MarketingAdvantageAI | [AgenticValidation] No rows pending validation.
2026-03-02 05:57:08 |     INFO | MarketingAdvantageAI | [TemporalRevalidation] No rows pending temporal review.
2026-03-02 05:57:08 |     INFO | MarketingAdvantageAI | [ConflictEngine] No rows pending conflict analysis.
2026-03-02 05:57:08 |     INFO | MarketingAdvantageAI | [agentic_validation] ✅ Run complete | processed=0 | duration=1177ms
2026-03-02 05:57:08 |     INFO | MarketingAdvantageAI | [temporal_revalidation] ✅ Run complete | processed=0 | duration=743ms
2026-03-02 05:57:08 |     INFO | MarketingAdvantageAI | [conflict_detection] ✅ Run complete | processed=0 | duration=758ms
2026-03-02 07:09:09 |  WARNING | MarketingAdvantageAI | [HealthMonitor] Unhealthy workers detected: agentic_validation (stalled, 4322s since last run), conflict_detection (stalled, 4322s since last run), temporal_revalidation (stalled, 4322s since last run)
2026-03-02 07:09:10 |     INFO | MarketingAdvantageAI | [ConflictEngine] No rows pending conflict analysis.
2026-03-02 07:09:10 |     INFO | MarketingAdvantageAI | [TemporalRevalidation] No rows pending temporal review.
2026-03-02 07:09:10 |     INFO | MarketingAdvantageAI | [AgenticValidation] No rows pending validation.
2026-03-02 07:09:10 |     INFO | MarketingAdvantageAI | [conflict_detection] ✅ Run complete | processed=0 | duration=605ms
2026-03-02 07:09:10 |     INFO | MarketingAdvantageAI | [temporal_revalidation] ✅ Run complete | processed=0 | duration=588ms
2026-03-02 07:09:10 |     INFO | MarketingAdvantageAI | [agentic_validation] ✅ Run complete | processed=0 | duration=671ms
2026-03-02 07:10:10 |     INFO | MarketingAdvantageAI | [AgenticValidation] No rows pending validation.
2026-03-02 07:10:10 |     INFO | MarketingAdvantageAI | [agentic_validation] ✅ Run complete | processed=0 | duration=89ms
2026-03-02 07:11:10 |     INFO | MarketingAdvantageAI | [ConflictEngine] No rows pending conflict analysis.
2026-03-02 07:11:10 |     INFO | MarketingAdvantageAI | [conflict_detection] ✅ Run complete | processed=0 | duration=4ms
2026-03-02 07:11:10 |     INFO | MarketingAdvantageAI | [AgenticValidation] No rows pending validation.
2026-03-02 07:11:10 |     INFO | MarketingAdvantageAI | [agentic_validation] ✅ Run complete | processed=0 | duration=5ms
2026-03-02 07:12:10 |     INFO | MarketingAdvantageAI | [AgenticValidation] No rows pending validation.
2026-03-02 07:12:10 |     INFO | MarketingAdvantageAI | [agentic_validation] ✅ Run complete | processed=0 | duration=4ms
2026-03-02 07:13:10 |     INFO | MarketingAdvantageAI | [ConflictEngine] No rows pending conflict analysis.
2026-03-02 07:13:10 |     INFO | MarketingAdvantageAI | [conflict_detection] ✅ Run complete | processed=0 | duration=0ms
2026-03-02 07:13:10 |     INFO | MarketingAdvantageAI | [AgenticValidation] No rows pending validation.
2026-03-02 07:13:10 |     INFO | MarketingAdvantageAI | [agentic_validation] ✅ Run complete | processed=0 | duration=0ms
2026-03-02 07:14:10 |     INFO | MarketingAdvantageAI | [TemporalRevalidation] No rows pending temporal review.
2026-03-02 07:14:10 |     INFO | MarketingAdvantageAI | [temporal_revalidation] ✅ Run complete | processed=0 | duration=4ms
2026-03-02 07:14:10 |     INFO | MarketingAdvantageAI | [AgenticValidation] No rows pending validation.
2026-03-02 07:14:10 |     INFO | MarketingAdvantageAI | [agentic_validation] ✅ Run complete | processed=0 | duration=5ms
2026-03-02 07:15:10 |     INFO | MarketingAdvantageAI | [ConflictEngine] No rows pending conflict analysis.
2026-03-02 07:15:10 |     INFO | MarketingAdvantageAI | [conflict_detection] ✅ Run complete | processed=0 | duration=4ms
2026-03-02 07:15:10 |     INFO | MarketingAdvantageAI | [AgenticValidation] No rows pending validation.
2026-03-02 07:15:10 |     INFO | MarketingAdvantageAI | [agentic_validation] ✅ Run complete | processed=0 | duration=1ms
2026-03-02 07:16:10 |     INFO | MarketingAdvantageAI | [AgenticValidation] No rows pending validation.
2026-03-02 07:16:10 |     INFO | MarketingAdvantageAI | [agentic_validation] ✅ Run complete | processed=0 | duration=5ms
2026-03-02 07:17:10 |     INFO | MarketingAdvantageAI | [ConflictEngine] No rows pending conflict analysis.
2026-03-02 07:17:10 |     INFO | MarketingAdvantageAI | [conflict_detection] ✅ Run complete | processed=0 | duration=0ms
2026-03-02 07:17:10 |     INFO | MarketingAdvantageAI | [AgenticValidation] No rows pending validation.
2026-03-02 07:17:10 |     INFO | MarketingAdvantageAI | [agentic_validation] ✅ Run complete | processed=0 | duration=0ms
2026-03-02 11:18:59 |  WARNING | MarketingAdvantageAI | [HealthMonitor] Unhealthy workers detected: agentic_validation (stalled, 14509s since last run), conflict_detection (stalled, 14509s since last run), temporal_revalidation (stalled, 14689s since last run)
2026-03-02 11:19:00 |     INFO | MarketingAdvantageAI | [AgenticValidation] No rows pending validation.
2026-03-02 11:19:00 |     INFO | MarketingAdvantageAI | [ConflictEngine] No rows pending conflict analysis.
2026-03-02 11:19:00 |     INFO | MarketingAdvantageAI | [TemporalRevalidation] No rows pending temporal review.
2026-03-02 11:19:00 |     INFO | MarketingAdvantageAI | [agentic_validation] ✅ Run complete | processed=0 | duration=796ms
2026-03-02 11:19:00 |     INFO | MarketingAdvantageAI | [conflict_detection] ✅ Run complete | processed=0 | duration=778ms
2026-03-02 11:19:00 |     INFO | MarketingAdvantageAI | [temporal_revalidation] ✅ Run complete | processed=0 | duration=789ms
2026-03-02 13:06:56 |  WARNING | MarketingAdvantageAI | [HealthMonitor] Unhealthy workers detected: agentic_validation (stalled, 6477s since last run), conflict_detection (stalled, 6477s since last run), temporal_revalidation (stalled, 6477s since last run)
2026-03-02 13:06:57 |     INFO | MarketingAdvantageAI | [ConflictEngine] No rows pending conflict analysis.
2026-03-02 13:06:57 |     INFO | MarketingAdvantageAI | [AgenticValidation] No rows pending validation.
2026-03-02 13:06:57 |     INFO | MarketingAdvantageAI | [TemporalRevalidation] No rows pending temporal review.
2026-03-02 13:06:57 |     INFO | MarketingAdvantageAI | [conflict_detection] ✅ Run complete | processed=0 | duration=977ms
2026-03-02 13:06:57 |     INFO | MarketingAdvantageAI | [agentic_validation] ✅ Run complete | processed=0 | duration=1002ms
2026-03-02 13:06:57 |     INFO | MarketingAdvantageAI | [temporal_revalidation] ✅ Run complete | processed=0 | duration=921ms
2026-03-02 15:07:00 |  WARNING | MarketingAdvantageAI | [HealthMonitor] Unhealthy workers detected: agentic_validation (stalled, 7204s since last run), conflict_detection (stalled, 7204s since last run), temporal_revalidation (stalled, 7204s since last run)
2026-03-02 15:07:01 |     INFO | MarketingAdvantageAI | [TemporalRevalidation] No rows pending temporal review.
2026-03-02 15:07:01 |     INFO | MarketingAdvantageAI | [ConflictEngine] No rows pending conflict analysis.
2026-03-02 15:07:01 |     INFO | MarketingAdvantageAI | [AgenticValidation] No rows pending validation.
2026-03-02 15:07:01 |     INFO | MarketingAdvantageAI | [temporal_revalidation] ✅ Run complete | processed=0 | duration=471ms
2026-03-02 15:07:01 |     INFO | MarketingAdvantageAI | [conflict_detection] ✅ Run complete | processed=0 | duration=487ms
2026-03-02 15:07:01 |     INFO | MarketingAdvantageAI | [agentic_validation] ✅ Run complete | processed=0 | duration=563ms
2026-03-02 18:46:55 |  WARNING | MarketingAdvantageAI | [HealthMonitor] Unhealthy workers detected: agentic_validation (stalled, 13195s since last run), conflict_detection (stalled, 13195s since last run), temporal_revalidation (stalled, 13195s since last run)
2026-03-02 18:46:56 |     INFO | MarketingAdvantageAI | [AgenticValidation] No rows pending validation.
2026-03-02 18:46:56 |     INFO | MarketingAdvantageAI | [ConflictEngine] No rows pending conflict analysis.
2026-03-02 18:46:56 |     INFO | MarketingAdvantageAI | [TemporalRevalidation] No rows pending temporal review.
2026-03-02 18:46:56 |     INFO | MarketingAdvantageAI | [agentic_validation] ✅ Run complete | processed=0 | duration=1125ms
2026-03-02 18:46:56 |     INFO | MarketingAdvantageAI | [conflict_detection] ✅ Run complete | processed=0 | duration=1112ms
2026-03-02 18:46:56 |     INFO | MarketingAdvantageAI | [temporal_revalidation] ✅ Run complete | processed=0 | duration=1104ms
2026-03-02 18:47:55 |     INFO | MarketingAdvantageAI | [AgenticValidation] No rows pending validation.
2026-03-02 18:47:55 |     INFO | MarketingAdvantageAI | [agentic_validation] ✅ Run complete | processed=0 | duration=71ms
2026-03-02 18:48:55 |     INFO | MarketingAdvantageAI | [ConflictEngine] No rows pending conflict analysis.
2026-03-02 18:48:55 |     INFO | MarketingAdvantageAI | [conflict_detection] ✅ Run complete | processed=0 | duration=2ms
2026-03-02 18:48:55 |     INFO | MarketingAdvantageAI | [AgenticValidation] No rows pending validation.
2026-03-02 18:48:55 |     INFO | MarketingAdvantageAI | [agentic_validation] ✅ Run complete | processed=0 | duration=5ms
2026-03-02 18:49:55 |     INFO | MarketingAdvantageAI | [AgenticValidation] No rows pending validation.
2026-03-02 18:49:55 |     INFO | MarketingAdvantageAI | [agentic_validation] ✅ Run complete | processed=0 | duration=2ms
2026-03-02 18:50:55 |     INFO | MarketingAdvantageAI | [ConflictEngine] No rows pending conflict analysis.
2026-03-02 18:50:55 |     INFO | MarketingAdvantageAI | [conflict_detection] ✅ Run complete | processed=0 | duration=8ms
2026-03-02 18:50:55 |     INFO | MarketingAdvantageAI | [AgenticValidation] No rows pending validation.
2026-03-02 18:50:55 |     INFO | MarketingAdvantageAI | [agentic_validation] ✅ Run complete | processed=0 | duration=6ms
2026-03-02 18:51:55 |     INFO | MarketingAdvantageAI | [TemporalRevalidation] No rows pending temporal review.
2026-03-02 18:51:55 |     INFO | MarketingAdvantageAI | [temporal_revalidation] ✅ Run complete | processed=0 | duration=6ms
2026-03-02 18:51:55 |     INFO | MarketingAdvantageAI | [AgenticValidation] No rows pending validation.
2026-03-02 18:51:55 |     INFO | MarketingAdvantageAI | [agentic_validation] ✅ Run complete | processed=0 | duration=0ms
2026-03-02 18:52:55 |     INFO | MarketingAdvantageAI | [ConflictEngine] No rows pending conflict analysis.
2026-03-02 18:52:55 |     INFO | MarketingAdvantageAI | [conflict_detection] ✅ Run complete | processed=0 | duration=0ms
2026-03-02 18:52:55 |     INFO | MarketingAdvantageAI | [AgenticValidation] No rows pending validation.
2026-03-02 18:52:55 |     INFO | MarketingAdvantageAI | [agentic_validation] ✅ Run complete | processed=0 | duration=8ms
2026-03-02 18:53:55 |     INFO | MarketingAdvantageAI | [AgenticValidation] No rows pending validation.
2026-03-02 18:53:55 |     INFO | MarketingAdvantageAI | [agentic_validation] ✅ Run complete | processed=0 | duration=6ms
2026-03-02 18:54:55 |     INFO | MarketingAdvantageAI | [ConflictEngine] No rows pending conflict analysis.
2026-03-02 18:54:55 |     INFO | MarketingAdvantageAI | [conflict_detection] ✅ Run complete | processed=0 | duration=6ms
2026-03-02 18:54:55 |     INFO | MarketingAdvantageAI | [AgenticValidation] No rows pending validation.
2026-03-02 18:54:55 |     INFO | MarketingAdvantageAI | [agentic_validation] ✅ Run complete | processed=0 | duration=0ms
2026-03-02 18:55:55 |     INFO | MarketingAdvantageAI | [AgenticValidation] No rows pending validation.
2026-03-02 18:55:55 |     INFO | MarketingAdvantageAI | [agentic_validation] ✅ Run complete | processed=0 | duration=1ms
2026-03-02 18:56:55 |     INFO | MarketingAdvantageAI | [TemporalRevalidation] No rows pending temporal review.
2026-03-02 18:56:55 |     INFO | MarketingAdvantageAI | [temporal_revalidation] ✅ Run complete | processed=0 | duration=1ms
2026-03-02 18:56:55 |     INFO | MarketingAdvantageAI | [ConflictEngine] No rows pending conflict analysis.
2026-03-02 18:56:55 |     INFO | MarketingAdvantageAI | [conflict_detection] ✅ Run complete | processed=0 | duration=4ms
2026-03-02 18:56:55 |     INFO | MarketingAdvantageAI | [AgenticValidation] No rows pending validation.
2026-03-02 18:56:55 |     INFO | MarketingAdvantageAI | [agentic_validation] ✅ Run complete | processed=0 | duration=0ms
2026-03-02 18:59:24 |     INFO | MarketingAdvantageAI | [AgenticValidation] No rows pending validation.
2026-03-02 18:59:24 |     INFO | MarketingAdvantageAI | [agentic_validation] ✅ Run complete | processed=0 | duration=57ms
2026-03-02 18:59:24 |     INFO | MarketingAdvantageAI | [ConflictEngine] No rows pending conflict analysis.
2026-03-02 18:59:24 |     INFO | MarketingAdvantageAI | [conflict_detection] ✅ Run complete | processed=0 | duration=58ms
2026-03-02 19:00:24 |     INFO | MarketingAdvantageAI | [AgenticValidation] No rows pending validation.
2026-03-02 19:00:24 |     INFO | MarketingAdvantageAI | [agentic_validation] ✅ Run complete | processed=0 | duration=4ms
2026-03-02 19:01:24 |     INFO | MarketingAdvantageAI | [AgenticValidation] No rows pending validation.
2026-03-02 19:01:24 |     INFO | MarketingAdvantageAI | [agentic_validation] ✅ Run complete | processed=0 | duration=0ms
2026-03-02 19:01:24 |     INFO | MarketingAdvantageAI | [ConflictEngine] No rows pending conflict analysis.
2026-03-02 19:01:24 |     INFO | MarketingAdvantageAI | [conflict_detection] ✅ Run complete | processed=0 | duration=0ms
2026-03-02 19:01:55 |     INFO | MarketingAdvantageAI | [TemporalRevalidation] No rows pending temporal review.
2026-03-02 19:01:55 |     INFO | MarketingAdvantageAI | [temporal_revalidation] ✅ Run complete | processed=0 | duration=0ms
2026-03-02 19:02:24 |     INFO | MarketingAdvantageAI | [AgenticValidation] No rows pending validation.
2026-03-02 19:02:24 |     INFO | MarketingAdvantageAI | [agentic_validation] ✅ Run complete | processed=0 | duration=1ms
2026-03-02 19:03:24 |     INFO | MarketingAdvantageAI | [ConflictEngine] No rows pending conflict analysis.
2026-03-02 19:03:24 |     INFO | MarketingAdvantageAI | [AgenticValidation] No rows pending validation.
2026-03-02 19:03:24 |     INFO | MarketingAdvantageAI | [conflict_detection] ✅ Run complete | processed=0 | duration=6ms
2026-03-02 19:03:24 |     INFO | MarketingAdvantageAI | [agentic_validation] ✅ Run complete | processed=0 | duration=8ms
2026-03-02 19:04:24 |     INFO | MarketingAdvantageAI | [AgenticValidation] No rows pending validation.
2026-03-02 19:04:24 |     INFO | MarketingAdvantageAI | [agentic_validation] ✅ Run complete | processed=0 | duration=5ms
2026-03-02 19:05:24 |     INFO | MarketingAdvantageAI | [ConflictEngine] No rows pending conflict analysis.
2026-03-02 19:05:24 |     INFO | MarketingAdvantageAI | [conflict_detection] ✅ Run complete | processed=0 | duration=3ms
2026-03-02 19:05:24 |     INFO | MarketingAdvantageAI | [AgenticValidation] No rows pending validation.
2026-03-02 19:05:24 |     INFO | MarketingAdvantageAI | [agentic_validation] ✅ Run complete | processed=0 | duration=5ms
2026-03-02 19:06:24 |     INFO | MarketingAdvantageAI | [AgenticValidation] No rows pending validation.
2026-03-02 19:06:24 |     INFO | MarketingAdvantageAI | [agentic_validation] ✅ Run complete | processed=0 | duration=5ms
2026-03-02 19:06:55 |     INFO | MarketingAdvantageAI | [TemporalRevalidation] No rows pending temporal review.
2026-03-02 19:06:55 |     INFO | MarketingAdvantageAI | [temporal_revalidation] ✅ Run complete | processed=0 | duration=6ms
2026-03-02 19:07:24 |     INFO | MarketingAdvantageAI | [ConflictEngine] No rows pending conflict analysis.
2026-03-02 19:07:24 |     INFO | MarketingAdvantageAI | [AgenticValidation] No rows pending validation.
2026-03-02 19:07:24 |     INFO | MarketingAdvantageAI | [conflict_detection] ✅ Run complete | processed=0 | duration=7ms
2026-03-02 19:07:24 |     INFO | MarketingAdvantageAI | [agentic_validation] ✅ Run complete | processed=0 | duration=6ms
2026-03-02 19:08:24 |     INFO | MarketingAdvantageAI | [AgenticValidation] No rows pending validation.
2026-03-02 19:08:24 |     INFO | MarketingAdvantageAI | [agentic_validation] ✅ Run complete | processed=0 | duration=5ms
2026-03-02 19:09:24 |     INFO | MarketingAdvantageAI | [ConflictEngine] No rows pending conflict analysis.
2026-03-02 19:09:24 |     INFO | MarketingAdvantageAI | [AgenticValidation] No rows pending validation.
2026-03-02 19:09:24 |     INFO | MarketingAdvantageAI | [conflict_detection] ✅ Run complete | processed=0 | duration=5ms
2026-03-02 19:09:24 |     INFO | MarketingAdvantageAI | [agentic_validation] ✅ Run complete | processed=0 | duration=8ms
2026-03-02 19:10:24 |     INFO | MarketingAdvantageAI | [AgenticValidation] No rows pending validation.
2026-03-02 19:10:24 |     INFO | MarketingAdvantageAI | [agentic_validation] ✅ Run complete | processed=0 | duration=5ms
2026-03-02 19:11:24 |     INFO | MarketingAdvantageAI | [ConflictEngine] No rows pending conflict analysis.
2026-03-02 19:11:24 |     INFO | MarketingAdvantageAI | [AgenticValidation] No rows pending validation.
2026-03-02 19:11:24 |     INFO | MarketingAdvantageAI | [conflict_detection] ✅ Run complete | processed=0 | duration=5ms
2026-03-02 19:11:24 |     INFO | MarketingAdvantageAI | [agentic_validation] ✅ Run complete | processed=0 | duration=4ms
2026-03-02 19:11:55 |     INFO | MarketingAdvantageAI | [TemporalRevalidation] No rows pending temporal review.
2026-03-02 19:11:55 |     INFO | MarketingAdvantageAI | [temporal_revalidation] ✅ Run complete | processed=0 | duration=4ms
2026-03-02 19:12:24 |     INFO | MarketingAdvantageAI | [AgenticValidation] No rows pending validation.
2026-03-02 19:12:24 |     INFO | MarketingAdvantageAI | [agentic_validation] ✅ Run complete | processed=0 | duration=5ms
2026-03-02 19:13:24 |     INFO | MarketingAdvantageAI | [ConflictEngine] No rows pending conflict analysis.
2026-03-02 19:13:24 |     INFO | MarketingAdvantageAI | [AgenticValidation] No rows pending validation.
2026-03-02 19:13:24 |     INFO | MarketingAdvantageAI | [conflict_detection] ✅ Run complete | processed=0 | duration=7ms
2026-03-02 19:13:24 |     INFO | MarketingAdvantageAI | [agentic_validation] ✅ Run complete | processed=0 | duration=6ms
2026-03-02 19:14:24 |     INFO | MarketingAdvantageAI | [AgenticValidation] No rows pending validation.
2026-03-02 19:14:24 |     INFO | MarketingAdvantageAI | [agentic_validation] ✅ Run complete | processed=0 | duration=4ms
2026-03-02 19:15:24 |     INFO | MarketingAdvantageAI | [AgenticValidation] No rows pending validation.
2026-03-02 19:15:24 |     INFO | MarketingAdvantageAI | [ConflictEngine] No rows pending conflict analysis.
2026-03-02 19:15:24 |     INFO | MarketingAdvantageAI | [agentic_validation] ✅ Run complete | processed=0 | duration=5ms
2026-03-02 19:15:24 |     INFO | MarketingAdvantageAI | [conflict_detection] ✅ Run complete | processed=0 | duration=8ms
2026-03-02 19:16:24 |     INFO | MarketingAdvantageAI | [AgenticValidation] No rows pending validation.
2026-03-02 19:16:24 |     INFO | MarketingAdvantageAI | [agentic_validation] ✅ Run complete | processed=0 | duration=4ms
2026-03-02 19:16:55 |     INFO | MarketingAdvantageAI | [TemporalRevalidation] No rows pending temporal review.
2026-03-02 19:16:55 |     INFO | MarketingAdvantageAI | [temporal_revalidation] ✅ Run complete | processed=0 | duration=4ms
2026-03-02 19:17:24 |     INFO | MarketingAdvantageAI | [ConflictEngine] No rows pending conflict analysis.
2026-03-02 19:17:24 |     INFO | MarketingAdvantageAI | [conflict_detection] ✅ Run complete | processed=0 | duration=7ms
2026-03-02 19:17:24 |     INFO | MarketingAdvantageAI | [AgenticValidation] No rows pending validation.
2026-03-02 19:17:24 |     INFO | MarketingAdvantageAI | [agentic_validation] ✅ Run complete | processed=0 | duration=74ms
2026-03-02 19:18:24 |     INFO | MarketingAdvantageAI | [AgenticValidation] No rows pending validation.
2026-03-02 19:18:24 |     INFO | MarketingAdvantageAI | [agentic_validation] ✅ Run complete | processed=0 | duration=58ms
2026-03-02 19:19:24 |     INFO | MarketingAdvantageAI | [ConflictEngine] No rows pending conflict analysis.
2026-03-02 19:19:24 |     INFO | MarketingAdvantageAI | [conflict_detection] ✅ Run complete | processed=0 | duration=85ms
2026-03-02 19:19:25 |     INFO | MarketingAdvantageAI | [AgenticValidation] No rows pending validation.
2026-03-02 19:19:25 |     INFO | MarketingAdvantageAI | [agentic_validation] ✅ Run complete | processed=0 | duration=57ms
2026-03-02 19:20:25 |     INFO | MarketingAdvantageAI | [AgenticValidation] No rows pending validation.
2026-03-02 19:20:25 |     INFO | MarketingAdvantageAI | [agentic_validation] ✅ Run complete | processed=0 | duration=5ms
2026-03-02 20:57:52 |  WARNING | MarketingAdvantageAI | [HealthMonitor] Unhealthy workers detected: agentic_validation (stalled, 5847s since last run), conflict_detection (stalled, 5908s since last run), temporal_revalidation (stalled, 6057s since last run)
2026-03-02 20:57:52 |     INFO | MarketingAdvantageAI | [ConflictEngine] No rows pending conflict analysis.
2026-03-02 20:57:52 |     INFO | MarketingAdvantageAI | [TemporalRevalidation] No rows pending temporal review.
2026-03-02 20:57:52 |     INFO | MarketingAdvantageAI | [AgenticValidation] No rows pending validation.
2026-03-02 20:57:52 |     INFO | MarketingAdvantageAI | [conflict_detection] ✅ Run complete | processed=0 | duration=482ms
2026-03-02 20:57:52 |     INFO | MarketingAdvantageAI | [temporal_revalidation] ✅ Run complete | processed=0 | duration=441ms
2026-03-02 20:57:52 |     INFO | MarketingAdvantageAI | [agentic_validation] ✅ Run complete | processed=0 | duration=460ms
2026-03-02 20:58:52 |     INFO | MarketingAdvantageAI | [AgenticValidation] No rows pending validation.
2026-03-02 20:58:52 |     INFO | MarketingAdvantageAI | [agentic_validation] ✅ Run complete | processed=0 | duration=58ms
2026-03-02 20:59:52 |     INFO | MarketingAdvantageAI | [ConflictEngine] No rows pending conflict analysis.
2026-03-02 20:59:52 |     INFO | MarketingAdvantageAI | [conflict_detection] ✅ Run complete | processed=0 | duration=4ms
2026-03-02 20:59:52 |     INFO | MarketingAdvantageAI | [AgenticValidation] No rows pending validation.
2026-03-02 20:59:52 |     INFO | MarketingAdvantageAI | [agentic_validation] ✅ Run complete | processed=0 | duration=5ms
2026-03-02 21:00:52 |     INFO | MarketingAdvantageAI | [AgenticValidation] No rows pending validation.
2026-03-02 21:00:52 |     INFO | MarketingAdvantageAI | [agentic_validation] ✅ Run complete | processed=0 | duration=4ms
2026-03-02 21:01:52 |     INFO | MarketingAdvantageAI | [ConflictEngine] No rows pending conflict analysis.
2026-03-02 21:01:52 |     INFO | MarketingAdvantageAI | [conflict_detection] ✅ Run complete | processed=0 | duration=5ms
2026-03-02 21:01:52 |     INFO | MarketingAdvantageAI | [AgenticValidation] No rows pending validation.
2026-03-02 21:01:52 |     INFO | MarketingAdvantageAI | [agentic_validation] ✅ Run complete | processed=0 | duration=5ms
2026-03-02 21:02:52 |     INFO | MarketingAdvantageAI | [TemporalRevalidation] No rows pending temporal review.
2026-03-02 21:02:52 |     INFO | MarketingAdvantageAI | [temporal_revalidation] ✅ Run complete | processed=0 | duration=3ms
2026-03-02 21:02:52 |     INFO | MarketingAdvantageAI | [AgenticValidation] No rows pending validation.
2026-03-02 21:02:52 |     INFO | MarketingAdvantageAI | [agentic_validation] ✅ Run complete | processed=0 | duration=5ms
2026-03-02 21:03:27 |     INFO | MarketingAdvantageAI | [WatcherIngestorV2] 📥 Detected new file → Crisil_51f9b7993eb3480bafbe787ddb3a0c8f.pdf
2026-03-02 21:03:27 |     INFO | MarketingAdvantageAI | [pdf_parser_v2] Reading PDF: static\uploads\api\Crisil_51f9b7993eb3480bafbe787ddb3a0c8f_3317668bebb4401aad12530259f906e0.pdf
2026-03-02 21:03:29 |     INFO | MarketingAdvantageAI | [pdf_parser_v2] LLM normalization skipped (disabled).
2026-03-02 21:03:29 |     INFO | MarketingAdvantageAI | [segmenter_v2] Added/Updated GCI entry b577dda8...)
2026-03-02 21:03:29 |     INFO | MarketingAdvantageAI | [segmenter_v2] Added/Updated GCI entry 4c9ca791...)
2026-03-02 21:03:29 |     INFO | MarketingAdvantageAI | [segmenter_v2] Added/Updated GCI entry 9b66ab4b...)
2026-03-02 21:03:29 |     INFO | MarketingAdvantageAI | [segmenter_v2] Added/Updated GCI entry aacdf3b4...)
2026-03-02 21:03:29 |     INFO | MarketingAdvantageAI | [segmenter_v2] Added/Updated GCI entry 0433a042...)
2026-03-02 21:03:29 |     INFO | MarketingAdvantageAI | [segmenter_v2] Added/Updated GCI entry d80e1450...)
2026-03-02 21:03:29 |     INFO | MarketingAdvantageAI | [segmenter_v2] Added/Updated GCI entry 1e5ec7ee...)
2026-03-02 21:03:29 |     INFO | MarketingAdvantageAI | [segmenter_v2] Added/Updated GCI entry d7c7a57e...)
2026-03-02 21:03:29 |     INFO | MarketingAdvantageAI | [segmenter_v2] Added/Updated GCI entry d9cdb056...)
2026-03-02 21:03:29 |     INFO | MarketingAdvantageAI | [segmenter_v2] Added/Updated GCI entry aa7a4f42...)
2026-03-02 21:03:29 |     INFO | MarketingAdvantageAI | [segmenter_v2] Added/Updated GCI entry 2252c7ce...)
2026-03-02 21:03:29 |     INFO | MarketingAdvantageAI | [segmenter_v2] Added/Updated GCI entry b577dda8...)
2026-03-02 21:03:29 |     INFO | MarketingAdvantageAI | [segmenter_v2] Added/Updated GCI entry 4c9ca791...)
2026-03-02 21:03:29 |     INFO | MarketingAdvantageAI | [segmenter_v2] Added/Updated GCI entry 108bf546...)
2026-03-02 21:03:29 |     INFO | MarketingAdvantageAI | [segmenter_v2] Added/Updated GCI entry 7928eb75...)
2026-03-02 21:03:29 |     INFO | MarketingAdvantageAI | [segmenter_v2] Added/Updated GCI entry 487580b6...)
2026-03-02 21:03:29 |     INFO | MarketingAdvantageAI | [segmenter_v2] Added/Updated GCI entry bfecccc4...)
2026-03-02 21:03:29 |     INFO | MarketingAdvantageAI | [segmenter_v2] Added/Updated GCI entry 53125e86...)
2026-03-02 21:03:29 |     INFO | MarketingAdvantageAI | [segmenter_v2] Added/Updated GCI entry a223bf4b...)
2026-03-02 21:03:29 |     INFO | MarketingAdvantageAI | [segmenter_v2] Added/Updated GCI entry 9b66ab4b...)
2026-03-02 21:03:29 |     INFO | MarketingAdvantageAI | [segmenter_v2] Added/Updated GCI entry aacdf3b4...)
2026-03-02 21:03:29 |     INFO | MarketingAdvantageAI | [segmenter_v2] Added/Updated GCI entry 94936e09...)
2026-03-02 21:03:29 |     INFO | MarketingAdvantageAI | [segmenter_v2] Added/Updated GCI entry d8431885...)
2026-03-02 21:03:29 |     INFO | MarketingAdvantageAI | [segmenter_v2] Added/Updated GCI entry 2fc4d673...)
2026-03-02 21:03:29 |     INFO | MarketingAdvantageAI | [segmenter_v2] Added/Updated GCI entry 4b37d1dd...)
2026-03-02 21:03:29 |     INFO | MarketingAdvantageAI | [segmenter_v2] Added/Updated GCI entry 91f934ed...)
2026-03-02 21:03:29 |     INFO | MarketingAdvantageAI | [segmenter_v2] Added/Updated GCI entry 0c363143...)
2026-03-02 21:03:29 |     INFO | MarketingAdvantageAI | [segmenter_v2] Added/Updated GCI entry 6d4d4445...)
2026-03-02 21:03:29 |     INFO | MarketingAdvantageAI | [segmenter_v2] Added/Updated GCI entry 0433a042...)
2026-03-02 21:03:29 |     INFO | MarketingAdvantageAI | [segmenter_v2] Added/Updated GCI entry d80e1450...)
2026-03-02 21:03:29 |     INFO | MarketingAdvantageAI | [segmenter_v2] Added/Updated GCI entry 97a4d011...)
2026-03-02 21:03:29 |     INFO | MarketingAdvantageAI | [segmenter_v2] Added/Updated GCI entry c19ed9e7...)
2026-03-02 21:03:29 |     INFO | MarketingAdvantageAI | [segmenter_v2] Added/Updated GCI entry 37f20357...)
2026-03-02 21:03:29 |     INFO | MarketingAdvantageAI | [segmenter_v2] Added/Updated GCI entry 42e8fb68...)
2026-03-02 21:03:29 |     INFO | MarketingAdvantageAI | [segmenter_v2] Added/Updated GCI entry b455af64...)
2026-03-02 21:03:29 |     INFO | MarketingAdvantageAI | [segmenter_v2] Added/Updated GCI entry 5d01e3f9...)
2026-03-02 21:03:29 |     INFO | MarketingAdvantageAI | [segmenter_v2] Added/Updated GCI entry a9b143bc...)
2026-03-02 21:03:29 |     INFO | MarketingAdvantageAI | [segmenter_v2] Added/Updated GCI entry 50e235a4...)
2026-03-02 21:03:29 |     INFO | MarketingAdvantageAI | [segmenter_v2] Added/Updated GCI entry 2afebc4f...)
2026-03-02 21:03:29 |     INFO | MarketingAdvantageAI | [segmenter_v2] Added/Updated GCI entry 0c2d6867...)
2026-03-02 21:03:29 |     INFO | MarketingAdvantageAI | [segmenter_v2] Added/Updated GCI entry c591c787...)
2026-03-02 21:03:29 |     INFO | MarketingAdvantageAI | [segmenter_v2] Added/Updated GCI entry 1e5ec7ee...)
2026-03-02 21:03:29 |     INFO | MarketingAdvantageAI | [segmenter_v2] Added/Updated GCI entry d7c7a57e...)
2026-03-02 21:03:29 |     INFO | MarketingAdvantageAI | [segmenter_v2] Added/Updated GCI entry cecef108...)
2026-03-02 21:03:29 |     INFO | MarketingAdvantageAI | [segmenter_v2] Added/Updated GCI entry 547761a6...)
2026-03-02 21:03:29 |     INFO | MarketingAdvantageAI | [segmenter_v2] Added/Updated GCI entry 22c0fd43...)
2026-03-02 21:03:29 |     INFO | MarketingAdvantageAI | [segmenter_v2] Added/Updated GCI entry cd8bba6b...)
2026-03-02 21:03:29 |     INFO | MarketingAdvantageAI | [segmenter_v2] Added/Updated GCI entry 8d9183aa...)
2026-03-02 21:03:29 |     INFO | MarketingAdvantageAI | [segmenter_v2] Added/Updated GCI entry d9cdb056...)
2026-03-02 21:03:29 |     INFO | MarketingAdvantageAI | [segmenter_v2] Added/Updated GCI entry aa7a4f42...)
2026-03-02 21:03:29 |     INFO | MarketingAdvantageAI | [segmenter_v2] Added/Updated GCI entry 42fc9358...)
2026-03-02 21:03:29 |     INFO | MarketingAdvantageAI | [Dedup Engine] Starting 3-layer dedup for 41 chunks
2026-03-02 21:03:29 |     INFO | MarketingAdvantageAI | [Dedup Layer 3] Found in GCI: id=2252c7ce-9f2b-4f63-883a-b80dd2da646d, occurrences=2
2026-03-02 21:03:29 |     INFO | MarketingAdvantageAI | [Dedup L1+L3] Cross-file duplicate: hash=7af4e0e7beca..., occurrences=2
2026-03-02 21:03:29 |     INFO | MarketingAdvantageAI | [Dedup Layer 3] Found in GCI: id=b577dda8-c089-48c8-997a-c2e6eecef594, occurrences=3
2026-03-02 21:03:29 |     INFO | MarketingAdvantageAI | [Dedup L1+L3] Cross-file duplicate: hash=4d6de8068b72..., occurrences=3
2026-03-02 21:03:29 |     INFO | MarketingAdvantageAI | [Dedup Layer 3] Found in GCI: id=4c9ca791-7395-41fc-8637-e8a3ac994c6f, occurrences=3
2026-03-02 21:03:29 |     INFO | MarketingAdvantageAI | [Dedup L1+L3] Cross-file duplicate: hash=d4f3f0854c89..., occurrences=3
2026-03-02 21:03:29 |     INFO | MarketingAdvantageAI | [Dedup Layer 3] Found in GCI: id=108bf546-0135-4442-9af5-ea9f82d41804, occurrences=2
2026-03-02 21:03:29 |     INFO | MarketingAdvantageAI | [Dedup L1+L3] Cross-file duplicate: hash=ac0cf4aad20a..., occurrences=2
2026-03-02 21:03:29 |     INFO | MarketingAdvantageAI | [Dedup Layer 3] Found in GCI: id=7928eb75-f243-4484-8fd4-9abffd15e894, occurrences=2
2026-03-02 21:03:29 |     INFO | MarketingAdvantageAI | [Dedup L1+L3] Cross-file duplicate: hash=edee7b1f7aa2..., occurrences=2
2026-03-02 21:03:29 |     INFO | MarketingAdvantageAI | [Dedup Layer 3] Found in GCI: id=487580b6-da06-4d65-b202-8ce21fe0aa4e, occurrences=2
2026-03-02 21:03:29 |     INFO | MarketingAdvantageAI | [Dedup L1+L3] Cross-file duplicate: hash=04bcd971b03f..., occurrences=2
2026-03-02 21:03:29 |     INFO | MarketingAdvantageAI | [Dedup Layer 3] Found in GCI: id=bfecccc4-02ca-436d-b1c3-551d7a46ef65, occurrences=2
2026-03-02 21:03:29 |     INFO | MarketingAdvantageAI | [Dedup L1+L3] Cross-file duplicate: hash=032dd3472a92..., occurrences=2
2026-03-02 21:03:29 |     INFO | MarketingAdvantageAI | [Dedup Layer 3] Found in GCI: id=53125e86-addd-47f5-9443-87640f2a66fd, occurrences=2
2026-03-02 21:03:29 |     INFO | MarketingAdvantageAI | [Dedup L1+L3] Cross-file duplicate: hash=8ac11d0a0d84..., occurrences=2
2026-03-02 21:03:29 |     INFO | MarketingAdvantageAI | [Dedup Layer 3] Found in GCI: id=a223bf4b-b42f-4f80-ae31-534c71ec3b47, occurrences=2
2026-03-02 21:03:29 |     INFO | MarketingAdvantageAI | [Dedup L1+L3] Cross-file duplicate: hash=9d3797630056..., occurrences=2
2026-03-02 21:03:29 |     INFO | MarketingAdvantageAI | [Dedup Layer 3] Found in GCI: id=9b66ab4b-2b61-4844-a13a-128e6b333432, occurrences=3
2026-03-02 21:03:29 |     INFO | MarketingAdvantageAI | [Dedup L1+L3] Cross-file duplicate: hash=ce83b4027f23..., occurrences=3
2026-03-02 21:03:29 |     INFO | MarketingAdvantageAI | [Dedup Layer 3] Found in GCI: id=aacdf3b4-0baf-4f9f-bc28-ff24084f2364, occurrences=3
2026-03-02 21:03:29 |     INFO | MarketingAdvantageAI | [Dedup L1+L3] Cross-file duplicate: hash=6580bcfb0872..., occurrences=3
2026-03-02 21:03:29 |     INFO | MarketingAdvantageAI | [Dedup Layer 3] Found in GCI: id=94936e09-a98c-444c-8b30-7e8c99f26f29, occurrences=2
2026-03-02 21:03:29 |     INFO | MarketingAdvantageAI | [Dedup L1+L3] Cross-file duplicate: hash=6d28bceda478..., occurrences=2
2026-03-02 21:03:29 |     INFO | MarketingAdvantageAI | [Dedup Layer 3] Found in GCI: id=d8431885-03ff-42cb-93ce-160e2591f688, occurrences=2
2026-03-02 21:03:29 |     INFO | MarketingAdvantageAI | [Dedup L1+L3] Cross-file duplicate: hash=f90e4812e911..., occurrences=2
2026-03-02 21:03:29 |     INFO | MarketingAdvantageAI | [Dedup Layer 3] Found in GCI: id=2fc4d673-ac55-4876-8e3f-063f6546f6ea, occurrences=2
2026-03-02 21:03:29 |     INFO | MarketingAdvantageAI | [Dedup L1+L3] Cross-file duplicate: hash=9f03d67484d8..., occurrences=2
2026-03-02 21:03:29 |     INFO | MarketingAdvantageAI | [Dedup Layer 3] Found in GCI: id=4b37d1dd-d4cc-4e2a-8fed-850db4c498f1, occurrences=2
2026-03-02 21:03:29 |     INFO | MarketingAdvantageAI | [Dedup L1+L3] Cross-file duplicate: hash=ae51e7b8cd94..., occurrences=2
2026-03-02 21:03:29 |     INFO | MarketingAdvantageAI | [Dedup Layer 3] Found in GCI: id=91f934ed-273b-485b-b871-053624ed0182, occurrences=2
2026-03-02 21:03:29 |     INFO | MarketingAdvantageAI | [Dedup L1+L3] Cross-file duplicate: hash=1ebe95b223bd..., occurrences=2
2026-03-02 21:03:29 |     INFO | MarketingAdvantageAI | [Dedup Layer 3] Found in GCI: id=0c363143-5634-4dd9-98be-41b4c5c1b182, occurrences=2
2026-03-02 21:03:29 |     INFO | MarketingAdvantageAI | [Dedup L1+L3] Cross-file duplicate: hash=1d4c377b8f5b..., occurrences=2
2026-03-02 21:03:29 |     INFO | MarketingAdvantageAI | [Dedup Layer 3] Found in GCI: id=6d4d4445-19dc-4ba4-b036-ddc3276ac8c2, occurrences=2
2026-03-02 21:03:29 |     INFO | MarketingAdvantageAI | [Dedup L1+L3] Cross-file duplicate: hash=d82ef57946d3..., occurrences=2
2026-03-02 21:03:29 |     INFO | MarketingAdvantageAI | [Dedup Layer 3] Found in GCI: id=0433a042-b023-4e59-8d50-08c5527c6b05, occurrences=3
2026-03-02 21:03:29 |     INFO | MarketingAdvantageAI | [Dedup L1+L3] Cross-file duplicate: hash=9432aff2466b..., occurrences=3
2026-03-02 21:03:29 |     INFO | MarketingAdvantageAI | [Dedup Layer 3] Found in GCI: id=d80e1450-6cee-41fe-a3e8-8de423671fd3, occurrences=3
2026-03-02 21:03:29 |     INFO | MarketingAdvantageAI | [Dedup L1+L3] Cross-file duplicate: hash=571db8d3b09c..., occurrences=3
2026-03-02 21:03:29 |     INFO | MarketingAdvantageAI | [Dedup Layer 3] Found in GCI: id=97a4d011-00ec-4f2b-882c-6fbb3e137acd, occurrences=2
2026-03-02 21:03:29 |     INFO | MarketingAdvantageAI | [Dedup L1+L3] Cross-file duplicate: hash=1ec135822030..., occurrences=2
2026-03-02 21:03:29 |     INFO | MarketingAdvantageAI | [Dedup Layer 3] Found in GCI: id=c19ed9e7-524f-4e4a-b6b3-7aa91e911795, occurrences=2
2026-03-02 21:03:29 |     INFO | MarketingAdvantageAI | [Dedup L1+L3] Cross-file duplicate: hash=2f3ce882c964..., occurrences=2
2026-03-02 21:03:29 |     INFO | MarketingAdvantageAI | [Dedup Layer 3] Found in GCI: id=37f20357-cd12-49e2-829c-4801ba349474, occurrences=2
2026-03-02 21:03:29 |     INFO | MarketingAdvantageAI | [Dedup L1+L3] Cross-file duplicate: hash=256d1a717078..., occurrences=2
2026-03-02 21:03:29 |     INFO | MarketingAdvantageAI | [Dedup Layer 3] Found in GCI: id=42e8fb68-e97a-4492-af5a-087110b119b7, occurrences=2
2026-03-02 21:03:29 |     INFO | MarketingAdvantageAI | [Dedup L1+L3] Cross-file duplicate: hash=2c17dbbdb823..., occurrences=2
2026-03-02 21:03:29 |     INFO | MarketingAdvantageAI | [Dedup Layer 3] Found in GCI: id=b455af64-3c98-4347-bb63-5b06336a7634, occurrences=2
2026-03-02 21:03:29 |     INFO | MarketingAdvantageAI | [Dedup L1+L3] Cross-file duplicate: hash=5ea834ee5266..., occurrences=2
2026-03-02 21:03:29 |     INFO | MarketingAdvantageAI | [Dedup Layer 3] Found in GCI: id=5d01e3f9-f9cc-4953-a61d-347e93971a99, occurrences=2
2026-03-02 21:03:29 |     INFO | MarketingAdvantageAI | [Dedup L1+L3] Cross-file duplicate: hash=c10aab841602..., occurrences=2
2026-03-02 21:03:29 |     INFO | MarketingAdvantageAI | [Dedup Layer 3] Found in GCI: id=a9b143bc-8171-4588-9003-caeb8c3a87a0, occurrences=2
2026-03-02 21:03:29 |     INFO | MarketingAdvantageAI | [Dedup L1+L3] Cross-file duplicate: hash=41d6a3f195ab..., occurrences=2
2026-03-02 21:03:29 |     INFO | MarketingAdvantageAI | [Dedup Layer 3] Found in GCI: id=50e235a4-8f35-4c6f-95f4-94be2af41005, occurrences=2
2026-03-02 21:03:29 |     INFO | MarketingAdvantageAI | [Dedup L1+L3] Cross-file duplicate: hash=08591b1726f6..., occurrences=2
2026-03-02 21:03:29 |     INFO | MarketingAdvantageAI | [Dedup Layer 3] Found in GCI: id=2afebc4f-dc97-40cc-8345-80fa8fa835af, occurrences=2
2026-03-02 21:03:29 |     INFO | MarketingAdvantageAI | [Dedup L1+L3] Cross-file duplicate: hash=cb8f6f32a98d..., occurrences=2
2026-03-02 21:03:29 |     INFO | MarketingAdvantageAI | [Dedup Layer 3] Found in GCI: id=0c2d6867-7979-498e-8d9c-fd4ce7400e53, occurrences=2
2026-03-02 21:03:29 |     INFO | MarketingAdvantageAI | [Dedup L1+L3] Cross-file duplicate: hash=86ff5a597825..., occurrences=2
2026-03-02 21:03:29 |     INFO | MarketingAdvantageAI | [Dedup Layer 3] Found in GCI: id=c591c787-ec84-408a-8a5e-5b7d4b19ceea, occurrences=2
2026-03-02 21:03:29 |     INFO | MarketingAdvantageAI | [Dedup L1+L3] Cross-file duplicate: hash=f8c6b737fe67..., occurrences=2
2026-03-02 21:03:29 |     INFO | MarketingAdvantageAI | [Dedup Layer 3] Found in GCI: id=1e5ec7ee-b7c8-453a-81bc-fdcb24b86a38, occurrences=3
2026-03-02 21:03:29 |     INFO | MarketingAdvantageAI | [Dedup L1+L3] Cross-file duplicate: hash=741e2f2867a6..., occurrences=3
2026-03-02 21:03:29 |     INFO | MarketingAdvantageAI | [Dedup Layer 3] Found in GCI: id=d7c7a57e-1482-440a-8d4f-c741ba7f104d, occurrences=3
2026-03-02 21:03:29 |     INFO | MarketingAdvantageAI | [Dedup L1+L3] Cross-file duplicate: hash=8178d1d59ca2..., occurrences=3
2026-03-02 21:03:29 |     INFO | MarketingAdvantageAI | [Dedup Layer 3] Found in GCI: id=cecef108-3e30-45a6-b56e-041e89c64bfa, occurrences=2
2026-03-02 21:03:29 |     INFO | MarketingAdvantageAI | [Dedup L1+L3] Cross-file duplicate: hash=68ab2a4986c4..., occurrences=2
2026-03-02 21:03:29 |     INFO | MarketingAdvantageAI | [Dedup Layer 3] Found in GCI: id=547761a6-56d1-4712-870c-fa83326f28f0, occurrences=2
2026-03-02 21:03:29 |     INFO | MarketingAdvantageAI | [Dedup L1+L3] Cross-file duplicate: hash=0608471611ef..., occurrences=2
2026-03-02 21:03:29 |     INFO | MarketingAdvantageAI | [Dedup Layer 3] Found in GCI: id=22c0fd43-1171-4af2-b83e-2ecc957bb831, occurrences=2
2026-03-02 21:03:29 |     INFO | MarketingAdvantageAI | [Dedup L1+L3] Cross-file duplicate: hash=2384b3c3a62c..., occurrences=2
2026-03-02 21:03:29 |     INFO | MarketingAdvantageAI | [Dedup Layer 3] Found in GCI: id=cd8bba6b-47a1-43ca-beeb-34f8b59855dc, occurrences=2
2026-03-02 21:03:29 |     INFO | MarketingAdvantageAI | [Dedup L1+L3] Cross-file duplicate: hash=4482f884a480..., occurrences=2
2026-03-02 21:03:29 |     INFO | MarketingAdvantageAI | [Dedup Layer 3] Found in GCI: id=8d9183aa-896c-4541-8308-1647f83e0563, occurrences=2
2026-03-02 21:03:29 |     INFO | MarketingAdvantageAI | [Dedup L1+L3] Cross-file duplicate: hash=d895a5a97c1b..., occurrences=2
2026-03-02 21:03:29 |     INFO | MarketingAdvantageAI | [Dedup Layer 3] Found in GCI: id=d9cdb056-6a50-4df7-bd06-b67b1d5093ce, occurrences=3
2026-03-02 21:03:29 |     INFO | MarketingAdvantageAI | [Dedup L1+L3] Cross-file duplicate: hash=628163ba16e8..., occurrences=3
2026-03-02 21:03:29 |     INFO | MarketingAdvantageAI | [Dedup Layer 3] Found in GCI: id=aa7a4f42-2d10-4543-b84c-b8b010346aef, occurrences=3
2026-03-02 21:03:29 |     INFO | MarketingAdvantageAI | [Dedup L1+L3] Cross-file duplicate: hash=216cc157d713..., occurrences=3
2026-03-02 21:03:29 |     INFO | MarketingAdvantageAI | [Dedup Layer 3] Found in GCI: id=42fc9358-1678-42c5-87fa-972e149f0dee, occurrences=2
2026-03-02 21:03:29 |     INFO | MarketingAdvantageAI | [Dedup L1+L3] Cross-file duplicate: hash=0aee3584b28a..., occurrences=2
2026-03-02 21:03:29 |     INFO | MarketingAdvantageAI | [Dedup Engine] Complete: 0 unique, 41 duplicates (100.00% reduction) | L1: 0, L2: 0, L3: 41
2026-03-02 21:03:29 |     INFO | MarketingAdvantageAI | [IngestionV2] Dedup complete for 96a689e8-3a61-4ec1-86c8-cb6e82c86e90: 0 unique, 41 duplicates, 100.00% reduction [L1=0, L2=0, L3=41]
2026-03-02 21:03:29 |     INFO | MarketingAdvantageAI | [IngestionV2] Inserted 41 chunks into DB
2026-03-02 21:03:29 |     INFO | MarketingAdvantageAI | [IngestionV2] Inserted 41 chunks: 0 unique, 41 duplicates
2026-03-02 21:03:29 |     INFO | MarketingAdvantageAI | [IngestionV2] Calling _embed_and_store for 96a689e8-3a61-4ec1-86c8-cb6e82c86e90 with 41 chunks
2026-03-02 21:03:52 |     INFO | MarketingAdvantageAI | [ConflictEngine] No rows pending conflict analysis.
2026-03-02 21:03:52 |     INFO | MarketingAdvantageAI | [conflict_detection] ✅ Run complete | processed=0 | duration=9ms
2026-03-02 21:03:52 |     INFO | MarketingAdvantageAI | [AgenticValidation] Processing 41 chunks...
2026-03-02 21:03:53 |  WARNING | MarketingAdvantageAI | [AgenticValidation] Quality warnings for f8cfae5a-4cc6-49e0-9b61-a540237d7c21: below_minimum_quality
2026-03-02 21:03:53 |  WARNING | MarketingAdvantageAI | [AgenticValidation] Quality warnings for a8678d60-637d-4354-a55d-72f4bc83141d: below_minimum_quality
2026-03-02 21:03:53 |  WARNING | MarketingAdvantageAI | [AgenticValidation] Quality warnings for 452a9be6-9432-4a99-a56a-94f72958abae: below_minimum_quality
2026-03-02 21:03:53 |  WARNING | MarketingAdvantageAI | [AgenticValidation] Quality warnings for d870614b-92fc-4e13-b3e7-138665cf31ca: below_minimum_quality
2026-03-02 21:03:53 |  WARNING | MarketingAdvantageAI | [AgenticValidation] Quality warnings for a0f6b8bc-d325-49ca-9140-353d53cca25f: below_minimum_quality
2026-03-02 21:03:53 |  WARNING | MarketingAdvantageAI | [AgenticValidation] Quality warnings for 0a5dcd4c-7d13-4084-b1b8-9014f89a96ca: below_minimum_quality
2026-03-02 21:03:53 |  WARNING | MarketingAdvantageAI | [AgenticValidation] Quality warnings for 2b40ad65-1f6c-477b-a93f-11d2274766e8: below_minimum_quality
2026-03-02 21:03:53 |  WARNING | MarketingAdvantageAI | [AgenticValidation] Quality warnings for 096e9102-74fd-4cd0-8663-e9802b2c8e7f: below_minimum_quality
2026-03-02 21:03:53 |  WARNING | MarketingAdvantageAI | [AgenticValidation] Quality warnings for a0db9b6a-107a-423e-b4e8-bb6814666427: below_minimum_quality
2026-03-02 21:03:53 |  WARNING | MarketingAdvantageAI | [AgenticValidation] Quality warnings for 24fed849-28f3-4237-a0e8-0f994d8fdebe: below_minimum_quality
2026-03-02 21:03:53 |  WARNING | MarketingAdvantageAI | [AgenticValidation] Quality warnings for 90b9a6f2-8bb0-42b9-acd9-2557a17a108f: below_minimum_quality
2026-03-02 21:03:53 |  WARNING | MarketingAdvantageAI | [AgenticValidation] Quality warnings for 145a0f7f-a4fe-456b-a2a2-78731e735950: below_minimum_quality
2026-03-02 21:03:53 |  WARNING | MarketingAdvantageAI | [AgenticValidation] Quality warnings for dfc4dfdb-16ac-4d2f-bb79-de90f0e062dd: below_minimum_quality
2026-03-02 21:03:53 |  WARNING | MarketingAdvantageAI | [AgenticValidation] Quality warnings for c43cbf9b-64a4-4a4f-b8d8-a22c40b9d5a0: below_minimum_quality
2026-03-02 21:03:53 |  WARNING | MarketingAdvantageAI | [AgenticValidation] Quality warnings for 131a1d0d-f25a-46fd-908f-3db6037889b1: below_minimum_quality
2026-03-02 21:03:53 |  WARNING | MarketingAdvantageAI | [AgenticValidation] Quality warnings for 92bd9c95-808d-4517-a1a2-2d13fcbbdf2e: below_minimum_quality
2026-03-02 21:03:53 |  WARNING | MarketingAdvantageAI | [AgenticValidation] Quality warnings for 58ba0a90-73a6-443f-be39-06c478a1f309: below_minimum_quality
2026-03-02 21:03:53 |  WARNING | MarketingAdvantageAI | [AgenticValidation] Quality warnings for d8ddcc26-b264-4abc-8258-29d48514c482: below_minimum_quality
2026-03-02 21:03:53 |  WARNING | MarketingAdvantageAI | [AgenticValidation] Quality warnings for 64af3a39-bae6-4dd2-8540-dbd4a5778829: below_minimum_quality
2026-03-02 21:03:53 |  WARNING | MarketingAdvantageAI | [AgenticValidation] Quality warnings for 89daf9e6-0141-4cd8-bb07-47de1c70b6b1: below_minimum_quality
2026-03-02 21:03:53 |  WARNING | MarketingAdvantageAI | [AgenticValidation] Quality warnings for b3de0343-2738-455d-a94b-3c7de1367064: below_minimum_quality
2026-03-02 21:03:53 |  WARNING | MarketingAdvantageAI | [AgenticValidation] Quality warnings for 4b15c52b-815b-4e58-a6d4-7c3a9b199fc9: below_minimum_quality
2026-03-02 21:03:53 |  WARNING | MarketingAdvantageAI | [AgenticValidation] Quality warnings for 4c4a7014-b5de-47fb-a70a-a48a06604347: below_minimum_quality
2026-03-02 21:03:53 |  WARNING | MarketingAdvantageAI | [AgenticValidation] Quality warnings for 8840c692-5ad9-4673-a020-5324d424c7b4: below_minimum_quality
2026-03-02 21:03:53 |  WARNING | MarketingAdvantageAI | [AgenticValidation] Quality warnings for f048f0f0-942b-4f00-a37d-5d2b7a97c8e9: below_minimum_quality
2026-03-02 21:03:53 |  WARNING | MarketingAdvantageAI | [AgenticValidation] Quality warnings for d9f341e4-86b0-4c84-88e3-7212a59ccbef: below_minimum_quality
2026-03-02 21:03:53 |  WARNING | MarketingAdvantageAI | [AgenticValidation] Quality warnings for d9174492-993c-49f3-875d-695f14216717: below_minimum_quality
2026-03-02 21:03:53 |  WARNING | MarketingAdvantageAI | [AgenticValidation] Quality warnings for f98f8581-001f-4e1d-a980-391098db0532: below_minimum_quality
2026-03-02 21:03:53 |  WARNING | MarketingAdvantageAI | [AgenticValidation] Quality warnings for 23c48a98-f749-42ca-a87a-9a069da4ec46: below_minimum_quality
2026-03-02 21:03:53 |  WARNING | MarketingAdvantageAI | [AgenticValidation] Quality warnings for b3ab030b-c70c-47b7-87de-7d499a8d97b8: below_minimum_quality
2026-03-02 21:03:53 |  WARNING | MarketingAdvantageAI | [AgenticValidation] Quality warnings for 83d0ee7e-ef66-47fb-a07d-731de7113670: below_minimum_quality
2026-03-02 21:03:53 |  WARNING | MarketingAdvantageAI | [AgenticValidation] Quality warnings for 2dbe3d29-ba5e-4ef8-92e6-0107725c0088: below_minimum_quality
2026-03-02 21:03:53 |  WARNING | MarketingAdvantageAI | [AgenticValidation] Quality warnings for 30699d86-a091-4582-a92f-a448bf6efeef: below_minimum_quality
2026-03-02 21:03:53 |  WARNING | MarketingAdvantageAI | [AgenticValidation] Quality warnings for d54083f3-c8b3-4b17-8052-b4270802472a: below_minimum_quality
2026-03-02 21:03:53 |  WARNING | MarketingAdvantageAI | [AgenticValidation] Quality warnings for 591eeed2-4d2e-4713-865a-7c6612e69a93: below_minimum_quality
2026-03-02 21:03:53 |  WARNING | MarketingAdvantageAI | [AgenticValidation] Quality warnings for 85dbfbe4-24cb-45f5-ad53-af611418e130: below_minimum_quality
2026-03-02 21:03:53 |  WARNING | MarketingAdvantageAI | [AgenticValidation] Quality warnings for f63b7c2a-15d5-4206-8ea2-ab4ef65f7921: below_minimum_quality
2026-03-02 21:03:53 |     INFO | MarketingAdvantageAI | [AgenticValidation] ✅ Complete: 41 succeeded, 0 failed in 232.62ms
2026-03-02 21:03:53 |     INFO | MarketingAdvantageAI | [agentic_validation] ✅ Run complete | processed=41 | duration=234ms
2026-03-02 21:04:53 |     INFO | MarketingAdvantageAI | [AgenticValidation] No rows pending validation.
2026-03-02 21:04:53 |     INFO | MarketingAdvantageAI | [agentic_validation] ✅ Run complete | processed=0 | duration=15ms
2026-03-02 21:05:52 |     INFO | MarketingAdvantageAI | [ConflictEngine] Processing 30 chunks...
2026-03-02 21:07:10 |     INFO | MarketingAdvantageAI | [AgenticValidation] No rows pending validation.
2026-03-02 21:07:10 |     INFO | MarketingAdvantageAI | [agentic_validation] ✅ Run complete | processed=0 | duration=44667ms
2026-03-02 21:08:57 |     INFO | MarketingAdvantageAI | [AgenticValidation] No rows pending validation.
2026-03-02 21:09:12 |     INFO | MarketingAdvantageAI | [TemporalRevalidation] Processing 41 chunks...
2026-03-02 21:09:12 |     INFO | MarketingAdvantageAI | [agentic_validation] ✅ Run complete | processed=0 | duration=45605ms
2026-03-02 21:09:12 |     INFO | MarketingAdvantageAI | [IngestionV2] ✅ Batch 1: 41 vectors via chroma
2026-03-02 21:09:12 |     INFO | MarketingAdvantageAI | [IngestionV2] Stored 41 new vectors via chroma for 96a689e8-3a61-4ec1-86c8-cb6e82c86e90
2026-03-02 21:09:19 |     INFO | MarketingAdvantageAI | [IngestionV2] File 96a689e8-3a61-4ec1-86c8-cb6e82c86e90 → status=processed, chunks=0/41, dedup=100.00%
2026-03-02 21:09:19 |     INFO | MarketingAdvantageAI | [IngestionV2] Pipeline complete for 96a689e8-3a61-4ec1-86c8-cb6e82c86e90: 0/41 chunks stored (100.00% deduplication)
2026-03-02 21:09:19 |     INFO | MarketingAdvantageAI | [IngestionV2] ✅ Completed direct ingestion for 96a689e8-3a61-4ec1-86c8-cb6e82c86e90
2026-03-02 21:09:19 |     INFO | MarketingAdvantageAI | [file_router_v2] ✅ Ingestion complete for Crisil_51f9b7993eb3480bafbe787ddb3a0c8f.pdf
2026-03-02 21:09:19 |     INFO | MarketingAdvantageAI | [MediaHook] Handling media for file: static\uploads\api\Crisil_51f9b7993eb3480bafbe787ddb3a0c8f_3317668bebb4401aad12530259f906e0.pdf
2026-03-02 21:09:19 |     INFO | MarketingAdvantageAI | [MediaHook] Intercepting document visuals: pdf
2026-03-02 21:09:19 |     INFO | MarketingAdvantageAI | [ImageIngestorV1] 🖼️ Processing image: C:\Users\Pranavi\AppData\Local\Temp\tmpr5x09a9e.jpeg
2026-03-02 21:09:19 |     INFO | MarketingAdvantageAI | [MediaHash] Image hash computed: a412b4228d6a... (file: tmpr5x09a9e.jpeg)
2026-03-02 21:09:19 |     INFO | MarketingAdvantageAI | [ImageIngestorV1] ✅ Unique image confirmed, proceeding with ingestion
2026-03-02 21:09:26 |     INFO | MarketingAdvantageAI | [ImageIngestorV1] Reusing existing file record: 96a689e8-3a61-4ec1-86c8-cb6e82c86e90
2026-03-02 21:09:26 |     INFO | MarketingAdvantageAI | [ImageCaptionerCPU] OCR available
2026-03-02 21:10:04 |     INFO | MarketingAdvantageAI | [segmenter_v2] Added/Updated GCI entry 13231b4d...)
2026-03-02 21:10:04 |     INFO | MarketingAdvantageAI | [Dedup Engine] Starting 3-layer dedup for 1 chunks
2026-03-02 21:10:12 |     INFO | MarketingAdvantageAI | [Dedup Layer 3] Found in GCI: id=13231b4d-4216-400f-9706-9b559b977e4f, occurrences=2
2026-03-02 21:10:12 |     INFO | MarketingAdvantageAI | [Dedup L1+L3] Cross-file duplicate: hash=22b9ddbeb785..., occurrences=2
2026-03-02 21:10:12 |     INFO | MarketingAdvantageAI | [Dedup Engine] Complete: 0 unique, 1 duplicates (100.00% reduction) | L1: 0, L2: 0, L3: 1
2026-03-02 21:10:12 |     INFO | MarketingAdvantageAI | [IngestionV2] Dedup complete for 96a689e8-3a61-4ec1-86c8-cb6e82c86e90: 0 unique, 1 duplicates, 100.00% reduction [L1=0, L2=0, L3=1]
2026-03-02 21:10:32 |  WARNING | MarketingAdvantageAI | [HealthMonitor] Unhealthy workers detected: conflict_detection (stalled, 399s since last run)
2026-03-02 21:10:32 |     INFO | MarketingAdvantageAI | [IngestionV2] Inserted 1 chunks into DB
2026-03-02 21:10:32 |     INFO | MarketingAdvantageAI | [IngestionV2] Inserted 1 chunks: 0 unique, 1 duplicates
2026-03-02 21:10:32 |     INFO | MarketingAdvantageAI | [IngestionV2] Calling _embed_and_store for 96a689e8-3a61-4ec1-86c8-cb6e82c86e90 with 1 chunks
2026-03-02 21:10:32 |     INFO | MarketingAdvantageAI | [AgenticValidation] No rows pending validation.
2026-03-02 21:10:32 |     INFO | MarketingAdvantageAI | [agentic_validation] ✅ Run complete | processed=0 | duration=15ms
2026-03-02 21:10:45 |     INFO | MarketingAdvantageAI | [IngestionV2] ✅ Batch 1: 1 vectors via chroma
2026-03-02 21:10:45 |     INFO | MarketingAdvantageAI | [IngestionV2] Stored 1 new vectors via chroma for 96a689e8-3a61-4ec1-86c8-cb6e82c86e90
2026-03-02 21:10:45 |     INFO | MarketingAdvantageAI | [IngestionV2] File 96a689e8-3a61-4ec1-86c8-cb6e82c86e90 → status=processed, chunks=0/1, dedup=100.00%
2026-03-02 21:10:45 |     INFO | MarketingAdvantageAI | [IngestionV2] Pipeline complete for 96a689e8-3a61-4ec1-86c8-cb6e82c86e90: 0/1 chunks stored (100.00% deduplication)
2026-03-02 21:10:45 |     INFO | MarketingAdvantageAI | [ImageIngestorV1] ✅ Completed image ingestion: 96a689e8-3a61-4ec1-86c8-cb6e82c86e90
2026-03-02 21:10:50 |     INFO | MarketingAdvantageAI | [ImageIngestorV1] 🖼️ Processing image: C:\Users\Pranavi\AppData\Local\Temp\tmp5cv_nqn6.jpeg
2026-03-02 21:10:50 |     INFO | MarketingAdvantageAI | [MediaHash] Image hash computed: 000000000000... (file: tmp5cv_nqn6.jpeg)
2026-03-02 21:10:54 |     INFO | MarketingAdvantageAI | [ImageIngestorV1] ✅ Unique image confirmed, proceeding with ingestion
2026-03-02 21:10:54 |     INFO | MarketingAdvantageAI | [ImageIngestorV1] Reusing existing file record: 96a689e8-3a61-4ec1-86c8-cb6e82c86e90
2026-03-02 21:11:00 |     INFO | MarketingAdvantageAI | [segmenter_v2] Added/Updated GCI entry 13231b4d...)
2026-03-02 21:11:00 |     INFO | MarketingAdvantageAI | [Dedup Engine] Starting 3-layer dedup for 1 chunks
2026-03-02 21:11:07 |     INFO | MarketingAdvantageAI | [Dedup Layer 3] Found in GCI: id=13231b4d-4216-400f-9706-9b559b977e4f, occurrences=3
2026-03-02 21:11:07 |     INFO | MarketingAdvantageAI | [Dedup L1+L3] Cross-file duplicate: hash=22b9ddbeb785..., occurrences=3
2026-03-02 21:11:07 |     INFO | MarketingAdvantageAI | [Dedup Engine] Complete: 0 unique, 1 duplicates (100.00% reduction) | L1: 0, L2: 0, L3: 1
2026-03-02 21:11:07 |     INFO | MarketingAdvantageAI | [IngestionV2] Dedup complete for 96a689e8-3a61-4ec1-86c8-cb6e82c86e90: 0 unique, 1 duplicates, 100.00% reduction [L1=0, L2=0, L3=1]
2026-03-02 21:11:07 |     INFO | MarketingAdvantageAI | [IngestionV2] Inserted 1 chunks into DB
2026-03-02 21:11:07 |     INFO | MarketingAdvantageAI | [IngestionV2] Inserted 1 chunks: 0 unique, 1 duplicates
2026-03-02 21:11:07 |     INFO | MarketingAdvantageAI | [IngestionV2] Calling _embed_and_store for 96a689e8-3a61-4ec1-86c8-cb6e82c86e90 with 1 chunks
2026-03-02 21:11:07 |     INFO | MarketingAdvantageAI | [IngestionV2] All hashes already in VectorDB for 96a689e8-3a61-4ec1-86c8-cb6e82c86e90
2026-03-02 21:11:11 |     INFO | MarketingAdvantageAI | [IngestionV2] File 96a689e8-3a61-4ec1-86c8-cb6e82c86e90 → status=processed, chunks=0/1, dedup=100.00%
2026-03-02 21:11:11 |     INFO | MarketingAdvantageAI | [IngestionV2] Pipeline complete for 96a689e8-3a61-4ec1-86c8-cb6e82c86e90: 0/1 chunks stored (100.00% deduplication)
2026-03-02 21:11:11 |     INFO | MarketingAdvantageAI | [ImageIngestorV1] ✅ Completed image ingestion: 96a689e8-3a61-4ec1-86c8-cb6e82c86e90
2026-03-02 21:11:17 |     INFO | MarketingAdvantageAI | [ImageIngestorV1] 🖼️ Processing image: C:\Users\Pranavi\AppData\Local\Temp\tmpnnxuo8ay.jpeg
2026-03-02 21:11:17 |     INFO | MarketingAdvantageAI | [MediaHash] Image hash computed: 1c403ca02d90... (file: tmpnnxuo8ay.jpeg)
2026-03-02 21:11:17 |     INFO | MarketingAdvantageAI | [ImageIngestorV1] ✅ Unique image confirmed, proceeding with ingestion
2026-03-02 21:11:17 |     INFO | MarketingAdvantageAI | [ImageIngestorV1] Reusing existing file record: 96a689e8-3a61-4ec1-86c8-cb6e82c86e90
2026-03-02 21:11:29 |     INFO | MarketingAdvantageAI | [segmenter_v2] Added/Updated GCI entry 13231b4d...)
2026-03-02 21:11:29 |     INFO | MarketingAdvantageAI | [Dedup Engine] Starting 3-layer dedup for 1 chunks
2026-03-02 21:11:29 |     INFO | MarketingAdvantageAI | [Dedup Layer 3] Found in GCI: id=13231b4d-4216-400f-9706-9b559b977e4f, occurrences=4
2026-03-02 21:11:29 |     INFO | MarketingAdvantageAI | [Dedup L1+L3] Cross-file duplicate: hash=22b9ddbeb785..., occurrences=4
2026-03-02 21:11:29 |     INFO | MarketingAdvantageAI | [Dedup Engine] Complete: 0 unique, 1 duplicates (100.00% reduction) | L1: 0, L2: 0, L3: 1
2026-03-02 21:11:29 |     INFO | MarketingAdvantageAI | [IngestionV2] Dedup complete for 96a689e8-3a61-4ec1-86c8-cb6e82c86e90: 0 unique, 1 duplicates, 100.00% reduction [L1=0, L2=0, L3=1]
2026-03-02 21:11:29 |     INFO | MarketingAdvantageAI | [IngestionV2] Inserted 1 chunks into DB
2026-03-02 21:11:29 |     INFO | MarketingAdvantageAI | [IngestionV2] Inserted 1 chunks: 0 unique, 1 duplicates
2026-03-02 21:11:29 |     INFO | MarketingAdvantageAI | [IngestionV2] Calling _embed_and_store for 96a689e8-3a61-4ec1-86c8-cb6e82c86e90 with 1 chunks
2026-03-02 21:11:35 |  WARNING | MarketingAdvantageAI | [HealthMonitor] Unhealthy workers detected: conflict_detection (stalled, 462s since last run)
2026-03-02 21:11:35 |     INFO | MarketingAdvantageAI | [AgenticValidation] Processing 3 chunks...
2026-03-02 21:11:35 |     INFO | MarketingAdvantageAI | [IngestionV2] All hashes already in VectorDB for 96a689e8-3a61-4ec1-86c8-cb6e82c86e90
2026-03-02 21:11:38 |     INFO | MarketingAdvantageAI | [IngestionV2] File 96a689e8-3a61-4ec1-86c8-cb6e82c86e90 → status=processed, chunks=0/1, dedup=100.00%
2026-03-02 21:11:38 |     INFO | MarketingAdvantageAI | [IngestionV2] Pipeline complete for 96a689e8-3a61-4ec1-86c8-cb6e82c86e90: 0/1 chunks stored (100.00% deduplication)
2026-03-02 21:11:38 |     INFO | MarketingAdvantageAI | [ImageIngestorV1] ✅ Completed image ingestion: 96a689e8-3a61-4ec1-86c8-cb6e82c86e90
2026-03-02 21:11:41 |     INFO | MarketingAdvantageAI | [ImageIngestorV1] 🖼️ Processing image: C:\Users\Pranavi\AppData\Local\Temp\tmpzgjfnrrz.jpeg
2026-03-02 21:11:41 |     INFO | MarketingAdvantageAI | [MediaHash] Image hash computed: e4fff3c70e7d... (file: tmpzgjfnrrz.jpeg)
2026-03-02 21:11:41 |  WARNING | MarketingAdvantageAI | [AgenticValidation] Quality warnings for 4373b57a-6a9b-457b-87e6-e8ed536e80ad: below_minimum_quality
2026-03-02 21:11:41 |  WARNING | MarketingAdvantageAI | [AgenticValidation] Quality warnings for b4bdd710-d0b9-48af-8636-d9799ed3eaa5: below_minimum_quality
2026-03-02 21:11:41 |  WARNING | MarketingAdvantageAI | [AgenticValidation] Quality warnings for da490bae-f1c3-411f-898e-d4a88fc05ce9: below_minimum_quality
2026-03-02 21:11:41 |     INFO | MarketingAdvantageAI | [ImageIngestorV1] ✅ Unique image confirmed, proceeding with ingestion
2026-03-02 21:11:41 |     INFO | MarketingAdvantageAI | [AgenticValidation] ✅ Complete: 3 succeeded, 0 failed in 6679.59ms
2026-03-02 21:11:41 |     INFO | MarketingAdvantageAI | [ImageIngestorV1] Reusing existing file record: 96a689e8-3a61-4ec1-86c8-cb6e82c86e90
2026-03-02 21:11:41 |     INFO | MarketingAdvantageAI | [agentic_validation] ✅ Run complete | processed=3 | duration=6683ms
2026-03-02 21:11:55 |     INFO | MarketingAdvantageAI | [segmenter_v2] Added/Updated GCI entry 13231b4d...)
2026-03-02 21:11:55 |     INFO | MarketingAdvantageAI | [Dedup Engine] Starting 3-layer dedup for 1 chunks
2026-03-02 21:11:55 |     INFO | MarketingAdvantageAI | [Dedup Layer 3] Found in GCI: id=13231b4d-4216-400f-9706-9b559b977e4f, occurrences=5
2026-03-02 21:11:55 |     INFO | MarketingAdvantageAI | [Dedup L1+L3] Cross-file duplicate: hash=22b9ddbeb785..., occurrences=5
2026-03-02 21:11:55 |     INFO | MarketingAdvantageAI | [Dedup Engine] Complete: 0 unique, 1 duplicates (100.00% reduction) | L1: 0, L2: 0, L3: 1
2026-03-02 21:11:55 |     INFO | MarketingAdvantageAI | [IngestionV2] Dedup complete for 96a689e8-3a61-4ec1-86c8-cb6e82c86e90: 0 unique, 1 duplicates, 100.00% reduction [L1=0, L2=0, L3=1]
2026-03-02 21:11:55 |     INFO | MarketingAdvantageAI | [IngestionV2] Inserted 1 chunks into DB
2026-03-02 21:11:55 |     INFO | MarketingAdvantageAI | [IngestionV2] Inserted 1 chunks: 0 unique, 1 duplicates
2026-03-02 21:11:55 |     INFO | MarketingAdvantageAI | [IngestionV2] Calling _embed_and_store for 96a689e8-3a61-4ec1-86c8-cb6e82c86e90 with 1 chunks
2026-03-02 21:12:08 |     INFO | MarketingAdvantageAI | [IngestionV2] All hashes already in VectorDB for 96a689e8-3a61-4ec1-86c8-cb6e82c86e90
2026-03-02 21:12:08 |     INFO | MarketingAdvantageAI | [IngestionV2] File 96a689e8-3a61-4ec1-86c8-cb6e82c86e90 → status=processed, chunks=0/1, dedup=100.00%
2026-03-02 21:12:08 |     INFO | MarketingAdvantageAI | [IngestionV2] Pipeline complete for 96a689e8-3a61-4ec1-86c8-cb6e82c86e90: 0/1 chunks stored (100.00% deduplication)
2026-03-02 21:12:08 |     INFO | MarketingAdvantageAI | [ImageIngestorV1] ✅ Completed image ingestion: 96a689e8-3a61-4ec1-86c8-cb6e82c86e90
2026-03-02 21:12:08 |     INFO | MarketingAdvantageAI | [ConflictEngine] ✅ Processed 30 chunks, found 0 conflicts in 375227.11ms
2026-03-02 21:12:08 |     INFO | MarketingAdvantageAI | [ImageIngestorV1] 🖼️ Processing image: C:\Users\Pranavi\AppData\Local\Temp\tmpf7_vna7l.png
2026-03-02 21:12:08 |     INFO | MarketingAdvantageAI | [MediaHash] Image hash computed: 000000000000... (file: tmpf7_vna7l.png)
2026-03-02 21:12:08 |     INFO | MarketingAdvantageAI | [conflict_detection] ✅ Run complete | processed=30 | duration=375245ms
2026-03-02 21:12:08 |     INFO | MarketingAdvantageAI | [ImageIngestorV1] ✅ Unique image confirmed, proceeding with ingestion
2026-03-02 21:12:08 |     INFO | MarketingAdvantageAI | [ImageIngestorV1] Reusing existing file record: 96a689e8-3a61-4ec1-86c8-cb6e82c86e90
2026-03-02 21:12:08 |     INFO | MarketingAdvantageAI | [TemporalRevalidation] ✅ Processed 41 chunks, 0 flagged as stale in 220835.29ms
2026-03-02 21:12:08 |     INFO | MarketingAdvantageAI | [temporal_revalidation] ✅ Run complete | processed=41 | duration=220837ms
2026-03-02 21:12:08 |     INFO | MarketingAdvantageAI | [segmenter_v2] Added/Updated GCI entry 13231b4d...)
2026-03-02 21:12:08 |     INFO | MarketingAdvantageAI | [Dedup Engine] Starting 3-layer dedup for 1 chunks
2026-03-02 21:12:08 |     INFO | MarketingAdvantageAI | [Dedup Layer 3] Found in GCI: id=13231b4d-4216-400f-9706-9b559b977e4f, occurrences=6
2026-03-02 21:12:08 |     INFO | MarketingAdvantageAI | [Dedup L1+L3] Cross-file duplicate: hash=22b9ddbeb785..., occurrences=6
2026-03-02 21:12:08 |     INFO | MarketingAdvantageAI | [Dedup Engine] Complete: 0 unique, 1 duplicates (100.00% reduction) | L1: 0, L2: 0, L3: 1
2026-03-02 21:12:08 |     INFO | MarketingAdvantageAI | [IngestionV2] Dedup complete for 96a689e8-3a61-4ec1-86c8-cb6e82c86e90: 0 unique, 1 duplicates, 100.00% reduction [L1=0, L2=0, L3=1]
2026-03-02 21:12:08 |     INFO | MarketingAdvantageAI | [IngestionV2] Inserted 1 chunks into DB
2026-03-02 21:12:08 |     INFO | MarketingAdvantageAI | [IngestionV2] Inserted 1 chunks: 0 unique, 1 duplicates
2026-03-02 21:12:08 |     INFO | MarketingAdvantageAI | [IngestionV2] Calling _embed_and_store for 96a689e8-3a61-4ec1-86c8-cb6e82c86e90 with 1 chunks
2026-03-02 21:12:08 |     INFO | MarketingAdvantageAI | [IngestionV2] All hashes already in VectorDB for 96a689e8-3a61-4ec1-86c8-cb6e82c86e90
2026-03-02 21:12:08 |     INFO | MarketingAdvantageAI | [IngestionV2] File 96a689e8-3a61-4ec1-86c8-cb6e82c86e90 → status=processed, chunks=0/1, dedup=100.00%
2026-03-02 21:12:08 |     INFO | MarketingAdvantageAI | [IngestionV2] Pipeline complete for 96a689e8-3a61-4ec1-86c8-cb6e82c86e90: 0/1 chunks stored (100.00% deduplication)
2026-03-02 21:12:08 |     INFO | MarketingAdvantageAI | [ImageIngestorV1] ✅ Completed image ingestion: 96a689e8-3a61-4ec1-86c8-cb6e82c86e90
2026-03-02 21:12:08 |     INFO | MarketingAdvantageAI | [ImageIngestorV1] 🖼️ Processing image: C:\Users\Pranavi\AppData\Local\Temp\tmp31hg3taz.png
2026-03-02 21:12:08 |     INFO | MarketingAdvantageAI | [MediaHash] Image hash computed: 000000000000... (file: tmp31hg3taz.png)
2026-03-02 21:12:08 |     INFO | MarketingAdvantageAI | [ImageIngestorV1] ✅ Unique image confirmed, proceeding with ingestion
2026-03-02 21:12:08 |     INFO | MarketingAdvantageAI | [ImageIngestorV1] Reusing existing file record: 96a689e8-3a61-4ec1-86c8-cb6e82c86e90
2026-03-02 21:12:08 |     INFO | MarketingAdvantageAI | [segmenter_v2] Added/Updated GCI entry 13231b4d...)
2026-03-02 21:12:08 |     INFO | MarketingAdvantageAI | [Dedup Engine] Starting 3-layer dedup for 1 chunks
2026-03-02 21:12:08 |     INFO | MarketingAdvantageAI | [Dedup Layer 3] Found in GCI: id=13231b4d-4216-400f-9706-9b559b977e4f, occurrences=7
2026-03-02 21:12:08 |     INFO | MarketingAdvantageAI | [Dedup L1+L3] Cross-file duplicate: hash=22b9ddbeb785..., occurrences=7
2026-03-02 21:12:08 |     INFO | MarketingAdvantageAI | [Dedup Engine] Complete: 0 unique, 1 duplicates (100.00% reduction) | L1: 0, L2: 0, L3: 1
2026-03-02 21:12:08 |     INFO | MarketingAdvantageAI | [IngestionV2] Dedup complete for 96a689e8-3a61-4ec1-86c8-cb6e82c86e90: 0 unique, 1 duplicates, 100.00% reduction [L1=0, L2=0, L3=1]
2026-03-02 21:12:08 |     INFO | MarketingAdvantageAI | [IngestionV2] Inserted 1 chunks into DB
2026-03-02 21:12:08 |     INFO | MarketingAdvantageAI | [IngestionV2] Inserted 1 chunks: 0 unique, 1 duplicates
2026-03-02 21:12:08 |     INFO | MarketingAdvantageAI | [IngestionV2] Calling _embed_and_store for 96a689e8-3a61-4ec1-86c8-cb6e82c86e90 with 1 chunks
2026-03-02 21:12:08 |     INFO | MarketingAdvantageAI | [IngestionV2] All hashes already in VectorDB for 96a689e8-3a61-4ec1-86c8-cb6e82c86e90
2026-03-02 21:12:08 |     INFO | MarketingAdvantageAI | [IngestionV2] File 96a689e8-3a61-4ec1-86c8-cb6e82c86e90 → status=processed, chunks=0/1, dedup=100.00%
2026-03-02 21:12:08 |     INFO | MarketingAdvantageAI | [IngestionV2] Pipeline complete for 96a689e8-3a61-4ec1-86c8-cb6e82c86e90: 0/1 chunks stored (100.00% deduplication)
2026-03-02 21:12:08 |     INFO | MarketingAdvantageAI | [ImageIngestorV1] ✅ Completed image ingestion: 96a689e8-3a61-4ec1-86c8-cb6e82c86e90
2026-03-02 21:12:08 |     INFO | MarketingAdvantageAI | [ImageIngestorV1] 🖼️ Processing image: C:\Users\Pranavi\AppData\Local\Temp\tmpv_anj798.png
2026-03-02 21:12:08 |     INFO | MarketingAdvantageAI | [MediaHash] Image hash computed: 000000000000... (file: tmpv_anj798.png)
2026-03-02 21:12:08 |     INFO | MarketingAdvantageAI | [ImageIngestorV1] ✅ Unique image confirmed, proceeding with ingestion
2026-03-02 21:12:08 |     INFO | MarketingAdvantageAI | [ImageIngestorV1] Reusing existing file record: 96a689e8-3a61-4ec1-86c8-cb6e82c86e90
2026-03-02 21:12:08 |     INFO | MarketingAdvantageAI | [segmenter_v2] Added/Updated GCI entry 13231b4d...)
2026-03-02 21:12:08 |     INFO | MarketingAdvantageAI | [Dedup Engine] Starting 3-layer dedup for 1 chunks
2026-03-02 21:12:08 |     INFO | MarketingAdvantageAI | [Dedup Layer 3] Found in GCI: id=13231b4d-4216-400f-9706-9b559b977e4f, occurrences=8
2026-03-02 21:12:08 |     INFO | MarketingAdvantageAI | [Dedup L1+L3] Cross-file duplicate: hash=22b9ddbeb785..., occurrences=8
2026-03-02 21:12:08 |     INFO | MarketingAdvantageAI | [Dedup Engine] Complete: 0 unique, 1 duplicates (100.00% reduction) | L1: 0, L2: 0, L3: 1
2026-03-02 21:12:08 |     INFO | MarketingAdvantageAI | [IngestionV2] Dedup complete for 96a689e8-3a61-4ec1-86c8-cb6e82c86e90: 0 unique, 1 duplicates, 100.00% reduction [L1=0, L2=0, L3=1]
2026-03-02 21:12:08 |     INFO | MarketingAdvantageAI | [IngestionV2] Inserted 1 chunks into DB
2026-03-02 21:12:08 |     INFO | MarketingAdvantageAI | [IngestionV2] Inserted 1 chunks: 0 unique, 1 duplicates
2026-03-02 21:12:08 |     INFO | MarketingAdvantageAI | [IngestionV2] Calling _embed_and_store for 96a689e8-3a61-4ec1-86c8-cb6e82c86e90 with 1 chunks
2026-03-02 21:12:08 |     INFO | MarketingAdvantageAI | [IngestionV2] All hashes already in VectorDB for 96a689e8-3a61-4ec1-86c8-cb6e82c86e90
2026-03-02 21:12:08 |     INFO | MarketingAdvantageAI | [IngestionV2] File 96a689e8-3a61-4ec1-86c8-cb6e82c86e90 → status=processed, chunks=0/1, dedup=100.00%
2026-03-02 21:12:08 |     INFO | MarketingAdvantageAI | [IngestionV2] Pipeline complete for 96a689e8-3a61-4ec1-86c8-cb6e82c86e90: 0/1 chunks stored (100.00% deduplication)
2026-03-02 21:12:08 |     INFO | MarketingAdvantageAI | [ImageIngestorV1] ✅ Completed image ingestion: 96a689e8-3a61-4ec1-86c8-cb6e82c86e90
2026-03-02 21:12:08 |     INFO | MarketingAdvantageAI | [ImageIngestorV1] 🖼️ Processing image: C:\Users\Pranavi\AppData\Local\Temp\tmpsjufq85m.png
2026-03-02 21:12:08 |     INFO | MarketingAdvantageAI | [MediaHash] Image hash computed: 000000000000... (file: tmpsjufq85m.png)
2026-03-02 21:12:08 |     INFO | MarketingAdvantageAI | [ImageIngestorV1] ✅ Unique image confirmed, proceeding with ingestion
2026-03-02 21:12:08 |     INFO | MarketingAdvantageAI | [ImageIngestorV1] Reusing existing file record: 96a689e8-3a61-4ec1-86c8-cb6e82c86e90
2026-03-02 21:12:08 |     INFO | MarketingAdvantageAI | [segmenter_v2] Added/Updated GCI entry 13231b4d...)
2026-03-02 21:12:08 |     INFO | MarketingAdvantageAI | [Dedup Engine] Starting 3-layer dedup for 1 chunks
2026-03-02 21:12:08 |     INFO | MarketingAdvantageAI | [Dedup Layer 3] Found in GCI: id=13231b4d-4216-400f-9706-9b559b977e4f, occurrences=9
2026-03-02 21:12:08 |     INFO | MarketingAdvantageAI | [Dedup L1+L3] Cross-file duplicate: hash=22b9ddbeb785..., occurrences=9
2026-03-02 21:12:08 |     INFO | MarketingAdvantageAI | [Dedup Engine] Complete: 0 unique, 1 duplicates (100.00% reduction) | L1: 0, L2: 0, L3: 1
2026-03-02 21:12:08 |     INFO | MarketingAdvantageAI | [IngestionV2] Dedup complete for 96a689e8-3a61-4ec1-86c8-cb6e82c86e90: 0 unique, 1 duplicates, 100.00% reduction [L1=0, L2=0, L3=1]
2026-03-02 21:12:08 |     INFO | MarketingAdvantageAI | [IngestionV2] Inserted 1 chunks into DB
2026-03-02 21:12:08 |     INFO | MarketingAdvantageAI | [IngestionV2] Inserted 1 chunks: 0 unique, 1 duplicates
2026-03-02 21:12:08 |     INFO | MarketingAdvantageAI | [IngestionV2] Calling _embed_and_store for 96a689e8-3a61-4ec1-86c8-cb6e82c86e90 with 1 chunks
2026-03-02 21:12:08 |     INFO | MarketingAdvantageAI | [IngestionV2] All hashes already in VectorDB for 96a689e8-3a61-4ec1-86c8-cb6e82c86e90
2026-03-02 21:12:08 |     INFO | MarketingAdvantageAI | [IngestionV2] File 96a689e8-3a61-4ec1-86c8-cb6e82c86e90 → status=processed, chunks=0/1, dedup=100.00%
2026-03-02 21:12:08 |     INFO | MarketingAdvantageAI | [IngestionV2] Pipeline complete for 96a689e8-3a61-4ec1-86c8-cb6e82c86e90: 0/1 chunks stored (100.00% deduplication)
2026-03-02 21:12:08 |     INFO | MarketingAdvantageAI | [ImageIngestorV1] ✅ Completed image ingestion: 96a689e8-3a61-4ec1-86c8-cb6e82c86e90
2026-03-02 21:12:08 |     INFO | MarketingAdvantageAI | [ImageIngestorV1] 🖼️ Processing image: C:\Users\Pranavi\AppData\Local\Temp\tmpqng9l0c2.png
2026-03-02 21:12:08 |     INFO | MarketingAdvantageAI | [MediaHash] Image hash computed: 000000000000... (file: tmpqng9l0c2.png)
2026-03-02 21:12:08 |     INFO | MarketingAdvantageAI | [ImageIngestorV1] ✅ Unique image confirmed, proceeding with ingestion
2026-03-02 21:12:08 |     INFO | MarketingAdvantageAI | [ImageIngestorV1] Reusing existing file record: 96a689e8-3a61-4ec1-86c8-cb6e82c86e90
2026-03-02 21:12:09 |     INFO | MarketingAdvantageAI | [segmenter_v2] Added/Updated GCI entry 13231b4d...)
2026-03-02 21:12:09 |     INFO | MarketingAdvantageAI | [Dedup Engine] Starting 3-layer dedup for 1 chunks
2026-03-02 21:12:09 |     INFO | MarketingAdvantageAI | [Dedup Layer 3] Found in GCI: id=13231b4d-4216-400f-9706-9b559b977e4f, occurrences=10
2026-03-02 21:12:09 |     INFO | MarketingAdvantageAI | [Dedup L1+L3] Cross-file duplicate: hash=22b9ddbeb785..., occurrences=10
2026-03-02 21:12:09 |     INFO | MarketingAdvantageAI | [Dedup Engine] Complete: 0 unique, 1 duplicates (100.00% reduction) | L1: 0, L2: 0, L3: 1
2026-03-02 21:12:09 |     INFO | MarketingAdvantageAI | [IngestionV2] Dedup complete for 96a689e8-3a61-4ec1-86c8-cb6e82c86e90: 0 unique, 1 duplicates, 100.00% reduction [L1=0, L2=0, L3=1]
2026-03-02 21:12:09 |     INFO | MarketingAdvantageAI | [IngestionV2] Inserted 1 chunks into DB
2026-03-02 21:12:09 |     INFO | MarketingAdvantageAI | [IngestionV2] Inserted 1 chunks: 0 unique, 1 duplicates
2026-03-02 21:12:09 |     INFO | MarketingAdvantageAI | [IngestionV2] Calling _embed_and_store for 96a689e8-3a61-4ec1-86c8-cb6e82c86e90 with 1 chunks
2026-03-02 21:12:09 |     INFO | MarketingAdvantageAI | [IngestionV2] All hashes already in VectorDB for 96a689e8-3a61-4ec1-86c8-cb6e82c86e90
2026-03-02 21:12:09 |     INFO | MarketingAdvantageAI | [IngestionV2] File 96a689e8-3a61-4ec1-86c8-cb6e82c86e90 → status=processed, chunks=0/1, dedup=100.00%
2026-03-02 21:12:09 |     INFO | MarketingAdvantageAI | [IngestionV2] Pipeline complete for 96a689e8-3a61-4ec1-86c8-cb6e82c86e90: 0/1 chunks stored (100.00% deduplication)
2026-03-02 21:12:09 |     INFO | MarketingAdvantageAI | [ImageIngestorV1] ✅ Completed image ingestion: 96a689e8-3a61-4ec1-86c8-cb6e82c86e90
2026-03-02 21:12:09 |     INFO | MarketingAdvantageAI | [ImageIngestorV1] 🖼️ Processing image: C:\Users\Pranavi\AppData\Local\Temp\tmp_d9e_2qx.png
2026-03-02 21:12:09 |     INFO | MarketingAdvantageAI | [MediaHash] Image hash computed: 000000000000... (file: tmp_d9e_2qx.png)
2026-03-02 21:12:09 |     INFO | MarketingAdvantageAI | [ImageIngestorV1] ✅ Unique image confirmed, proceeding with ingestion
2026-03-02 21:12:09 |     INFO | MarketingAdvantageAI | [ImageIngestorV1] Reusing existing file record: 96a689e8-3a61-4ec1-86c8-cb6e82c86e90
2026-03-02 21:12:09 |     INFO | MarketingAdvantageAI | [segmenter_v2] Added/Updated GCI entry 13231b4d...)
2026-03-02 21:12:09 |     INFO | MarketingAdvantageAI | [Dedup Engine] Starting 3-layer dedup for 1 chunks
2026-03-02 21:12:09 |     INFO | MarketingAdvantageAI | [Dedup Layer 3] Found in GCI: id=13231b4d-4216-400f-9706-9b559b977e4f, occurrences=11
2026-03-02 21:12:09 |     INFO | MarketingAdvantageAI | [Dedup L1+L3] Cross-file duplicate: hash=22b9ddbeb785..., occurrences=11
2026-03-02 21:12:09 |     INFO | MarketingAdvantageAI | [Dedup Engine] Complete: 0 unique, 1 duplicates (100.00% reduction) | L1: 0, L2: 0, L3: 1
2026-03-02 21:12:09 |     INFO | MarketingAdvantageAI | [IngestionV2] Dedup complete for 96a689e8-3a61-4ec1-86c8-cb6e82c86e90: 0 unique, 1 duplicates, 100.00% reduction [L1=0, L2=0, L3=1]
2026-03-02 21:12:09 |     INFO | MarketingAdvantageAI | [IngestionV2] Inserted 1 chunks into DB
2026-03-02 21:12:09 |     INFO | MarketingAdvantageAI | [IngestionV2] Inserted 1 chunks: 0 unique, 1 duplicates
2026-03-02 21:12:09 |     INFO | MarketingAdvantageAI | [IngestionV2] Calling _embed_and_store for 96a689e8-3a61-4ec1-86c8-cb6e82c86e90 with 1 chunks
2026-03-02 21:12:09 |     INFO | MarketingAdvantageAI | [IngestionV2] All hashes already in VectorDB for 96a689e8-3a61-4ec1-86c8-cb6e82c86e90
2026-03-02 21:12:09 |     INFO | MarketingAdvantageAI | [IngestionV2] File 96a689e8-3a61-4ec1-86c8-cb6e82c86e90 → status=processed, chunks=0/1, dedup=100.00%
2026-03-02 21:12:09 |     INFO | MarketingAdvantageAI | [IngestionV2] Pipeline complete for 96a689e8-3a61-4ec1-86c8-cb6e82c86e90: 0/1 chunks stored (100.00% deduplication)
2026-03-02 21:12:09 |     INFO | MarketingAdvantageAI | [ImageIngestorV1] ✅ Completed image ingestion: 96a689e8-3a61-4ec1-86c8-cb6e82c86e90
2026-03-02 21:12:09 |     INFO | MarketingAdvantageAI | [ImageIngestorV1] 🖼️ Processing image: C:\Users\Pranavi\AppData\Local\Temp\tmpoy0jynnp.jpeg
2026-03-02 21:12:09 |     INFO | MarketingAdvantageAI | [MediaHash] Image hash computed: 04d444508570... (file: tmpoy0jynnp.jpeg)
2026-03-02 21:12:09 |     INFO | MarketingAdvantageAI | [ImageIngestorV1] ✅ Unique image confirmed, proceeding with ingestion
2026-03-02 21:12:09 |     INFO | MarketingAdvantageAI | [ImageIngestorV1] Reusing existing file record: 96a689e8-3a61-4ec1-86c8-cb6e82c86e90
2026-03-02 21:12:09 |     INFO | MarketingAdvantageAI | [segmenter_v2] Added/Updated GCI entry 13231b4d...)
2026-03-02 21:12:09 |     INFO | MarketingAdvantageAI | [Dedup Engine] Starting 3-layer dedup for 1 chunks
2026-03-02 21:12:09 |     INFO | MarketingAdvantageAI | [Dedup Layer 3] Found in GCI: id=13231b4d-4216-400f-9706-9b559b977e4f, occurrences=12
2026-03-02 21:12:09 |     INFO | MarketingAdvantageAI | [Dedup L1+L3] Cross-file duplicate: hash=22b9ddbeb785..., occurrences=12
2026-03-02 21:12:09 |     INFO | MarketingAdvantageAI | [Dedup Engine] Complete: 0 unique, 1 duplicates (100.00% reduction) | L1: 0, L2: 0, L3: 1
2026-03-02 21:12:09 |     INFO | MarketingAdvantageAI | [IngestionV2] Dedup complete for 96a689e8-3a61-4ec1-86c8-cb6e82c86e90: 0 unique, 1 duplicates, 100.00% reduction [L1=0, L2=0, L3=1]
2026-03-02 21:12:09 |     INFO | MarketingAdvantageAI | [IngestionV2] Inserted 1 chunks into DB
2026-03-02 21:12:09 |     INFO | MarketingAdvantageAI | [IngestionV2] Inserted 1 chunks: 0 unique, 1 duplicates
2026-03-02 21:12:09 |     INFO | MarketingAdvantageAI | [IngestionV2] Calling _embed_and_store for 96a689e8-3a61-4ec1-86c8-cb6e82c86e90 with 1 chunks
2026-03-02 21:12:09 |     INFO | MarketingAdvantageAI | [IngestionV2] All hashes already in VectorDB for 96a689e8-3a61-4ec1-86c8-cb6e82c86e90
2026-03-02 21:12:09 |     INFO | MarketingAdvantageAI | [IngestionV2] File 96a689e8-3a61-4ec1-86c8-cb6e82c86e90 → status=processed, chunks=0/1, dedup=100.00%
2026-03-02 21:12:09 |     INFO | MarketingAdvantageAI | [IngestionV2] Pipeline complete for 96a689e8-3a61-4ec1-86c8-cb6e82c86e90: 0/1 chunks stored (100.00% deduplication)
2026-03-02 21:12:09 |     INFO | MarketingAdvantageAI | [ImageIngestorV1] ✅ Completed image ingestion: 96a689e8-3a61-4ec1-86c8-cb6e82c86e90
2026-03-02 21:12:09 |     INFO | MarketingAdvantageAI | [ImageIngestorV1] 🖼️ Processing image: C:\Users\Pranavi\AppData\Local\Temp\tmpaafj3io9.png
2026-03-02 21:12:09 |     INFO | MarketingAdvantageAI | [MediaHash] Image hash computed: 000000000000... (file: tmpaafj3io9.png)
2026-03-02 21:12:09 |     INFO | MarketingAdvantageAI | [ImageIngestorV1] ✅ Unique image confirmed, proceeding with ingestion
2026-03-02 21:12:09 |     INFO | MarketingAdvantageAI | [ImageIngestorV1] Reusing existing file record: 96a689e8-3a61-4ec1-86c8-cb6e82c86e90
2026-03-02 21:12:09 |     INFO | MarketingAdvantageAI | [segmenter_v2] Added/Updated GCI entry 13231b4d...)
2026-03-02 21:12:09 |     INFO | MarketingAdvantageAI | [Dedup Engine] Starting 3-layer dedup for 1 chunks
2026-03-02 21:12:09 |     INFO | MarketingAdvantageAI | [Dedup Layer 3] Found in GCI: id=13231b4d-4216-400f-9706-9b559b977e4f, occurrences=13
2026-03-02 21:12:09 |     INFO | MarketingAdvantageAI | [Dedup L1+L3] Cross-file duplicate: hash=22b9ddbeb785..., occurrences=13
2026-03-02 21:12:09 |     INFO | MarketingAdvantageAI | [Dedup Engine] Complete: 0 unique, 1 duplicates (100.00% reduction) | L1: 0, L2: 0, L3: 1
2026-03-02 21:12:09 |     INFO | MarketingAdvantageAI | [IngestionV2] Dedup complete for 96a689e8-3a61-4ec1-86c8-cb6e82c86e90: 0 unique, 1 duplicates, 100.00% reduction [L1=0, L2=0, L3=1]
2026-03-02 21:12:09 |     INFO | MarketingAdvantageAI | [IngestionV2] Inserted 1 chunks into DB
2026-03-02 21:12:09 |     INFO | MarketingAdvantageAI | [IngestionV2] Inserted 1 chunks: 0 unique, 1 duplicates
2026-03-02 21:12:09 |     INFO | MarketingAdvantageAI | [IngestionV2] Calling _embed_and_store for 96a689e8-3a61-4ec1-86c8-cb6e82c86e90 with 1 chunks
2026-03-02 21:12:09 |     INFO | MarketingAdvantageAI | [IngestionV2] All hashes already in VectorDB for 96a689e8-3a61-4ec1-86c8-cb6e82c86e90
2026-03-02 21:12:09 |     INFO | MarketingAdvantageAI | [IngestionV2] File 96a689e8-3a61-4ec1-86c8-cb6e82c86e90 → status=processed, chunks=0/1, dedup=100.00%
2026-03-02 21:12:09 |     INFO | MarketingAdvantageAI | [IngestionV2] Pipeline complete for 96a689e8-3a61-4ec1-86c8-cb6e82c86e90: 0/1 chunks stored (100.00% deduplication)
2026-03-02 21:12:09 |     INFO | MarketingAdvantageAI | [ImageIngestorV1] ✅ Completed image ingestion: 96a689e8-3a61-4ec1-86c8-cb6e82c86e90
2026-03-02 21:12:09 |     INFO | MarketingAdvantageAI | [ImageIngestorV1] 🖼️ Processing image: C:\Users\Pranavi\AppData\Local\Temp\tmpc58phzh0.png
2026-03-02 21:12:09 |     INFO | MarketingAdvantageAI | [MediaHash] Image hash computed: 000000000000... (file: tmpc58phzh0.png)
2026-03-02 21:12:09 |     INFO | MarketingAdvantageAI | [ImageIngestorV1] ✅ Unique image confirmed, proceeding with ingestion
2026-03-02 21:12:09 |     INFO | MarketingAdvantageAI | [ImageIngestorV1] Reusing existing file record: 96a689e8-3a61-4ec1-86c8-cb6e82c86e90
2026-03-02 21:12:09 |     INFO | MarketingAdvantageAI | [segmenter_v2] Added/Updated GCI entry 13231b4d...)
2026-03-02 21:12:09 |     INFO | MarketingAdvantageAI | [Dedup Engine] Starting 3-layer dedup for 1 chunks
2026-03-02 21:12:09 |     INFO | MarketingAdvantageAI | [Dedup Layer 3] Found in GCI: id=13231b4d-4216-400f-9706-9b559b977e4f, occurrences=14
2026-03-02 21:12:09 |     INFO | MarketingAdvantageAI | [Dedup L1+L3] Cross-file duplicate: hash=22b9ddbeb785..., occurrences=14
2026-03-02 21:12:09 |     INFO | MarketingAdvantageAI | [Dedup Engine] Complete: 0 unique, 1 duplicates (100.00% reduction) | L1: 0, L2: 0, L3: 1
2026-03-02 21:12:09 |     INFO | MarketingAdvantageAI | [IngestionV2] Dedup complete for 96a689e8-3a61-4ec1-86c8-cb6e82c86e90: 0 unique, 1 duplicates, 100.00% reduction [L1=0, L2=0, L3=1]
2026-03-02 21:12:09 |     INFO | MarketingAdvantageAI | [IngestionV2] Inserted 1 chunks into DB
2026-03-02 21:12:09 |     INFO | MarketingAdvantageAI | [IngestionV2] Inserted 1 chunks: 0 unique, 1 duplicates
2026-03-02 21:12:09 |     INFO | MarketingAdvantageAI | [IngestionV2] Calling _embed_and_store for 96a689e8-3a61-4ec1-86c8-cb6e82c86e90 with 1 chunks
2026-03-02 21:12:09 |     INFO | MarketingAdvantageAI | [IngestionV2] All hashes already in VectorDB for 96a689e8-3a61-4ec1-86c8-cb6e82c86e90
2026-03-02 21:12:09 |     INFO | MarketingAdvantageAI | [IngestionV2] File 96a689e8-3a61-4ec1-86c8-cb6e82c86e90 → status=processed, chunks=0/1, dedup=100.00%
2026-03-02 21:12:09 |     INFO | MarketingAdvantageAI | [IngestionV2] Pipeline complete for 96a689e8-3a61-4ec1-86c8-cb6e82c86e90: 0/1 chunks stored (100.00% deduplication)
2026-03-02 21:12:09 |     INFO | MarketingAdvantageAI | [ImageIngestorV1] ✅ Completed image ingestion: 96a689e8-3a61-4ec1-86c8-cb6e82c86e90
2026-03-02 21:12:09 |     INFO | MarketingAdvantageAI | [ImageIngestorV1] 🖼️ Processing image: C:\Users\Pranavi\AppData\Local\Temp\tmp2vbsobfc.png
2026-03-02 21:12:09 |     INFO | MarketingAdvantageAI | [MediaHash] Image hash computed: 000000000000... (file: tmp2vbsobfc.png)
2026-03-02 21:12:09 |     INFO | MarketingAdvantageAI | [ImageIngestorV1] ✅ Unique image confirmed, proceeding with ingestion
2026-03-02 21:12:09 |     INFO | MarketingAdvantageAI | [ImageIngestorV1] Reusing existing file record: 96a689e8-3a61-4ec1-86c8-cb6e82c86e90
2026-03-02 21:12:09 |     INFO | MarketingAdvantageAI | [segmenter_v2] Added/Updated GCI entry 13231b4d...)
2026-03-02 21:12:09 |     INFO | MarketingAdvantageAI | [Dedup Engine] Starting 3-layer dedup for 1 chunks
2026-03-02 21:12:09 |     INFO | MarketingAdvantageAI | [Dedup Layer 3] Found in GCI: id=13231b4d-4216-400f-9706-9b559b977e4f, occurrences=15
2026-03-02 21:12:09 |     INFO | MarketingAdvantageAI | [Dedup L1+L3] Cross-file duplicate: hash=22b9ddbeb785..., occurrences=15
2026-03-02 21:12:09 |     INFO | MarketingAdvantageAI | [Dedup Engine] Complete: 0 unique, 1 duplicates (100.00% reduction) | L1: 0, L2: 0, L3: 1
2026-03-02 21:12:09 |     INFO | MarketingAdvantageAI | [IngestionV2] Dedup complete for 96a689e8-3a61-4ec1-86c8-cb6e82c86e90: 0 unique, 1 duplicates, 100.00% reduction [L1=0, L2=0, L3=1]
2026-03-02 21:12:09 |     INFO | MarketingAdvantageAI | [IngestionV2] Inserted 1 chunks into DB
2026-03-02 21:12:09 |     INFO | MarketingAdvantageAI | [IngestionV2] Inserted 1 chunks: 0 unique, 1 duplicates
2026-03-02 21:12:09 |     INFO | MarketingAdvantageAI | [IngestionV2] Calling _embed_and_store for 96a689e8-3a61-4ec1-86c8-cb6e82c86e90 with 1 chunks
2026-03-02 21:12:09 |     INFO | MarketingAdvantageAI | [IngestionV2] All hashes already in VectorDB for 96a689e8-3a61-4ec1-86c8-cb6e82c86e90
2026-03-02 21:12:09 |     INFO | MarketingAdvantageAI | [IngestionV2] File 96a689e8-3a61-4ec1-86c8-cb6e82c86e90 → status=processed, chunks=0/1, dedup=100.00%
2026-03-02 21:12:09 |     INFO | MarketingAdvantageAI | [IngestionV2] Pipeline complete for 96a689e8-3a61-4ec1-86c8-cb6e82c86e90: 0/1 chunks stored (100.00% deduplication)
2026-03-02 21:12:09 |     INFO | MarketingAdvantageAI | [ImageIngestorV1] ✅ Completed image ingestion: 96a689e8-3a61-4ec1-86c8-cb6e82c86e90
2026-03-02 21:12:09 |     INFO | MarketingAdvantageAI | [ImageIngestorV1] 🖼️ Processing image: C:\Users\Pranavi\AppData\Local\Temp\tmpw6nmcqwd.png
2026-03-02 21:12:09 |     INFO | MarketingAdvantageAI | [MediaHash] Image hash computed: 000000000000... (file: tmpw6nmcqwd.png)
2026-03-02 21:12:09 |     INFO | MarketingAdvantageAI | [ImageIngestorV1] ✅ Unique image confirmed, proceeding with ingestion
2026-03-02 21:12:09 |     INFO | MarketingAdvantageAI | [ImageIngestorV1] Reusing existing file record: 96a689e8-3a61-4ec1-86c8-cb6e82c86e90
2026-03-02 21:12:10 |     INFO | MarketingAdvantageAI | [segmenter_v2] Added/Updated GCI entry 13231b4d...)
2026-03-02 21:12:10 |     INFO | MarketingAdvantageAI | [Dedup Engine] Starting 3-layer dedup for 1 chunks
2026-03-02 21:12:10 |     INFO | MarketingAdvantageAI | [Dedup Layer 3] Found in GCI: id=13231b4d-4216-400f-9706-9b559b977e4f, occurrences=16
2026-03-02 21:12:10 |     INFO | MarketingAdvantageAI | [Dedup L1+L3] Cross-file duplicate: hash=22b9ddbeb785..., occurrences=16
2026-03-02 21:12:10 |     INFO | MarketingAdvantageAI | [Dedup Engine] Complete: 0 unique, 1 duplicates (100.00% reduction) | L1: 0, L2: 0, L3: 1
2026-03-02 21:12:10 |     INFO | MarketingAdvantageAI | [IngestionV2] Dedup complete for 96a689e8-3a61-4ec1-86c8-cb6e82c86e90: 0 unique, 1 duplicates, 100.00% reduction [L1=0, L2=0, L3=1]
2026-03-02 21:12:10 |     INFO | MarketingAdvantageAI | [IngestionV2] Inserted 1 chunks into DB
2026-03-02 21:12:10 |     INFO | MarketingAdvantageAI | [IngestionV2] Inserted 1 chunks: 0 unique, 1 duplicates
2026-03-02 21:12:10 |     INFO | MarketingAdvantageAI | [IngestionV2] Calling _embed_and_store for 96a689e8-3a61-4ec1-86c8-cb6e82c86e90 with 1 chunks
2026-03-02 21:12:10 |     INFO | MarketingAdvantageAI | [IngestionV2] All hashes already in VectorDB for 96a689e8-3a61-4ec1-86c8-cb6e82c86e90
2026-03-02 21:12:10 |     INFO | MarketingAdvantageAI | [IngestionV2] File 96a689e8-3a61-4ec1-86c8-cb6e82c86e90 → status=processed, chunks=0/1, dedup=100.00%
2026-03-02 21:12:10 |     INFO | MarketingAdvantageAI | [IngestionV2] Pipeline complete for 96a689e8-3a61-4ec1-86c8-cb6e82c86e90: 0/1 chunks stored (100.00% deduplication)
2026-03-02 21:12:10 |     INFO | MarketingAdvantageAI | [ImageIngestorV1] ✅ Completed image ingestion: 96a689e8-3a61-4ec1-86c8-cb6e82c86e90
2026-03-02 21:12:10 |     INFO | MarketingAdvantageAI | [ImageIngestorV1] 🖼️ Processing image: C:\Users\Pranavi\AppData\Local\Temp\tmp67osrdtq.png
2026-03-02 21:12:10 |     INFO | MarketingAdvantageAI | [MediaHash] Image hash computed: 000000000000... (file: tmp67osrdtq.png)
2026-03-02 21:12:10 |     INFO | MarketingAdvantageAI | [ImageIngestorV1] ✅ Unique image confirmed, proceeding with ingestion
2026-03-02 21:12:10 |     INFO | MarketingAdvantageAI | [ImageIngestorV1] Reusing existing file record: 96a689e8-3a61-4ec1-86c8-cb6e82c86e90
2026-03-02 21:12:10 |     INFO | MarketingAdvantageAI | [segmenter_v2] Added/Updated GCI entry 13231b4d...)
2026-03-02 21:12:10 |     INFO | MarketingAdvantageAI | [Dedup Engine] Starting 3-layer dedup for 1 chunks
2026-03-02 21:12:10 |     INFO | MarketingAdvantageAI | [Dedup Layer 3] Found in GCI: id=13231b4d-4216-400f-9706-9b559b977e4f, occurrences=17
2026-03-02 21:12:10 |     INFO | MarketingAdvantageAI | [Dedup L1+L3] Cross-file duplicate: hash=22b9ddbeb785..., occurrences=17
2026-03-02 21:12:10 |     INFO | MarketingAdvantageAI | [Dedup Engine] Complete: 0 unique, 1 duplicates (100.00% reduction) | L1: 0, L2: 0, L3: 1
2026-03-02 21:12:10 |     INFO | MarketingAdvantageAI | [IngestionV2] Dedup complete for 96a689e8-3a61-4ec1-86c8-cb6e82c86e90: 0 unique, 1 duplicates, 100.00% reduction [L1=0, L2=0, L3=1]
2026-03-02 21:12:10 |     INFO | MarketingAdvantageAI | [IngestionV2] Inserted 1 chunks into DB
2026-03-02 21:12:10 |     INFO | MarketingAdvantageAI | [IngestionV2] Inserted 1 chunks: 0 unique, 1 duplicates
2026-03-02 21:12:10 |     INFO | MarketingAdvantageAI | [IngestionV2] Calling _embed_and_store for 96a689e8-3a61-4ec1-86c8-cb6e82c86e90 with 1 chunks
2026-03-02 21:12:10 |     INFO | MarketingAdvantageAI | [IngestionV2] All hashes already in VectorDB for 96a689e8-3a61-4ec1-86c8-cb6e82c86e90
2026-03-02 21:12:10 |     INFO | MarketingAdvantageAI | [IngestionV2] File 96a689e8-3a61-4ec1-86c8-cb6e82c86e90 → status=processed, chunks=0/1, dedup=100.00%
2026-03-02 21:12:10 |     INFO | MarketingAdvantageAI | [IngestionV2] Pipeline complete for 96a689e8-3a61-4ec1-86c8-cb6e82c86e90: 0/1 chunks stored (100.00% deduplication)
2026-03-02 21:12:10 |     INFO | MarketingAdvantageAI | [ImageIngestorV1] ✅ Completed image ingestion: 96a689e8-3a61-4ec1-86c8-cb6e82c86e90
2026-03-02 21:12:10 |     INFO | MarketingAdvantageAI | [ImageIngestorV1] 🖼️ Processing image: C:\Users\Pranavi\AppData\Local\Temp\tmp9ybdv3d_.png
2026-03-02 21:12:10 |     INFO | MarketingAdvantageAI | [MediaHash] Image hash computed: 000000000000... (file: tmp9ybdv3d_.png)
2026-03-02 21:12:10 |     INFO | MarketingAdvantageAI | [ImageIngestorV1] ✅ Unique image confirmed, proceeding with ingestion
2026-03-02 21:12:10 |     INFO | MarketingAdvantageAI | [ImageIngestorV1] Reusing existing file record: 96a689e8-3a61-4ec1-86c8-cb6e82c86e90
2026-03-02 21:12:10 |     INFO | MarketingAdvantageAI | [segmenter_v2] Added/Updated GCI entry 13231b4d...)
2026-03-02 21:12:10 |     INFO | MarketingAdvantageAI | [Dedup Engine] Starting 3-layer dedup for 1 chunks
2026-03-02 21:12:10 |     INFO | MarketingAdvantageAI | [Dedup Layer 3] Found in GCI: id=13231b4d-4216-400f-9706-9b559b977e4f, occurrences=18
2026-03-02 21:12:10 |     INFO | MarketingAdvantageAI | [Dedup L1+L3] Cross-file duplicate: hash=22b9ddbeb785..., occurrences=18
2026-03-02 21:12:10 |     INFO | MarketingAdvantageAI | [Dedup Engine] Complete: 0 unique, 1 duplicates (100.00% reduction) | L1: 0, L2: 0, L3: 1
2026-03-02 21:12:10 |     INFO | MarketingAdvantageAI | [IngestionV2] Dedup complete for 96a689e8-3a61-4ec1-86c8-cb6e82c86e90: 0 unique, 1 duplicates, 100.00% reduction [L1=0, L2=0, L3=1]
2026-03-02 21:12:10 |     INFO | MarketingAdvantageAI | [IngestionV2] Inserted 1 chunks into DB
2026-03-02 21:12:10 |     INFO | MarketingAdvantageAI | [IngestionV2] Inserted 1 chunks: 0 unique, 1 duplicates
2026-03-02 21:12:10 |     INFO | MarketingAdvantageAI | [IngestionV2] Calling _embed_and_store for 96a689e8-3a61-4ec1-86c8-cb6e82c86e90 with 1 chunks
2026-03-02 21:12:10 |     INFO | MarketingAdvantageAI | [IngestionV2] All hashes already in VectorDB for 96a689e8-3a61-4ec1-86c8-cb6e82c86e90
2026-03-02 21:12:10 |     INFO | MarketingAdvantageAI | [IngestionV2] File 96a689e8-3a61-4ec1-86c8-cb6e82c86e90 → status=processed, chunks=0/1, dedup=100.00%
2026-03-02 21:12:10 |     INFO | MarketingAdvantageAI | [IngestionV2] Pipeline complete for 96a689e8-3a61-4ec1-86c8-cb6e82c86e90: 0/1 chunks stored (100.00% deduplication)
2026-03-02 21:12:10 |     INFO | MarketingAdvantageAI | [ImageIngestorV1] ✅ Completed image ingestion: 96a689e8-3a61-4ec1-86c8-cb6e82c86e90
2026-03-02 21:12:10 |     INFO | MarketingAdvantageAI | [WatcherIngestorV2] ✅ Auto-ingested Crisil_51f9b7993eb3480bafbe787ddb3a0c8f.pdf: status=ingested
2026-03-02 21:12:35 |  WARNING | MarketingAdvantageAI | [HealthMonitor] Unhealthy workers detected: conflict_detection (stalled, 402s since last run)
2026-03-02 21:12:41 |     INFO | MarketingAdvantageAI | [AgenticValidation] Processing 14 chunks...
2026-03-02 21:12:41 |  WARNING | MarketingAdvantageAI | [AgenticValidation] Quality warnings for 33be46d0-cf68-4e1b-8468-5f4b18f78f7c: below_minimum_quality
2026-03-02 21:12:41 |  WARNING | MarketingAdvantageAI | [AgenticValidation] Quality warnings for 3e08ae10-2592-4bbd-b381-8a6b55011e87: below_minimum_quality
2026-03-02 21:12:41 |  WARNING | MarketingAdvantageAI | [AgenticValidation] Quality warnings for c76e0cf9-6e3c-461a-97bf-40aaa5a6db6c: below_minimum_quality
2026-03-02 21:12:41 |  WARNING | MarketingAdvantageAI | [AgenticValidation] Quality warnings for ee9f8065-c3d1-42b3-9599-9d995b10957d: below_minimum_quality
2026-03-02 21:12:41 |  WARNING | MarketingAdvantageAI | [AgenticValidation] Quality warnings for 66c5ba23-a702-429a-8218-cddbfdc5e3c2: below_minimum_quality
2026-03-02 21:12:41 |  WARNING | MarketingAdvantageAI | [AgenticValidation] Quality warnings for 68ef5141-4c39-4387-af8a-9cd042736985: below_minimum_quality
2026-03-02 21:12:41 |  WARNING | MarketingAdvantageAI | [AgenticValidation] Quality warnings for 1ead9e69-4a24-4885-a281-99ed3f8930db: below_minimum_quality
2026-03-02 21:12:41 |  WARNING | MarketingAdvantageAI | [AgenticValidation] Quality warnings for 335fd96b-7ce9-4615-914f-53f47bcf6158: below_minimum_quality
2026-03-02 21:12:41 |  WARNING | MarketingAdvantageAI | [AgenticValidation] Quality warnings for d54bdb5b-ac6f-4cd7-81d0-96ded09aab19: below_minimum_quality
2026-03-02 21:12:41 |  WARNING | MarketingAdvantageAI | [AgenticValidation] Quality warnings for ec8c95b1-a84d-48b6-856a-64c0ed9c5b29: below_minimum_quality
2026-03-02 21:12:41 |  WARNING | MarketingAdvantageAI | [AgenticValidation] Quality warnings for b7238f93-7317-491c-bbd3-e2787846ad41: below_minimum_quality
2026-03-02 21:12:41 |  WARNING | MarketingAdvantageAI | [AgenticValidation] Quality warnings for 007864e9-430d-4435-808b-50d29d548f1e: below_minimum_quality
2026-03-02 21:12:41 |  WARNING | MarketingAdvantageAI | [AgenticValidation] Quality warnings for 6e4d6345-b7d4-43da-80ec-42cb8ee08b75: below_minimum_quality
2026-03-02 21:12:41 |  WARNING | MarketingAdvantageAI | [AgenticValidation] Quality warnings for 68fc3944-b5c8-42c7-83ab-9009b9baa937: below_minimum_quality
2026-03-02 21:12:41 |     INFO | MarketingAdvantageAI | [AgenticValidation] ✅ Complete: 14 succeeded, 0 failed in 36.97ms
2026-03-02 21:12:41 |     INFO | MarketingAdvantageAI | [agentic_validation] ✅ Run complete | processed=14 | duration=37ms
2026-03-02 21:13:35 |  WARNING | MarketingAdvantageAI | [HealthMonitor] Unhealthy workers detected: conflict_detection (stalled, 462s since last run)
2026-03-02 21:13:41 |     INFO | MarketingAdvantageAI | [AgenticValidation] No rows pending validation.
2026-03-02 21:13:41 |     INFO | MarketingAdvantageAI | [agentic_validation] ✅ Run complete | processed=0 | duration=8ms
2026-03-02 21:14:08 |     INFO | MarketingAdvantageAI | [ConflictEngine] Processing 28 chunks...
2026-03-02 21:14:39 |  WARNING | MarketingAdvantageAI | [HealthMonitor] Unhealthy workers detected: conflict_detection (stalled, 526s since last run)
2026-03-02 21:14:50 |     INFO | MarketingAdvantageAI | [AgenticValidation] No rows pending validation.
2026-03-02 21:14:50 |     INFO | MarketingAdvantageAI | [agentic_validation] ✅ Run complete | processed=0 | duration=7730ms
2026-03-02 21:15:40 |  WARNING | MarketingAdvantageAI | [HealthMonitor] Unhealthy workers detected: conflict_detection (stalled, 587s since last run)
2026-03-02 21:15:50 |     INFO | MarketingAdvantageAI | [ConflictEngine] ✅ Processed 28 chunks, found 0 conflicts in 102015.54ms
2026-03-02 21:15:50 |     INFO | MarketingAdvantageAI | [conflict_detection] ✅ Run complete | processed=28 | duration=102017ms
2026-03-02 21:15:50 |     INFO | MarketingAdvantageAI | [AgenticValidation] No rows pending validation.
2026-03-02 21:15:50 |     INFO | MarketingAdvantageAI | [agentic_validation] ✅ Run complete | processed=0 | duration=5ms
2026-03-02 21:16:50 |     INFO | MarketingAdvantageAI | [AgenticValidation] No rows pending validation.
2026-03-02 21:16:50 |     INFO | MarketingAdvantageAI | [agentic_validation] ✅ Run complete | processed=0 | duration=5ms
2026-03-02 21:17:08 |     INFO | MarketingAdvantageAI | [TemporalRevalidation] Processing 17 chunks...
2026-03-02 21:17:08 |     INFO | MarketingAdvantageAI | [TemporalRevalidation] ✅ Processed 17 chunks, 0 flagged as stale in 56.20ms
2026-03-02 21:17:08 |     INFO | MarketingAdvantageAI | [temporal_revalidation] ✅ Run complete | processed=17 | duration=57ms
2026-03-02 21:17:50 |     INFO | MarketingAdvantageAI | [ConflictEngine] No rows pending conflict analysis.
2026-03-02 21:17:50 |     INFO | MarketingAdvantageAI | [conflict_detection] ✅ Run complete | processed=0 | duration=5ms
2026-03-02 21:17:50 |     INFO | MarketingAdvantageAI | [AgenticValidation] No rows pending validation.
2026-03-02 21:17:50 |     INFO | MarketingAdvantageAI | [agentic_validation] ✅ Run complete | processed=0 | duration=5ms
2026-03-02 21:18:50 |     INFO | MarketingAdvantageAI | [AgenticValidation] No rows pending validation.
2026-03-02 21:18:50 |     INFO | MarketingAdvantageAI | [agentic_validation] ✅ Run complete | processed=0 | duration=6ms
2026-03-02 21:19:50 |     INFO | MarketingAdvantageAI | [ConflictEngine] No rows pending conflict analysis.
2026-03-02 21:19:50 |     INFO | MarketingAdvantageAI | [conflict_detection] ✅ Run complete | processed=0 | duration=5ms
2026-03-02 21:19:50 |     INFO | MarketingAdvantageAI | [AgenticValidation] No rows pending validation.
2026-03-02 21:19:50 |     INFO | MarketingAdvantageAI | [agentic_validation] ✅ Run complete | processed=0 | duration=5ms
2026-03-02 21:20:50 |     INFO | MarketingAdvantageAI | [AgenticValidation] No rows pending validation.
2026-03-02 21:20:50 |     INFO | MarketingAdvantageAI | [agentic_validation] ✅ Run complete | processed=0 | duration=4ms
2026-03-02 21:21:50 |     INFO | MarketingAdvantageAI | [ConflictEngine] No rows pending conflict analysis.
2026-03-02 21:21:50 |     INFO | MarketingAdvantageAI | [conflict_detection] ✅ Run complete | processed=0 | duration=4ms
2026-03-02 21:21:50 |     INFO | MarketingAdvantageAI | [AgenticValidation] No rows pending validation.
2026-03-02 21:21:50 |     INFO | MarketingAdvantageAI | [agentic_validation] ✅ Run complete | processed=0 | duration=3ms
2026-03-02 21:22:08 |     INFO | MarketingAdvantageAI | [TemporalRevalidation] No rows pending temporal review.
2026-03-02 21:22:08 |     INFO | MarketingAdvantageAI | [temporal_revalidation] ✅ Run complete | processed=0 | duration=14ms
2026-03-02 21:22:50 |     INFO | MarketingAdvantageAI | [AgenticValidation] No rows pending validation.
2026-03-02 21:22:50 |     INFO | MarketingAdvantageAI | [agentic_validation] ✅ Run complete | processed=0 | duration=4ms
2026-03-02 21:23:50 |     INFO | MarketingAdvantageAI | [ConflictEngine] No rows pending conflict analysis.
2026-03-02 21:23:50 |     INFO | MarketingAdvantageAI | [conflict_detection] ✅ Run complete | processed=0 | duration=4ms
2026-03-02 21:23:50 |     INFO | MarketingAdvantageAI | [AgenticValidation] No rows pending validation.
2026-03-02 21:23:50 |     INFO | MarketingAdvantageAI | [agentic_validation] ✅ Run complete | processed=0 | duration=5ms
2026-03-02 21:24:50 |     INFO | MarketingAdvantageAI | [AgenticValidation] No rows pending validation.
2026-03-02 21:24:50 |     INFO | MarketingAdvantageAI | [agentic_validation] ✅ Run complete | processed=0 | duration=5ms
2026-03-02 21:25:50 |     INFO | MarketingAdvantageAI | [ConflictEngine] No rows pending conflict analysis.
2026-03-02 21:25:50 |     INFO | MarketingAdvantageAI | [conflict_detection] ✅ Run complete | processed=0 | duration=6ms
2026-03-02 21:25:50 |     INFO | MarketingAdvantageAI | [AgenticValidation] No rows pending validation.
2026-03-02 21:25:50 |     INFO | MarketingAdvantageAI | [agentic_validation] ✅ Run complete | processed=0 | duration=5ms
2026-03-02 21:26:50 |     INFO | MarketingAdvantageAI | [AgenticValidation] No rows pending validation.
2026-03-02 21:26:50 |     INFO | MarketingAdvantageAI | [agentic_validation] ✅ Run complete | processed=0 | duration=5ms
2026-03-02 21:27:08 |     INFO | MarketingAdvantageAI | [TemporalRevalidation] No rows pending temporal review.
2026-03-02 21:27:08 |     INFO | MarketingAdvantageAI | [temporal_revalidation] ✅ Run complete | processed=0 | duration=5ms
2026-03-02 21:27:50 |     INFO | MarketingAdvantageAI | [ConflictEngine] No rows pending conflict analysis.
2026-03-02 21:27:50 |     INFO | MarketingAdvantageAI | [conflict_detection] ✅ Run complete | processed=0 | duration=5ms
2026-03-02 21:27:50 |     INFO | MarketingAdvantageAI | [AgenticValidation] No rows pending validation.
2026-03-02 21:27:50 |     INFO | MarketingAdvantageAI | [agentic_validation] ✅ Run complete | processed=0 | duration=5ms
2026-03-02 21:28:50 |     INFO | MarketingAdvantageAI | [AgenticValidation] No rows pending validation.
2026-03-02 21:28:50 |     INFO | MarketingAdvantageAI | [agentic_validation] ✅ Run complete | processed=0 | duration=6ms
2026-03-02 21:29:50 |     INFO | MarketingAdvantageAI | [ConflictEngine] No rows pending conflict analysis.
2026-03-02 21:29:50 |     INFO | MarketingAdvantageAI | [conflict_detection] ✅ Run complete | processed=0 | duration=64ms
2026-03-02 21:29:50 |     INFO | MarketingAdvantageAI | [AgenticValidation] No rows pending validation.
2026-03-02 21:29:50 |     INFO | MarketingAdvantageAI | [agentic_validation] ✅ Run complete | processed=0 | duration=63ms
2026-03-02 21:30:50 |     INFO | MarketingAdvantageAI | [AgenticValidation] No rows pending validation.
2026-03-02 21:30:50 |     INFO | MarketingAdvantageAI | [agentic_validation] ✅ Run complete | processed=0 | duration=67ms
2026-03-02 21:31:50 |     INFO | MarketingAdvantageAI | [ConflictEngine] No rows pending conflict analysis.
2026-03-02 21:31:50 |     INFO | MarketingAdvantageAI | [conflict_detection] ✅ Run complete | processed=0 | duration=61ms
2026-03-02 21:31:50 |     INFO | MarketingAdvantageAI | [AgenticValidation] No rows pending validation.
2026-03-02 21:31:50 |     INFO | MarketingAdvantageAI | [agentic_validation] ✅ Run complete | processed=0 | duration=5ms
2026-03-02 21:32:08 |     INFO | MarketingAdvantageAI | [TemporalRevalidation] No rows pending temporal review.
2026-03-02 21:32:08 |     INFO | MarketingAdvantageAI | [temporal_revalidation] ✅ Run complete | processed=0 | duration=5ms
2026-03-02 21:32:50 |     INFO | MarketingAdvantageAI | [AgenticValidation] No rows pending validation.
2026-03-02 21:32:50 |     INFO | MarketingAdvantageAI | [agentic_validation] ✅ Run complete | processed=0 | duration=4ms
2026-03-02 21:33:50 |     INFO | MarketingAdvantageAI | [ConflictEngine] No rows pending conflict analysis.
2026-03-02 21:33:50 |     INFO | MarketingAdvantageAI | [conflict_detection] ✅ Run complete | processed=0 | duration=4ms
2026-03-02 21:33:50 |     INFO | MarketingAdvantageAI | [AgenticValidation] No rows pending validation.
2026-03-02 21:33:50 |     INFO | MarketingAdvantageAI | [agentic_validation] ✅ Run complete | processed=0 | duration=4ms
2026-03-02 21:34:50 |     INFO | MarketingAdvantageAI | [AgenticValidation] No rows pending validation.
2026-03-02 21:34:50 |     INFO | MarketingAdvantageAI | [agentic_validation] ✅ Run complete | processed=0 | duration=5ms
2026-03-02 21:35:50 |     INFO | MarketingAdvantageAI | [ConflictEngine] No rows pending conflict analysis.
2026-03-02 21:35:50 |     INFO | MarketingAdvantageAI | [conflict_detection] ✅ Run complete | processed=0 | duration=5ms
2026-03-02 21:35:50 |     INFO | MarketingAdvantageAI | [AgenticValidation] No rows pending validation.
2026-03-02 21:35:50 |     INFO | MarketingAdvantageAI | [agentic_validation] ✅ Run complete | processed=0 | duration=6ms
2026-03-02 21:36:51 |     INFO | MarketingAdvantageAI | [AgenticValidation] No rows pending validation.
2026-03-02 21:36:51 |     INFO | MarketingAdvantageAI | [agentic_validation] ✅ Run complete | processed=0 | duration=6ms
2026-03-02 21:37:08 |     INFO | MarketingAdvantageAI | [TemporalRevalidation] No rows pending temporal review.
2026-03-02 21:37:08 |     INFO | MarketingAdvantageAI | [temporal_revalidation] ✅ Run complete | processed=0 | duration=7ms
2026-03-02 21:37:50 |     INFO | MarketingAdvantageAI | [ConflictEngine] No rows pending conflict analysis.
2026-03-02 21:37:50 |     INFO | MarketingAdvantageAI | [conflict_detection] ✅ Run complete | processed=0 | duration=4ms
2026-03-02 21:37:51 |     INFO | MarketingAdvantageAI | [AgenticValidation] No rows pending validation.
2026-03-02 21:37:51 |     INFO | MarketingAdvantageAI | [agentic_validation] ✅ Run complete | processed=0 | duration=5ms
2026-03-02 21:38:51 |     INFO | MarketingAdvantageAI | [AgenticValidation] No rows pending validation.
2026-03-02 21:38:51 |     INFO | MarketingAdvantageAI | [agentic_validation] ✅ Run complete | processed=0 | duration=5ms
2026-03-02 21:39:50 |     INFO | MarketingAdvantageAI | [ConflictEngine] No rows pending conflict analysis.
2026-03-02 21:39:50 |     INFO | MarketingAdvantageAI | [conflict_detection] ✅ Run complete | processed=0 | duration=6ms
2026-03-02 21:39:51 |     INFO | MarketingAdvantageAI | [AgenticValidation] No rows pending validation.
2026-03-02 21:39:51 |     INFO | MarketingAdvantageAI | [agentic_validation] ✅ Run complete | processed=0 | duration=5ms
2026-03-02 21:40:51 |     INFO | MarketingAdvantageAI | [AgenticValidation] No rows pending validation.
2026-03-02 21:40:51 |     INFO | MarketingAdvantageAI | [agentic_validation] ✅ Run complete | processed=0 | duration=6ms
2026-03-02 21:41:50 |     INFO | MarketingAdvantageAI | [ConflictEngine] No rows pending conflict analysis.
2026-03-02 21:41:50 |     INFO | MarketingAdvantageAI | [conflict_detection] ✅ Run complete | processed=0 | duration=5ms
2026-03-02 21:41:51 |     INFO | MarketingAdvantageAI | [AgenticValidation] No rows pending validation.
2026-03-02 21:41:51 |     INFO | MarketingAdvantageAI | [agentic_validation] ✅ Run complete | processed=0 | duration=6ms
2026-03-02 21:42:08 |     INFO | MarketingAdvantageAI | [TemporalRevalidation] No rows pending temporal review.
2026-03-02 21:42:08 |     INFO | MarketingAdvantageAI | [temporal_revalidation] ✅ Run complete | processed=0 | duration=6ms
2026-03-02 21:42:51 |     INFO | MarketingAdvantageAI | [AgenticValidation] No rows pending validation.
2026-03-02 21:42:51 |     INFO | MarketingAdvantageAI | [agentic_validation] ✅ Run complete | processed=0 | duration=5ms
2026-03-02 21:43:50 |     INFO | MarketingAdvantageAI | [ConflictEngine] No rows pending conflict analysis.
2026-03-02 21:43:50 |     INFO | MarketingAdvantageAI | [conflict_detection] ✅ Run complete | processed=0 | duration=5ms
2026-03-02 21:43:51 |     INFO | MarketingAdvantageAI | [AgenticValidation] No rows pending validation.
2026-03-02 21:43:51 |     INFO | MarketingAdvantageAI | [agentic_validation] ✅ Run complete | processed=0 | duration=5ms
2026-03-02 21:44:51 |     INFO | MarketingAdvantageAI | [AgenticValidation] No rows pending validation.
2026-03-02 21:44:51 |     INFO | MarketingAdvantageAI | [agentic_validation] ✅ Run complete | processed=0 | duration=5ms
2026-03-02 21:45:50 |     INFO | MarketingAdvantageAI | [ConflictEngine] No rows pending conflict analysis.
2026-03-02 21:45:50 |     INFO | MarketingAdvantageAI | [conflict_detection] ✅ Run complete | processed=0 | duration=5ms
2026-03-02 21:45:51 |     INFO | MarketingAdvantageAI | [AgenticValidation] No rows pending validation.
2026-03-02 21:45:51 |     INFO | MarketingAdvantageAI | [agentic_validation] ✅ Run complete | processed=0 | duration=4ms
2026-03-02 21:46:51 |     INFO | MarketingAdvantageAI | [AgenticValidation] No rows pending validation.
2026-03-02 21:46:51 |     INFO | MarketingAdvantageAI | [agentic_validation] ✅ Run complete | processed=0 | duration=4ms
2026-03-02 21:47:08 |     INFO | MarketingAdvantageAI | [TemporalRevalidation] No rows pending temporal review.
2026-03-02 21:47:08 |     INFO | MarketingAdvantageAI | [temporal_revalidation] ✅ Run complete | processed=0 | duration=5ms
2026-03-02 21:47:50 |     INFO | MarketingAdvantageAI | [ConflictEngine] No rows pending conflict analysis.
2026-03-02 21:47:50 |     INFO | MarketingAdvantageAI | [conflict_detection] ✅ Run complete | processed=0 | duration=5ms
2026-03-02 21:47:51 |     INFO | MarketingAdvantageAI | [AgenticValidation] No rows pending validation.
2026-03-02 21:47:51 |     INFO | MarketingAdvantageAI | [agentic_validation] ✅ Run complete | processed=0 | duration=4ms
2026-03-02 21:48:51 |     INFO | MarketingAdvantageAI | [AgenticValidation] No rows pending validation.
2026-03-02 21:48:51 |     INFO | MarketingAdvantageAI | [agentic_validation] ✅ Run complete | processed=0 | duration=5ms
2026-03-02 21:49:50 |     INFO | MarketingAdvantageAI | [ConflictEngine] No rows pending conflict analysis.
2026-03-02 21:49:50 |     INFO | MarketingAdvantageAI | [conflict_detection] ✅ Run complete | processed=0 | duration=3ms
2026-03-02 21:49:51 |     INFO | MarketingAdvantageAI | [AgenticValidation] No rows pending validation.
2026-03-02 21:49:51 |     INFO | MarketingAdvantageAI | [agentic_validation] ✅ Run complete | processed=0 | duration=5ms
2026-03-02 21:50:51 |     INFO | MarketingAdvantageAI | [AgenticValidation] No rows pending validation.
2026-03-02 21:50:51 |     INFO | MarketingAdvantageAI | [agentic_validation] ✅ Run complete | processed=0 | duration=5ms
2026-03-02 21:51:50 |     INFO | MarketingAdvantageAI | [ConflictEngine] No rows pending conflict analysis.
2026-03-02 21:51:50 |     INFO | MarketingAdvantageAI | [conflict_detection] ✅ Run complete | processed=0 | duration=8ms
2026-03-02 21:51:51 |     INFO | MarketingAdvantageAI | [AgenticValidation] No rows pending validation.
2026-03-02 21:51:51 |     INFO | MarketingAdvantageAI | [agentic_validation] ✅ Run complete | processed=0 | duration=5ms
2026-03-02 21:52:08 |     INFO | MarketingAdvantageAI | [TemporalRevalidation] No rows pending temporal review.
2026-03-02 21:52:08 |     INFO | MarketingAdvantageAI | [temporal_revalidation] ✅ Run complete | processed=0 | duration=15ms
2026-03-02 21:52:51 |     INFO | MarketingAdvantageAI | [AgenticValidation] No rows pending validation.
2026-03-02 21:52:51 |     INFO | MarketingAdvantageAI | [agentic_validation] ✅ Run complete | processed=0 | duration=4ms
2026-03-02 21:53:50 |     INFO | MarketingAdvantageAI | [ConflictEngine] No rows pending conflict analysis.
2026-03-02 21:53:50 |     INFO | MarketingAdvantageAI | [conflict_detection] ✅ Run complete | processed=0 | duration=4ms
2026-03-02 21:53:51 |     INFO | MarketingAdvantageAI | [AgenticValidation] No rows pending validation.
2026-03-02 21:53:51 |     INFO | MarketingAdvantageAI | [agentic_validation] ✅ Run complete | processed=0 | duration=5ms
2026-03-02 21:54:51 |     INFO | MarketingAdvantageAI | [AgenticValidation] No rows pending validation.
2026-03-02 21:54:51 |     INFO | MarketingAdvantageAI | [agentic_validation] ✅ Run complete | processed=0 | duration=4ms
2026-03-02 21:55:50 |     INFO | MarketingAdvantageAI | [ConflictEngine] No rows pending conflict analysis.
2026-03-02 21:55:50 |     INFO | MarketingAdvantageAI | [conflict_detection] ✅ Run complete | processed=0 | duration=5ms
2026-03-02 21:55:51 |     INFO | MarketingAdvantageAI | [AgenticValidation] No rows pending validation.
2026-03-02 21:55:51 |     INFO | MarketingAdvantageAI | [agentic_validation] ✅ Run complete | processed=0 | duration=6ms
2026-03-02 21:56:51 |     INFO | MarketingAdvantageAI | [AgenticValidation] No rows pending validation.
2026-03-02 21:56:51 |     INFO | MarketingAdvantageAI | [agentic_validation] ✅ Run complete | processed=0 | duration=6ms
2026-03-02 21:56:53 |     INFO | MarketingAdvantageAI | [Scheduler] Initiating graceful shutdown...
2026-03-02 21:56:53 |     INFO | MarketingAdvantageAI | [temporal_revalidation] Worker stopped
2026-03-02 21:56:53 |     INFO | MarketingAdvantageAI | [conflict_detection] Worker stopped
2026-03-02 21:56:53 |     INFO | MarketingAdvantageAI | [HealthMonitor] Health monitor stopped
2026-03-02 21:56:53 |     INFO | MarketingAdvantageAI | [agentic_validation] Worker stopped
2026-03-02 21:56:53 |     INFO | MarketingAdvantageAI | [Scheduler] All tasks completed gracefully
2026-03-02 21:56:53 |     INFO | MarketingAdvantageAI | [Scheduler] Scheduler stopped
